sample_id,label_name,used,split,max_abs_z,z_reasons,iforest_score,iforest_flag
train/Malignant/ISPY2-155171/p-120,Malignant,True,train,22.547076088959983,aspect_ratio(z=+22.5),0.5386939652878443,False
train/Malignant/ISPY2-953262/p-114,Malignant,True,train,18.169379171332153,hf_energy_frac(z=+18.2),0.5741836738067775,False
train/Malignant/ISPY2-573586/p-124,Malignant,True,train,17.612243045829604,"hf_energy_frac(z=+17.6),aspect_ratio(z=+7.2)",0.6003964439571621,True
val/Malignant/ACRIN-6698-805136/p-018,Malignant,True,val,15.283139445410365,aspect_ratio(z=+15.3),0.5204672206095717,False
train/Malignant/ISPY2-229824/p-112,Malignant,True,train,14.519533696757554,hf_energy_frac(z=+14.5),0.5636746337322074,False
val/Malignant/ACRIN-6698-805136/p-017,Malignant,True,val,14.139151551560571,aspect_ratio(z=+14.1),0.5279331088137922,False
val/Malignant/ISPY2-930853/p-026,Malignant,True,val,14.041646245160734,"contrast(z=-3.6),entropy(z=-6.0),dynamic_range(z=-5.5),snr(z=+14.0)",0.6893768667577119,True
val/Malignant/ISPY2-859699/p-100,Malignant,True,val,13.655677955578987,hf_energy_frac(z=+13.7),0.525539294446507,False
train/Malignant/ISPY2-559021/p-131,Malignant,True,train,13.551698308772838,aspect_ratio(z=+13.6),0.5305494833049513,False
val/Malignant/ISPY2-910188/p-135,Malignant,True,val,13.337481838502647,hf_energy_frac(z=+13.3),0.5819829511792752,True
train/Malignant/ISPY2-282082/p-031,Malignant,True,train,12.850023936734997,hf_energy_frac(z=+12.9),0.5456172793147422,False
train/Malignant/ISPY2-414286/p-099,Malignant,True,train,12.686756309121094,hf_energy_frac(z=+12.7),0.5201897690919041,False
train/Malignant/ACRIN-6698-275034/p-034,Malignant,True,train,12.525683784964455,snr(z=+12.5),0.4944377828030579,False
train/Malignant/ISPY2-924812/p-129,Malignant,True,train,12.502808669429186,hf_energy_frac(z=+12.5),0.5672571976779187,False
train/Malignant/ACRIN-6698-900959/p-072,Malignant,True,train,12.490861809361416,entropy(z=-12.5),0.5867712046639014,True
train/Malignant/ISPY2-955953/p-027,Malignant,True,train,12.441906496349082,entropy(z=-12.4),0.6195553146501437,True
train/Malignant/ACRIN-6698-275034/p-033,Malignant,True,train,12.318958965570847,snr(z=+12.3),0.49497690878688094,False
train/Malignant/ACRIN-6698-275034/p-030,Malignant,True,train,12.246349052639923,snr(z=+12.2),0.4914413985286136,False
train/Malignant/ACRIN-6698-275034/p-037,Malignant,True,train,12.198411656576988,snr(z=+12.2),0.4950838692613086,False
train/Malignant/ACRIN-6698-275034/p-036,Malignant,True,train,12.09577150523635,snr(z=+12.1),0.49544072935831324,False
train/Malignant/ACRIN-6698-275034/p-038,Malignant,True,train,12.094580103671964,snr(z=+12.1),0.4936493288318054,False
val/Malignant/ISPY2-859699/p-083,Malignant,True,val,12.044804082437292,hf_energy_frac(z=+12.0),0.511427373393086,False
train/Malignant/ISPY2-109980/p-022,Malignant,True,train,11.99190866412955,aspect_ratio(z=+12.0),0.5612343580920834,False
train/Malignant/ACRIN-6698-900959/p-073,Malignant,True,train,11.936211893676006,"entropy(z=-11.9),snr(z=+3.9)",0.6059221938558953,True
train/Malignant/ACRIN-6698-275034/p-035,Malignant,True,train,11.919248426626668,snr(z=+11.9),0.49744173049790713,False
train/Malignant/ISPY2-666450/p-011,Malignant,True,train,11.822716605568036,aspect_ratio(z=+11.8),0.549294645066374,False
train/Malignant/ISPY2-229824/p-111,Malignant,True,train,11.760691521844738,hf_energy_frac(z=+11.8),0.5657976408055506,False
train/Malignant/ISPY2-953262/p-113,Malignant,True,train,11.700564659086771,"sharpness_lapvar(z=+3.3),hf_energy_frac(z=+11.7)",0.550158028975484,False
train/Malignant/ISPY2-155171/p-119,Malignant,True,train,11.532327786690011,aspect_ratio(z=+11.5),0.5361708225844956,False
train/Malignant/ISPY2-953262/p-109,Malignant,True,train,11.43913789619461,"sharpness_lapvar(z=+4.6),hf_energy_frac(z=+11.4)",0.5781037522895952,False
train/Malignant/ISPY2-666450/p-012,Malignant,True,train,11.413368505025494,aspect_ratio(z=+11.4),0.5597348618352799,False
train/Malignant/ACRIN-6698-275034/p-031,Malignant,True,train,11.38937700372625,snr(z=+11.4),0.49408645269782897,False
train/Malignant/ISPY2-824512/p-094,Malignant,True,train,11.354258917391943,hf_energy_frac(z=+11.4),0.5448445193081263,False
train/Malignant/ISPY2-940186/p-018,Malignant,True,train,11.324271429869354,"dynamic_range(z=-3.6),aspect_ratio(z=+11.3)",0.5995249580735631,True
train/Malignant/ACRIN-6698-275034/p-032,Malignant,True,train,11.274456728176084,snr(z=+11.3),0.49714173402766143,False
val/Malignant/ISPY2-859699/p-099,Malignant,True,val,11.17181516670668,hf_energy_frac(z=+11.2),0.5057832360271123,False
train/Malignant/ACRIN-6698-900959/p-074,Malignant,True,train,10.976074420931141,"entropy(z=-11.0),snr(z=+4.3)",0.6048521833905689,True
train/Malignant/ISPY2-573586/p-122,Malignant,True,train,10.924476861861038,aspect_ratio(z=+10.9),0.5496206547497329,False
train/Malignant/ACRIN-6698-275034/p-029,Malignant,True,train,10.912268795169494,snr(z=+10.9),0.48724164806413267,False
train/Malignant/ACRIN-6698-275034/p-039,Malignant,True,train,10.82467701213911,snr(z=+10.8),0.4942351287080138,False
train/Malignant/ISPY2-559021/p-132,Malignant,True,train,10.709461295873371,aspect_ratio(z=+10.7),0.5274584902253097,False
val/Malignant/ISPY2-859699/p-097,Malignant,True,val,10.679198543963727,hf_energy_frac(z=+10.7),0.5204432948069543,False
train/Malignant/ISPY2-955953/p-028,Malignant,True,train,10.646913570987236,entropy(z=-10.6),0.5937387940276991,True
train/Malignant/ISPY2-987995/p-120,Malignant,True,train,10.56818449191421,hf_energy_frac(z=+10.6),0.5860061017880401,True
train/Malignant/ACRIN-6698-275034/p-040,Malignant,True,train,10.416599927425395,snr(z=+10.4),0.4905154449794768,False
train/Malignant/ISPY2-155171/p-118,Malignant,True,train,10.374110313693743,"hf_energy_frac(z=+3.2),aspect_ratio(z=+10.4)",0.5898844880418238,True
train/Malignant/ISPY2-212307/p-119,Malignant,True,train,10.321423819335036,hf_energy_frac(z=+10.3),0.5493844639867107,False
train/Malignant/ISPY2-414286/p-097,Malignant,True,train,10.255715965662466,hf_energy_frac(z=+10.3),0.5152256342911465,False
train/Malignant/ISPY2-934459/p-063,Malignant,True,train,10.124416679041584,hf_energy_frac(z=+10.1),0.5595032641095998,False
train/Malignant/ACRIN-6698-275034/p-028,Malignant,True,train,10.082357384721032,snr(z=+10.1),0.4910646135083587,False
train/Malignant/ISPY2-188511/p-062,Malignant,True,train,10.0797650638372,"sharpness_lapvar(z=+4.1),noise_sigma(z=+4.5),hf_energy_frac(z=+10.1)",0.6206158595083712,True
train/Malignant/ISPY2-120001/p-039,Malignant,True,train,10.066927221037313,"contrast(z=-3.2),hf_energy_frac(z=+10.1)",0.6183007093124245,True
train/Malignant/ISPY2-188511/p-059,Malignant,True,train,10.01265736578288,"sharpness_lapvar(z=+3.3),noise_sigma(z=+3.9),hf_energy_frac(z=+10.0)",0.623795942681252,True
val/Malignant/ISPY2-123660/p-093,Malignant,True,val,9.926073092126703,hf_energy_frac(z=+9.9),0.5481817835486713,False
train/Malignant/ACRIN-6698-275034/p-042,Malignant,True,train,9.842247176374343,snr(z=+9.8),0.4946679784336401,False
train/Malignant/ISPY2-318407/p-106,Malignant,True,train,9.81300429445934,hf_energy_frac(z=+9.8),0.5475659661613371,False
train/Malignant/ISPY2-824512/p-052,Malignant,True,train,9.801960835010416,"noise_sigma(z=+3.0),hf_energy_frac(z=+9.8)",0.605496451705648,True
train/Malignant/ACRIN-6698-275034/p-044,Malignant,True,train,9.729292053391951,snr(z=+9.7),0.503733347179796,False
train/Malignant/ISPY2-559021/p-133,Malignant,True,train,9.67676634192299,aspect_ratio(z=+9.7),0.5243585291117577,False
train/Malignant/ACRIN-6698-275034/p-041,Malignant,True,train,9.631542483245575,snr(z=+9.6),0.49579571059233796,False
train/Malignant/ISPY2-252748/p-039,Malignant,True,train,9.613759598719941,hf_energy_frac(z=+9.6),0.5415937316893681,False
train/Malignant/ACRIN-6698-275034/p-027,Malignant,True,train,9.600261756995723,"dynamic_range(z=-3.1),snr(z=+9.6)",0.5290339859742518,False
train/Malignant/ISPY2-342996/p-035,Malignant,True,train,9.549673092281415,aspect_ratio(z=+9.5),0.5733668983858681,False
train/Malignant/ISPY2-342996/p-034,Malignant,True,train,9.439525609258716,aspect_ratio(z=+9.4),0.5625464666318198,False
val/Malignant/ISPY2-859699/p-098,Malignant,True,val,9.33644945487103,hf_energy_frac(z=+9.3),0.5068860504486136,False
train/Malignant/ISPY2-790722/p-066,Malignant,True,train,9.320905242926578,aspect_ratio(z=+9.3),0.5297344445677667,False
train/Malignant/ACRIN-6698-275034/p-043,Malignant,True,train,9.275210449167508,snr(z=+9.3),0.4869502509720256,False
train/Malignant/ISPY2-360937/p-008,Malignant,True,train,9.24676751396899,aspect_ratio(z=+9.2),0.5506274684903687,False
train/Malignant/ISPY2-159352/p-058,Malignant,True,train,9.15405334623453,hf_energy_frac(z=+9.2),0.5602148378418712,False
train/Malignant/ISPY2-573586/p-123,Malignant,True,train,9.131112656795157,aspect_ratio(z=+9.1),0.5455399508510005,False
train/Malignant/ACRIN-6698-275034/p-026,Malignant,True,train,9.111158052987937,"dynamic_range(z=-3.0),snr(z=+9.1)",0.5480930736692979,False
train/Malignant/ISPY2-570148/p-013,Malignant,True,train,9.0836645102623,aspect_ratio(z=+9.1),0.5149514075003885,False
train/Malignant/ISPY2-590220/p-048,Malignant,True,train,9.05331531556893,hf_energy_frac(z=+9.1),0.5720429281258579,False
train/Malignant/ISPY2-188511/p-058,Malignant,True,train,9.046470011314689,"sharpness_lapvar(z=+3.1),noise_sigma(z=+3.6),hf_energy_frac(z=+9.0)",0.5987936097199603,True
train/Malignant/ISPY2-159352/p-057,Malignant,True,train,8.997346229669262,hf_energy_frac(z=+9.0),0.5602618150359832,False
train/Malignant/ISPY2-303947/p-098,Malignant,True,train,8.991485655859597,"sharpness_lapvar(z=+3.8),hf_energy_frac(z=+9.0)",0.5772125653913599,False
train/Malignant/ISPY2-182346/p-051,Malignant,True,train,8.973931254990328,hf_energy_frac(z=+9.0),0.5292430978983561,False
train/Malignant/ISPY2-924812/p-128,Malignant,True,train,8.964475136393142,hf_energy_frac(z=+9.0),0.563846566116156,False
train/Malignant/ISPY2-255577/p-033,Malignant,True,train,8.936950877607464,"entropy(z=-7.0),snr(z=+8.9)",0.6069108302277284,True
train/Malignant/ISPY2-188511/p-063,Malignant,True,train,8.92442190659256,"sharpness_lapvar(z=+3.7),noise_sigma(z=+4.1),hf_energy_frac(z=+8.9)",0.6111587959802532,True
train/Malignant/ACRIN-6698-511851/p-038,Malignant,True,train,8.866584284017359,"contrast(z=-4.0),entropy(z=-4.6),dynamic_range(z=-8.9)",0.656435029426746,True
train/Malignant/ACRIN-6698-345907/p-022,Malignant,True,train,8.830267597321043,"contrast(z=-3.9),entropy(z=-5.5),dynamic_range(z=-8.8),snr(z=+6.0)",0.6885090077366446,True
train/Malignant/ISPY2-591180/p-024,Malignant,True,train,8.711784976683127,entropy(z=-8.7),0.5770197866809507,False
train/Malignant/ISPY2-666450/p-013,Malignant,True,train,8.691857845710693,aspect_ratio(z=+8.7),0.5478339749507252,False
train/Malignant/ISPY2-974181/p-127,Malignant,True,train,8.655363632355062,hf_energy_frac(z=+8.7),0.48281530402762834,False
train/Malignant/ISPY2-596079/p-027,Malignant,True,train,8.647010249352633,hf_energy_frac(z=+8.6),0.6042157475595445,True
train/Malignant/ACRIN-6698-685795/p-042,Malignant,True,train,8.64128270803704,"entropy(z=-8.6),snr(z=+3.3)",0.5866334839073016,True
train/Malignant/ACRIN-6698-685795/p-044,Malignant,True,train,8.604093395417092,entropy(z=-8.6),0.5572349690582725,False
val/Malignant/ISPY2-123660/p-035,Malignant,True,val,8.585486457261881,hf_energy_frac(z=+8.6),0.4995904919787942,False
train/Malignant/ISPY2-824512/p-059,Malignant,True,train,8.582005351419541,"sharpness_lapvar(z=+3.5),noise_sigma(z=+3.3),hf_energy_frac(z=+8.6)",0.623447205945228,True
train/Malignant/ACRIN-6698-685795/p-043,Malignant,True,train,8.569558986635755,entropy(z=-8.6),0.5657687258772776,False
val/Malignant/ISPY2-859699/p-101,Malignant,True,val,8.552523178074628,hf_energy_frac(z=+8.6),0.5191437085657438,False
train/Malignant/ACRIN-6698-687288/p-024,Malignant,True,train,8.508961997619435,hf_energy_frac(z=+8.5),0.5529929861119057,False
train/Malignant/ISPY2-141782/p-084,Malignant,True,train,8.482896649538809,hf_energy_frac(z=+8.5),0.5681593741488936,False
train/Malignant/ACRIN-6698-651145/p-053,Malignant,True,train,8.475735132810092,aspect_ratio(z=+8.5),0.5085262325945391,False
train/Malignant/ISPY2-974181/p-119,Malignant,True,train,8.383670264655576,hf_energy_frac(z=+8.4),0.4957525801620628,False
train/Malignant/ISPY2-282082/p-042,Malignant,True,train,8.351500832366185,hf_energy_frac(z=+8.4),0.5641552901670033,False
train/Malignant/ISPY2-318438/p-110,Malignant,True,train,8.344596345587599,"sharpness_lapvar(z=+3.3),noise_sigma(z=+3.1),hf_energy_frac(z=+8.3)",0.5822787195483778,True
train/Malignant/ACRIN-6698-685795/p-050,Malignant,True,train,8.340328523665473,"contrast(z=-3.1),entropy(z=-8.3),dynamic_range(z=-5.1),snr(z=+3.3)",0.6683021155476735,True
train/Malignant/ISPY2-155171/p-117,Malignant,True,train,8.33240219015876,aspect_ratio(z=+8.3),0.5172065153479924,False
train/Malignant/ISPY2-318438/p-109,Malignant,True,train,8.309100790336782,"sharpness_lapvar(z=+3.5),noise_sigma(z=+3.3),hf_energy_frac(z=+8.3)",0.586386195786591,True
train/Malignant/ISPY2-229824/p-110,Malignant,True,train,8.284112234250353,hf_energy_frac(z=+8.3),0.5695490345843457,False
train/Malignant/ISPY2-934459/p-062,Malignant,True,train,8.282909326271277,hf_energy_frac(z=+8.3),0.5441328260877517,False
train/Malignant/ISPY2-974181/p-120,Malignant,True,train,8.274812487167543,hf_energy_frac(z=+8.3),0.49717853984559174,False
train/Malignant/ISPY2-885590/p-095,Malignant,True,train,8.245724178729333,hf_energy_frac(z=+8.2),0.5194671945651808,False
train/Malignant/ISPY2-451482/p-111,Malignant,True,train,8.23996903703885,"sharpness_lapvar(z=+3.7),noise_sigma(z=+3.9),hf_energy_frac(z=+8.2)",0.6136096081857257,True
train/Malignant/ISPY2-627981/p-116,Malignant,True,train,8.22941767284972,"sharpness_lapvar(z=+5.5),noise_sigma(z=+5.1),hf_energy_frac(z=+8.2)",0.6295912371057121,True
val/Malignant/ISPY2-859699/p-096,Malignant,True,val,8.206841568677728,hf_energy_frac(z=+8.2),0.5321783025610778,False
train/Malignant/ISPY2-318407/p-105,Malignant,True,train,8.154364650069171,hf_energy_frac(z=+8.2),0.5383511246527506,False
train/Malignant/ACRIN-6698-638126/p-010,Malignant,True,train,8.131107023049676,aspect_ratio(z=+8.1),0.5195248999689844,False
train/Malignant/ISPY2-282082/p-119,Malignant,True,train,8.096664260898393,hf_energy_frac(z=+8.1),0.5665320212175609,False
train/Malignant/ISPY2-768214/p-052,Malignant,True,train,8.084949835721188,"dynamic_range(z=-3.8),hf_energy_frac(z=+8.1)",0.5838683621752284,True
train/Malignant/ISPY2-313243/p-050,Malignant,True,train,8.057458801430348,hf_energy_frac(z=+8.1),0.5466322522602055,False
train/Malignant/ISPY2-831702/p-058,Malignant,True,train,8.050946605662254,hf_energy_frac(z=+8.1),0.5661423253195444,False
train/Malignant/ISPY2-607047/p-105,Malignant,True,train,8.03587675013961,hf_energy_frac(z=+8.0),0.5502580345368283,False
train/Malignant/ACRIN-6698-162562/p-038,Malignant,True,train,8.000265164428772,aspect_ratio(z=+8.0),0.4978822194447334,False
train/Malignant/ISPY2-342996/p-036,Malignant,True,train,7.993839894585782,"snr(z=+3.2),aspect_ratio(z=+8.0)",0.5616182058247835,False
train/Malignant/ISPY2-824512/p-056,Malignant,True,train,7.9748372057057475,"sharpness_lapvar(z=+3.2),noise_sigma(z=+3.1),hf_energy_frac(z=+8.0)",0.6200209587243587,True
train/Malignant/ISPY2-342996/p-037,Malignant,True,train,7.947204871531816,"snr(z=+4.0),aspect_ratio(z=+7.9)",0.588938162794879,True
val/Malignant/ISPY2-859699/p-082,Malignant,True,val,7.932016626610338,hf_energy_frac(z=+7.9),0.5154872712202545,False
train/Malignant/ISPY2-591180/p-023,Malignant,True,train,7.925708252537286,entropy(z=-7.9),0.5848852733550666,True
train/Malignant/ACRIN-6698-607843/p-006,Malignant,True,train,7.9238196250468595,hf_energy_frac(z=+7.9),0.5642606144970589,False
train/Malignant/ISPY2-282082/p-030,Malignant,True,train,7.916752646265284,hf_energy_frac(z=+7.9),0.5477090137266063,False
train/Malignant/ISPY2-532183/p-111,Malignant,True,train,7.89746084694092,aspect_ratio(z=+7.9),0.5100553803768519,False
val/Malignant/ISPY2-178815/p-017,Malignant,True,val,7.89746084694092,aspect_ratio(z=+7.9),0.5272921936256355,False
train/Malignant/ISPY2-532183/p-112,Malignant,True,train,7.89746084694092,aspect_ratio(z=+7.9),0.5026503210008115,False
train/Malignant/ISPY2-303947/p-097,Malignant,True,train,7.864373791131778,"sharpness_lapvar(z=+4.1),noise_sigma(z=+3.3),hf_energy_frac(z=+7.9)",0.5798305904997522,True
train/Malignant/ISPY2-282082/p-032,Malignant,True,train,7.860179922983374,hf_energy_frac(z=+7.9),0.555824642489837,False
train/Malignant/ISPY2-188511/p-061,Malignant,True,train,7.858358748826541,"sharpness_lapvar(z=+3.6),noise_sigma(z=+4.2),hf_energy_frac(z=+7.9)",0.6120007039151634,True
val/Malignant/ISPY2-178815/p-018,Malignant,True,val,7.85340185373184,aspect_ratio(z=+7.9),0.5429553088817022,False
train/Malignant/ISPY2-851180/p-064,Malignant,True,train,7.832086431456161,hf_energy_frac(z=+7.8),0.5517407701345651,False
train/Malignant/ISPY2-451482/p-116,Malignant,True,train,7.816974698724125,"sharpness_lapvar(z=+4.2),noise_sigma(z=+4.5),hf_energy_frac(z=+7.8)",0.6460822841928141,True
train/Malignant/ISPY2-598798/p-020,Malignant,True,train,7.806751155039873,aspect_ratio(z=+7.8),0.5562444596257596,False
train/Malignant/ISPY2-598798/p-021,Malignant,True,train,7.806751155039873,aspect_ratio(z=+7.8),0.5550485796435141,False
train/Malignant/ACRIN-6698-734997/p-089,Malignant,True,train,7.801081799296057,aspect_ratio(z=+7.8),0.560331830373726,False
train/Malignant/ACRIN-6698-734997/p-090,Malignant,True,train,7.801081799296057,aspect_ratio(z=+7.8),0.5486916319739964,False
train/Malignant/ACRIN-6698-900959/p-071,Malignant,True,train,7.796989218809231,entropy(z=-7.8),0.5520695912935482,False
train/Malignant/ISPY2-824512/p-058,Malignant,True,train,7.7709434051288575,"sharpness_lapvar(z=+3.4),noise_sigma(z=+3.3),hf_energy_frac(z=+7.8)",0.6227158828467251,True
val/Malignant/ISPY2-178815/p-022,Malignant,True,val,7.735138240381151,aspect_ratio(z=+7.7),0.6035751755953758,True
train/Malignant/ACRIN-6698-342959/p-050,Malignant,True,train,7.729493005172253,hf_energy_frac(z=+7.7),0.5170427634983049,False
train/Malignant/ISPY2-437162/p-060,Malignant,True,train,7.722539407560008,entropy(z=-7.7),0.5652756456287622,False
train/Malignant/ISPY2-303947/p-099,Malignant,True,train,7.670465194783109,"sharpness_lapvar(z=+3.6),hf_energy_frac(z=+7.7)",0.5796022398231224,True
train/Malignant/ACRIN-6698-687288/p-025,Malignant,True,train,7.6635040465363335,hf_energy_frac(z=+7.7),0.546939195924436,False
train/Malignant/ISPY2-974181/p-126,Malignant,True,train,7.660300895343189,hf_energy_frac(z=+7.7),0.4808960864901557,False
train/Malignant/ISPY2-437162/p-061,Malignant,True,train,7.659104966785615,entropy(z=-7.7),0.5631424968690169,False
train/Malignant/ISPY2-235995/p-028,Malignant,True,train,7.652080814658019,"entropy(z=-7.7),snr(z=+4.0)",0.5892268126598337,True
train/Malignant/ISPY2-527581/p-056,Malignant,True,train,7.5928584456954935,"entropy(z=-7.6),dynamic_range(z=-3.3)",0.6285997242849244,True
val/Malignant/ACRIN-6698-375954/p-032,Malignant,True,val,7.586936714358873,hf_energy_frac(z=+7.6),0.5634138228718273,False
train/Malignant/ISPY2-974181/p-125,Malignant,True,train,7.579593732691082,hf_energy_frac(z=+7.6),0.49656953712263296,False
train/Malignant/ACRIN-6698-685795/p-041,Malignant,True,train,7.57080759692213,entropy(z=-7.6),0.5574594422406083,False
train/Malignant/ISPY2-342996/p-038,Malignant,True,train,7.549252674804643,"snr(z=+3.8),aspect_ratio(z=+7.5)",0.5962658247507796,True
train/Malignant/ACRIN-6698-169918/p-018,Malignant,True,train,7.54731588354724,"hf_energy_frac(z=+7.5),aspect_ratio(z=+4.6)",0.5729772212481213,False
train/Malignant/ISPY2-451482/p-115,Malignant,True,train,7.53611805129998,"sharpness_lapvar(z=+4.2),noise_sigma(z=+4.4),hf_energy_frac(z=+7.5),aspect_ratio(z=+3.3)",0.6464035532186391,True
train/Malignant/ISPY2-916586/p-036,Malignant,True,train,7.535282119649682,"entropy(z=-7.5),dynamic_range(z=-4.0)",0.5967842012526673,True
train/Malignant/ISPY2-916586/p-038,Malignant,True,train,7.506785318214594,entropy(z=-7.5),0.5930162641700937,True
train/Malignant/ACRIN-6698-685795/p-045,Malignant,True,train,7.502863637482114,entropy(z=-7.5),0.5610507039627017,False
train/Malignant/ISPY2-437162/p-062,Malignant,True,train,7.499787504840868,entropy(z=-7.5),0.554354644617536,False
val/Malignant/ISPY2-178815/p-061,Malignant,True,val,7.491654330541499,aspect_ratio(z=+7.5),0.5316206446902723,False
train/Malignant/ISPY2-934459/p-060,Malignant,True,train,7.478355124323061,hf_energy_frac(z=+7.5),0.5461312335061712,False
train/Malignant/ISPY2-235995/p-027,Malignant,True,train,7.461311617750779,entropy(z=-7.5),0.557984572897376,False
train/Malignant/ISPY2-235995/p-029,Malignant,True,train,7.458537329202766,"entropy(z=-7.5),snr(z=+3.8)",0.6161189601239594,True
train/Malignant/ISPY2-437162/p-057,Malignant,True,train,7.448911996089901,"entropy(z=-7.4),snr(z=+3.4)",0.5662130448264122,False
train/Malignant/ACRIN-6698-139973/p-022,Malignant,True,train,7.428136788844199,aspect_ratio(z=+7.4),0.49654806355479814,False
train/Malignant/ISPY2-437162/p-059,Malignant,True,train,7.419694397838353,"entropy(z=-7.4),snr(z=+3.1)",0.5659636685896733,False
val/Malignant/ISPY2-151481/p-107,Malignant,True,val,7.414053754829202,hf_energy_frac(z=+7.4),0.5440445608494907,False
train/Malignant/ISPY2-473505/p-060,Malignant,True,train,7.395577929113927,hf_energy_frac(z=+7.4),0.5374869661778707,False
train/Malignant/ISPY2-824512/p-060,Malignant,True,train,7.36671447688,"sharpness_lapvar(z=+3.2),entropy(z=-3.0),hf_energy_frac(z=+7.4)",0.6136561007816327,True
train/Malignant/ISPY2-201831/p-043,Malignant,True,train,7.3620231122581625,"contrast(z=-3.4),entropy(z=-3.2),dynamic_range(z=-7.4)",0.6241970868414856,True
train/Malignant/ACRIN-6698-280375/p-025,Malignant,True,train,7.33608231641091,"contrast(z=-3.5),entropy(z=-3.4),dynamic_range(z=-7.3),snr(z=+3.1)",0.6464544587876148,True
train/Malignant/ISPY2-201831/p-038,Malignant,True,train,7.33608231641091,"contrast(z=-3.9),entropy(z=-7.2),dynamic_range(z=-7.3),snr(z=+4.2)",0.66860946818915,True
train/Malignant/ISPY2-924868/p-056,Malignant,True,train,7.3311127060991375,hf_energy_frac(z=+7.3),0.49119149464602985,False
train/Malignant/ISPY2-567907/p-077,Malignant,True,train,7.329331723981731,aspect_ratio(z=+7.3),0.5068239047417405,False
train/Malignant/ISPY2-342996/p-039,Malignant,True,train,7.319186561071746,"snr(z=+3.9),aspect_ratio(z=+7.3)",0.5848213195881387,True
train/Malignant/ISPY2-570685/p-036,Malignant,True,train,7.299764917231531,"contrast(z=-3.5),dynamic_range(z=-7.3),snr(z=+4.4)",0.6486359356521562,True
train/Malignant/ISPY2-120001/p-038,Malignant,True,train,7.289389026382468,"contrast(z=-3.3),dynamic_range(z=-7.3)",0.5976359163082369,True
train/Malignant/ISPY2-151980/p-099,Malignant,True,train,7.278063954265295,hf_energy_frac(z=+7.3),0.5399102871269572,False
train/Malignant/ISPY2-342996/p-033,Malignant,True,train,7.269212240070706,aspect_ratio(z=+7.3),0.5572973146960041,False
train/Malignant/ISPY2-414286/p-098,Malignant,True,train,7.262581818185011,hf_energy_frac(z=+7.3),0.5121501136368332,False
val/Malignant/ISPY2-151481/p-105,Malignant,True,val,7.23981342333605,hf_energy_frac(z=+7.2),0.5521640382099736,False
train/Malignant/ISPY2-201831/p-037,Malignant,True,train,7.232319845504963,"contrast(z=-3.9),entropy(z=-6.8),dynamic_range(z=-7.2),snr(z=+3.4)",0.6767851839325527,True
train/Malignant/ISPY2-598798/p-022,Malignant,True,train,7.2120987303552315,aspect_ratio(z=+7.2),0.5543879159355511,False
train/Malignant/ISPY2-201831/p-034,Malignant,True,train,7.201190747991648,"contrast(z=-3.5),entropy(z=-3.7),dynamic_range(z=-7.2)",0.6374174908949528,True
train/Malignant/ISPY2-974181/p-124,Malignant,True,train,7.193377994764892,hf_energy_frac(z=+7.2),0.49247160870788287,False
train/Malignant/ISPY2-188511/p-064,Malignant,True,train,7.179555873905815,"noise_sigma(z=+3.4),hf_energy_frac(z=+7.2)",0.5773202275659592,False
train/Malignant/ACRIN-6698-685795/p-033,Malignant,True,train,7.152419763548134,entropy(z=-7.2),0.5778459075700934,False
val/Malignant/ISPY2-178815/p-023,Malignant,True,val,7.146198526837377,aspect_ratio(z=+7.1),0.5944022917344742,True
train/Malignant/ISPY2-349639/p-118,Malignant,True,train,7.141269744852597,"sharpness_lapvar(z=+3.1),hf_energy_frac(z=+7.1)",0.5823321415834171,True
train/Malignant/ISPY2-689188/p-020,Malignant,True,train,7.118180058783827,"contrast(z=-3.5),entropy(z=-3.9),dynamic_range(z=-7.1),snr(z=+3.7)",0.6724791206761309,True
train/Malignant/ISPY2-303947/p-096,Malignant,True,train,7.105222964591095,"sharpness_lapvar(z=+3.8),noise_sigma(z=+3.5),hf_energy_frac(z=+7.1)",0.5811675118694557,True
train/Malignant/ISPY2-532183/p-110,Malignant,True,train,7.099841142293783,aspect_ratio(z=+7.1),0.5049414395243577,False
train/Malignant/ISPY2-418593/p-098,Malignant,True,train,7.097063400490594,hf_energy_frac(z=+7.1),0.5570862413441671,False
train/Malignant/ISPY2-248255/p-062,Malignant,True,train,7.081863372087512,"contrast(z=-3.2),entropy(z=-6.9),dynamic_range(z=-7.1)",0.6569534210021271,True
val/Malignant/ISPY2-986734/p-032,Malignant,True,val,7.067744863713916,hf_energy_frac(z=+7.1),0.5582654566471027,False
train/Malignant/ISPY2-248255/p-063,Malignant,True,train,7.045546685391197,"contrast(z=-3.4),entropy(z=-6.4),dynamic_range(z=-7.0)",0.6463730669855098,True
train/Malignant/ISPY2-491779/p-062,Malignant,True,train,7.038015170301505,hf_energy_frac(z=+7.0),0.5658525824778327,False
train/Malignant/ISPY2-808714/p-103,Malignant,True,train,7.034819757417042,"entropy(z=-7.0),dynamic_range(z=-6.3)",0.6630196438896456,True
train/Malignant/ISPY2-437162/p-058,Malignant,True,train,7.018243697816152,entropy(z=-7.0),0.5568335990979094,False
train/Malignant/ACRIN-6698-685795/p-032,Malignant,True,train,7.009074692177775,entropy(z=-7.0),0.5868396939608801,True
train/Malignant/ACRIN-6698-685795/p-049,Malignant,True,train,6.993871458276075,"entropy(z=-7.0),dynamic_range(z=-3.6)",0.6062179475971843,True
train/Malignant/ISPY2-527581/p-055,Malignant,True,train,6.96232595331556,entropy(z=-7.0),0.5946938259452096,True
train/Malignant/ISPY2-437162/p-056,Malignant,True,train,6.954041581784646,"entropy(z=-7.0),snr(z=+3.3)",0.5646035184610422,False
val/Malignant/ISPY2-896939/p-138,Malignant,True,val,6.933670370492297,aspect_ratio(z=+6.9),0.5613471840169627,False
train/Malignant/ISPY2-349639/p-125,Malignant,True,train,6.928967354563089,hf_energy_frac(z=+6.9),0.5377421045678465,False
train/Malignant/ISPY2-706943/p-063,Malignant,True,train,6.91614690728414,aspect_ratio(z=+6.9),0.47899107482759545,False
train/Malignant/ACRIN-6698-863161/p-107,Malignant,True,train,6.9134764381082645,"sharpness_lapvar(z=+4.0),noise_sigma(z=+3.0),hf_energy_frac(z=+6.9)",0.5906479003677337,True
train/Malignant/ISPY2-236470/p-084,Malignant,True,train,6.905466815305871,"contrast(z=-3.0),dynamic_range(z=-6.9)",0.5939496100677858,True
train/Malignant/ACRIN-6698-148357/p-063,Malignant,True,train,6.89176643673366,aspect_ratio(z=+6.9),0.4887387648690809,False
train/Malignant/ISPY2-590220/p-047,Malignant,True,train,6.886376565729812,hf_energy_frac(z=+6.9),0.5306954678689328,False
train/Malignant/ACRIN-6698-280375/p-026,Malignant,True,train,6.884714321124682,"contrast(z=-3.5),dynamic_range(z=-6.9),snr(z=+3.1)",0.632320894012138,True
train/Malignant/ISPY2-570685/p-028,Malignant,True,train,6.884714321124682,"contrast(z=-3.4),dynamic_range(z=-6.9),snr(z=+3.1)",0.6303347244812773,True
train/Malignant/ISPY2-201831/p-040,Malignant,True,train,6.884713608641619,"contrast(z=-3.2),entropy(z=-4.3),dynamic_range(z=-6.9)",0.6450868171536595,True
train/Malignant/ISPY2-201831/p-044,Malignant,True,train,6.874337717792556,"contrast(z=-3.4),dynamic_range(z=-6.9)",0.6086819331467501,True
train/Malignant/ISPY2-824512/p-051,Malignant,True,train,6.85698910609051,hf_energy_frac(z=+6.9),0.5872510794155883,True
train/Malignant/ISPY2-248255/p-061,Malignant,True,train,6.822456126098051,"entropy(z=-3.3),dynamic_range(z=-6.8)",0.6301734659674133,True
train/Malignant/ACRIN-6698-685795/p-040,Malignant,True,train,6.816914384870673,entropy(z=-6.8),0.565339702427589,False
train/Malignant/ISPY2-451482/p-067,Malignant,True,train,6.814452535221702,"sharpness_lapvar(z=+5.9),noise_sigma(z=+6.8)",0.6027229598289662,True
train/Malignant/ISPY2-235995/p-030,Malignant,True,train,6.80807947532852,"entropy(z=-6.8),snr(z=+3.4)",0.5884292660318275,True
train/Malignant/ISPY2-953262/p-110,Malignant,True,train,6.796577658884161,"sharpness_lapvar(z=+4.1),noise_sigma(z=+3.2),hf_energy_frac(z=+6.8)",0.580126513844065,True
train/Malignant/ISPY2-201831/p-041,Malignant,True,train,6.791327028584736,"contrast(z=-3.5),entropy(z=-3.9),dynamic_range(z=-6.8)",0.6444929168046063,True
train/Malignant/ISPY2-953262/p-118,Malignant,True,train,6.745231866858028,hf_energy_frac(z=+6.7),0.5524061011993648,False
val/Malignant/ISPY2-896939/p-137,Malignant,True,val,6.7409122752025725,aspect_ratio(z=+6.7),0.5664409899690007,False
train/Malignant/ACRIN-6698-685795/p-046,Malignant,True,train,6.739676572513994,entropy(z=-6.7),0.545874780528468,False
train/Malignant/ISPY2-953262/p-075,Malignant,True,train,6.738320046815928,"sharpness_lapvar(z=+4.1),hf_energy_frac(z=+6.7)",0.5536755649636439,False
train/Malignant/ACRIN-6698-685795/p-048,Malignant,True,train,6.71017315188303,entropy(z=-6.7),0.5513419654275619,False
train/Malignant/ISPY2-437162/p-063,Malignant,True,train,6.70982063921333,entropy(z=-6.7),0.5342683729789568,False
train/Malignant/ISPY2-451482/p-079,Malignant,True,train,6.704905581795918,"noise_sigma(z=+3.1),hf_energy_frac(z=+6.7)",0.62583058523346,True
train/Malignant/ISPY2-701790/p-060,Malignant,True,train,6.700403767737056,entropy(z=-6.7),0.5382448072734799,False
train/Malignant/ISPY2-955953/p-029,Malignant,True,train,6.688935534488737,entropy(z=-6.7),0.6037362289425912,True
train/Malignant/ISPY2-349639/p-117,Malignant,True,train,6.6807153725825055,hf_energy_frac(z=+6.7),0.5756548365721298,False
train/Malignant/ISPY2-414286/p-096,Malignant,True,train,6.679471313530385,hf_energy_frac(z=+6.7),0.5107256913353901,False
val/Malignant/ISPY2-790070/p-014,Malignant,True,val,6.674443966481977,aspect_ratio(z=+6.7),0.5353470713259064,False
train/Malignant/ISPY2-598798/p-027,Malignant,True,train,6.663809037086683,"sharpness_lapvar(z=+3.1),aspect_ratio(z=+6.7)",0.5793700202495045,False
train/Malignant/ISPY2-201831/p-039,Malignant,True,train,6.651247158499411,"contrast(z=-3.5),entropy(z=-5.9),dynamic_range(z=-6.7)",0.6567237957578175,True
train/Malignant/ACRIN-6698-860243/p-022,Malignant,True,train,6.64912270601699,aspect_ratio(z=+6.6),0.5124761994541465,False
train/Malignant/ISPY2-252748/p-040,Malignant,True,train,6.647646602870323,hf_energy_frac(z=+6.6),0.5266734844736948,False
train/Malignant/ISPY2-701790/p-057,Malignant,True,train,6.638159001184158,entropy(z=-6.6),0.5314029193288201,False
train/Malignant/ISPY2-443444/p-018,Malignant,True,train,6.635771495953631,aspect_ratio(z=+6.6),0.4859030892028767,False
train/Malignant/ISPY2-141782/p-085,Malignant,True,train,6.617937716014397,hf_energy_frac(z=+6.6),0.5431317140269007,False
train/Malignant/ISPY2-953262/p-108,Malignant,True,train,6.600660836957687,"sharpness_lapvar(z=+4.3),hf_energy_frac(z=+6.6)",0.567678490826821,False
train/Malignant/ISPY2-627981/p-121,Malignant,True,train,6.600126888593492,"sharpness_lapvar(z=+6.6),noise_sigma(z=+5.9)",0.597157368989791,True
train/Malignant/ISPY2-701790/p-058,Malignant,True,train,6.592653860922842,entropy(z=-6.6),0.5293571954055653,False
train/Malignant/ISPY2-437162/p-055,Malignant,True,train,6.573634818427703,entropy(z=-6.6),0.5524882659555284,False
train/Malignant/ISPY2-532183/p-109,Malignant,True,train,6.55437218298671,aspect_ratio(z=+6.6),0.5080995795303322,False
train/Malignant/ISPY2-824512/p-055,Malignant,True,train,6.5502605857182035,hf_energy_frac(z=+6.6),0.5944026301901176,True
train/Malignant/ISPY2-255577/p-032,Malignant,True,train,6.547531464609068,"entropy(z=-5.8),snr(z=+6.5)",0.5994748140510198,True
train/Malignant/ACRIN-6698-506623/p-071,Malignant,True,train,6.517035558980825,"hf_energy_frac(z=+6.5),aspect_ratio(z=+5.3)",0.6330720955018548,True
train/Malignant/ISPY2-899381/p-022,Malignant,True,train,6.50000912183468,"entropy(z=-4.6),dynamic_range(z=-5.2),snr(z=+6.5)",0.6763650827439447,True
train/Malignant/ACRIN-6698-860243/p-019,Malignant,True,train,6.495583790288378,aspect_ratio(z=+6.5),0.4997919721764388,False
train/Malignant/ACRIN-6698-860243/p-020,Malignant,True,train,6.495583790288378,aspect_ratio(z=+6.5),0.5094199720261878,False
train/Malignant/ISPY2-824512/p-065,Malignant,True,train,6.485565719038924,hf_energy_frac(z=+6.5),0.5860233375469167,True
train/Malignant/ISPY2-446263/p-021,Malignant,True,train,6.485227205049896,"contrast(z=-3.1),dynamic_range(z=-6.5)",0.6104110280160898,True
train/Malignant/ISPY2-301968/p-064,Malignant,True,train,6.477580500745217,entropy(z=-6.5),0.49593704903564795,False
train/Malignant/ISPY2-111344/p-073,Malignant,True,train,6.477157252233001,hf_energy_frac(z=+6.5),0.554639460076881,False
train/Malignant/ISPY2-955953/p-030,Malignant,True,train,6.464801337034055,entropy(z=-6.5),0.5952129810833815,True
train/Malignant/ISPY2-701790/p-059,Malignant,True,train,6.449222263385732,entropy(z=-6.4),0.5277705595775317,False
train/Malignant/ISPY2-446263/p-020,Malignant,True,train,6.443721504204455,"contrast(z=-3.1),dynamic_range(z=-6.4),snr(z=+3.5)",0.610601620907971,True
train/Malignant/ISPY2-552313/p-096,Malignant,True,train,6.436793452848672,hf_energy_frac(z=+6.4),0.5629896595221061,False
train/Malignant/ACRIN-6698-685795/p-039,Malignant,True,train,6.432414225022013,entropy(z=-6.4),0.5627668297387663,False
train/Malignant/ISPY2-201831/p-036,Malignant,True,train,6.428157311689328,"contrast(z=-3.7),entropy(z=-5.8),dynamic_range(z=-6.4)",0.6671879911830542,True
train/Malignant/ISPY2-155171/p-116,Malignant,True,train,6.423932296281691,aspect_ratio(z=+6.4),0.5032523651672118,False
train/Malignant/ISPY2-596079/p-026,Malignant,True,train,6.421979773601864,hf_energy_frac(z=+6.4),0.5881820792731365,True
train/Malignant/ISPY2-974181/p-082,Malignant,True,train,6.418087557921089,hf_energy_frac(z=+6.4),0.558672762889267,False
train/Malignant/ISPY2-141782/p-087,Malignant,True,train,6.39715277293686,hf_energy_frac(z=+6.4),0.5596991739845256,False
train/Malignant/ISPY2-597253/p-042,Malignant,True,train,6.384061225906927,"sharpness_lapvar(z=+6.4),noise_sigma(z=+5.1)",0.5836956308468544,True
train/Malignant/ISPY2-570685/p-038,Malignant,True,train,6.381464021660887,dynamic_range(z=-6.4),0.5978264535835491,True
train/Malignant/ACRIN-6698-547892/p-022,Malignant,True,train,6.371087418328761,dynamic_range(z=-6.4),0.6062592240708328,True
train/Malignant/ISPY2-201831/p-045,Malignant,True,train,6.365899829145761,"contrast(z=-3.1),dynamic_range(z=-6.4)",0.6000250433916121,True
val/Malignant/ISPY2-896939/p-135,Malignant,True,val,6.355396084623123,aspect_ratio(z=+6.4),0.5502403742627209,False
val/Malignant/ISPY2-896939/p-136,Malignant,True,val,6.355396084623123,aspect_ratio(z=+6.4),0.5568640843969359,False
train/Malignant/ISPY2-706943/p-064,Malignant,True,train,6.355396084623123,aspect_ratio(z=+6.4),0.5085418885820329,False
train/Malignant/ISPY2-953262/p-078,Malignant,True,train,6.3093876717563715,"sharpness_lapvar(z=+4.0),hf_energy_frac(z=+6.3)",0.6029269244310154,True
train/Malignant/ACRIN-6698-685795/p-047,Malignant,True,train,6.30306347082269,entropy(z=-6.3),0.5385903075319461,False
train/Malignant/ISPY2-824512/p-057,Malignant,True,train,6.2969291974021315,"sharpness_lapvar(z=+3.3),noise_sigma(z=+3.2),hf_energy_frac(z=+6.3)",0.6204026076903352,True
train/Malignant/ISPY2-701790/p-061,Malignant,True,train,6.295729605027648,entropy(z=-6.3),0.538182392482202,False
train/Malignant/ACRIN-6698-609151/p-033,Malignant,True,train,6.273181270986604,"entropy(z=-6.3),snr(z=+5.0)",0.6229432158124707,True
train/Malignant/ISPY2-301968/p-066,Malignant,True,train,6.231299189295111,entropy(z=-6.2),0.5057575780154315,False
train/Malignant/ISPY2-953262/p-076,Malignant,True,train,6.22376984844398,"sharpness_lapvar(z=+4.2),hf_energy_frac(z=+6.2)",0.5534987457970519,False
train/Malignant/ISPY2-604326/p-016,Malignant,True,train,6.221303496595488,aspect_ratio(z=+6.2),0.5488221047355492,False
val/Malignant/ISPY2-930853/p-030,Malignant,True,val,6.218391245595778,"entropy(z=-5.1),snr(z=+6.2)",0.5815740701985934,True
val/Malignant/ISPY2-178815/p-021,Malignant,True,val,6.215208378957869,aspect_ratio(z=+6.2),0.5400497769508635,False
val/Malignant/ISPY2-157463/p-026,Malignant,True,val,6.214715475334781,"dynamic_range(z=-4.8),snr(z=+6.2),aspect_ratio(z=+5.8)",0.6520274077873538,True
train/Malignant/ISPY2-360937/p-009,Malignant,True,train,6.208532773926191,aspect_ratio(z=+6.2),0.5342233705508681,False
train/Malignant/ISPY2-598798/p-029,Malignant,True,train,6.208532773926191,"sharpness_lapvar(z=+3.1),aspect_ratio(z=+6.2)",0.5731644980831624,False
val/Malignant/ISPY2-459311/p-018,Malignant,True,val,6.1998791632131836,"contrast(z=-3.0),entropy(z=-3.9),dynamic_range(z=-6.2)",0.6482789690839855,True
train/Malignant/ISPY2-235995/p-026,Malignant,True,train,6.183587811352443,entropy(z=-6.2),0.5258367114288912,False
train/Malignant/ISPY2-483910/p-047,Malignant,True,train,6.176806210100593,hf_energy_frac(z=+6.2),0.524148017322749,False
train/Malignant/ISPY2-987995/p-119,Malignant,True,train,6.168773697659153,hf_energy_frac(z=+6.2),0.5596737346143044,False
train/Malignant/ACRIN-6698-263143/p-007,Malignant,True,train,6.168750065699868,dynamic_range(z=-6.2),0.599990640425924,True
train/Malignant/ISPY2-532183/p-108,Malignant,True,train,6.168479143736118,aspect_ratio(z=+6.2),0.49893345049379995,False
train/Malignant/ISPY2-531672/p-081,Malignant,True,train,6.1684584589765175,"sharpness_lapvar(z=+5.4),noise_sigma(z=+6.2)",0.5889169337460392,True
train/Malignant/ISPY2-824512/p-092,Malignant,True,train,6.166381767185657,hf_energy_frac(z=+6.2),0.5298088784933618,False
train/Malignant/ISPY2-876511/p-054,Malignant,True,train,6.1562320264036705,hf_energy_frac(z=+6.2),0.5198970463060204,False
train/Malignant/ISPY2-570685/p-037,Malignant,True,train,6.153185873184742,dynamic_range(z=-6.2),0.5964427709463961,True
train/Malignant/ACRIN-6698-856159/p-035,Malignant,True,train,6.149787449647416,aspect_ratio(z=+6.1),0.5005725148090651,False
train/Malignant/ISPY2-627981/p-118,Malignant,True,train,6.141393775132118,"sharpness_lapvar(z=+6.1),noise_sigma(z=+5.5)",0.5629337093123207,False
train/Malignant/ISPY2-318407/p-102,Malignant,True,train,6.134899687584598,hf_energy_frac(z=+6.1),0.5271083644495127,False
train/Malignant/ISPY2-235995/p-031,Malignant,True,train,6.130136162168333,"entropy(z=-6.1),snr(z=+3.0)",0.5676807640362035,False
train/Malignant/ACRIN-6698-687288/p-026,Malignant,True,train,6.129352956680067,hf_energy_frac(z=+6.1),0.531190014589488,False
train/Malignant/ACRIN-6698-421917/p-011,Malignant,True,train,6.126942045761228,aspect_ratio(z=+6.1),0.4930353795565769,False
train/Malignant/ACRIN-6698-421917/p-010,Malignant,True,train,6.126942045761228,aspect_ratio(z=+6.1),0.5085089736932766,False
train/Malignant/ISPY2-201831/p-042,Malignant,True,train,6.122056775671426,"contrast(z=-3.4),entropy(z=-3.3),dynamic_range(z=-6.1)",0.6293794552525195,True
train/Malignant/ACRIN-6698-973837/p-063,Malignant,True,train,6.118155351958847,aspect_ratio(z=+6.1),0.4902043240637688,False
train/Malignant/ISPY2-380972/p-023,Malignant,True,train,6.094822102064844,snr(z=+6.1),0.5294202648003811,False
train/Malignant/ISPY2-489194/p-054,Malignant,True,train,6.0872109085678545,aspect_ratio(z=+6.1),0.5190074159632045,False
train/Malignant/ISPY2-252748/p-038,Malignant,True,train,6.075898884830335,hf_energy_frac(z=+6.1),0.5336959839699522,False
train/Malignant/ISPY2-590220/p-049,Malignant,True,train,6.059505398570145,hf_energy_frac(z=+6.1),0.5636175814442128,False
train/Malignant/ISPY2-934459/p-057,Malignant,True,train,6.054373085439933,hf_energy_frac(z=+6.1),0.527890886982035,False
train/Malignant/ISPY2-155171/p-115,Malignant,True,train,6.053030444952967,aspect_ratio(z=+6.1),0.5050980527759555,False
train/Malignant/ACRIN-6698-317641/p-037,Malignant,True,train,6.049283082245951,"entropy(z=-3.6),snr(z=+6.0),aspect_ratio(z=+5.0)",0.6316073884872855,True
train/Malignant/ISPY2-342996/p-040,Malignant,True,train,6.046983132159564,"snr(z=+4.2),aspect_ratio(z=+6.0)",0.6056229843759647,True
train/Malignant/ISPY2-768214/p-048,Malignant,True,train,6.04589623196446,"dynamic_range(z=-3.6),hf_energy_frac(z=+6.0)",0.5736057109919034,False
train/Malignant/ISPY2-131595/p-027,Malignant,True,train,6.044235100612732,"contrast(z=-3.1),dynamic_range(z=-6.0)",0.5890038863181983,True
train/Malignant/ISPY2-229144/p-003,Malignant,True,train,6.038887920379691,hf_energy_frac(z=+6.0),0.5646693196559505,False
train/Malignant/ISPY2-493519/p-075,Malignant,True,train,6.035760777636966,hf_energy_frac(z=+6.0),0.5473460007203238,False
train/Malignant/ISPY2-461824/p-041,Malignant,True,train,6.035228553507838,"dynamic_range(z=-5.1),snr(z=+6.0)",0.6431671572915434,True
train/Malignant/ISPY2-236470/p-082,Malignant,True,train,6.02348189394848,"contrast(z=-3.2),dynamic_range(z=-6.0)",0.5965824804083542,True
train/Malignant/ISPY2-122579/p-058,Malignant,True,train,6.012715026330279,aspect_ratio(z=+6.0),0.48589722836033217,False
train/Malignant/ISPY2-122579/p-059,Malignant,True,train,6.012715026330279,aspect_ratio(z=+6.0),0.4818211976377762,False
train/Malignant/ISPY2-531672/p-079,Malignant,True,train,5.9990609245497435,"sharpness_lapvar(z=+4.9),noise_sigma(z=+6.0)",0.5957968493340846,True
train/Malignant/ISPY2-331192/p-100,Malignant,True,train,5.995137509849351,hf_energy_frac(z=+6.0),0.5149561049334113,False
train/Malignant/ISPY2-824512/p-053,Malignant,True,train,5.9883783848274055,"sharpness_lapvar(z=+3.1),noise_sigma(z=+3.1),hf_energy_frac(z=+6.0)",0.6141628693275379,True
train/Malignant/ISPY2-201831/p-033,Malignant,True,train,5.987165207252164,"contrast(z=-3.5),entropy(z=-4.2),dynamic_range(z=-6.0)",0.6393983615926272,True
train/Malignant/ISPY2-570685/p-025,Malignant,True,train,5.987165207252164,"dynamic_range(z=-6.0),snr(z=+3.4)",0.6063294061192047,True
train/Malignant/ACRIN-6698-169918/p-025,Malignant,True,train,5.981562202849113,aspect_ratio(z=+6.0),0.5203111777171336,False
train/Malignant/ISPY2-974181/p-121,Malignant,True,train,5.968788914941793,hf_energy_frac(z=+6.0),0.49766681892431136,False
val/Malignant/ISPY2-859699/p-086,Malignant,True,val,5.953051004320922,hf_energy_frac(z=+6.0),0.5293734858405598,False
train/Malignant/ISPY2-953262/p-081,Malignant,True,train,5.933923281465038,"sharpness_lapvar(z=+5.9),noise_sigma(z=+3.7)",0.5859343759980947,True
train/Malignant/ISPY2-201831/p-026,Malignant,True,train,5.9290001357172075,entropy(z=-5.9),0.5399457885693358,False
train/Malignant/ISPY2-701790/p-056,Malignant,True,train,5.922812677172474,entropy(z=-5.9),0.52744013328852,False
train/Malignant/ISPY2-446263/p-023,Malignant,True,train,5.919719423042533,"contrast(z=-3.1),dynamic_range(z=-5.9)",0.6048598772644203,True
train/Malignant/ACRIN-6698-685795/p-034,Malignant,True,train,5.919681653648541,entropy(z=-5.9),0.5584805221340634,False
train/Malignant/ISPY2-531672/p-080,Malignant,True,train,5.918283800394339,"sharpness_lapvar(z=+5.2),noise_sigma(z=+5.9)",0.6005654589683668,True
train/Malignant/ISPY2-264678/p-053,Malignant,True,train,5.9177259327096,hf_energy_frac(z=+5.9),0.5251527673630267,False
train/Malignant/ACRIN-6698-421917/p-012,Malignant,True,train,5.914806152532325,aspect_ratio(z=+5.9),0.5019030650804039,False
train/Malignant/ACRIN-6698-685795/p-038,Malignant,True,train,5.911672471306157,entropy(z=-5.9),0.5418314031381137,False
train/Malignant/ISPY2-627981/p-120,Malignant,True,train,5.910693177605402,"sharpness_lapvar(z=+5.9),noise_sigma(z=+5.7)",0.6001053832519292,True
train/Malignant/ISPY2-414286/p-100,Malignant,True,train,5.904091160355795,hf_energy_frac(z=+5.9),0.4973364623699876,False
train/Malignant/ACRIN-6698-943633/p-066,Malignant,True,train,5.893778983436812,"contrast(z=-3.4),dynamic_range(z=-5.9),aspect_ratio(z=+3.5)",0.617170825028471,True
train/Malignant/ACRIN-6698-383456/p-032,Malignant,True,train,5.893778627195281,dynamic_range(z=-5.9),0.5863728969343663,True
train/Malignant/ISPY2-573586/p-125,Malignant,True,train,5.8927766559277845,"hf_energy_frac(z=+4.1),aspect_ratio(z=+5.9)",0.5627439488492976,False
val/Malignant/ISPY2-896939/p-134,Malignant,True,val,5.8927766559277845,aspect_ratio(z=+5.9),0.551504027323392,False
train/Malignant/ACRIN-6698-506623/p-072,Malignant,True,train,5.891530546604218,"hf_energy_frac(z=+5.9),aspect_ratio(z=+4.1)",0.6000291419898895,True
train/Malignant/ACRIN-6698-652480/p-068,Malignant,True,train,5.890854603014565,hf_energy_frac(z=+5.9),0.5098971427644483,False
train/Malignant/ACRIN-6698-280375/p-046,Malignant,True,train,5.883402380104687,"contrast(z=-3.4),dynamic_range(z=-5.9)",0.589374118220328,True
train/Malignant/ISPY2-155171/p-114,Malignant,True,train,5.880914619294571,aspect_ratio(z=+5.9),0.497532193313183,False
train/Malignant/ISPY2-446263/p-024,Malignant,True,train,5.878214434680155,"contrast(z=-3.1),dynamic_range(z=-5.9)",0.595071234978521,True
train/Malignant/ISPY2-485637/p-131,Malignant,True,train,5.869413717760187,hf_energy_frac(z=+5.9),0.5342625125725677,False
train/Malignant/ISPY2-531672/p-082,Malignant,True,train,5.858698819404873,"sharpness_lapvar(z=+4.9),noise_sigma(z=+5.9)",0.5809758359270965,True
train/Malignant/ISPY2-726381/p-085,Malignant,True,train,5.857505130180101,hf_energy_frac(z=+5.9),0.5074289388111178,False
train/Malignant/ISPY2-446263/p-027,Malignant,True,train,5.847085337166839,dynamic_range(z=-5.8),0.571982353195181,False
train/Malignant/ISPY2-572444/p-030,Malignant,True,train,5.843947971000983,"sharpness_lapvar(z=+4.0),noise_sigma(z=+5.8)",0.6021620597947105,True
train/Malignant/ISPY2-904269/p-044,Malignant,True,train,5.841897035500776,dynamic_range(z=-5.8),0.5792967207666039,False
train/Malignant/ACRIN-6698-522140/p-035,Malignant,True,train,5.841897035500776,"dynamic_range(z=-5.8),snr(z=+3.4)",0.6342806069211285,True
train/Malignant/ACRIN-6698-522140/p-034,Malignant,True,train,5.841897035500776,"dynamic_range(z=-5.8),snr(z=+3.1)",0.6297596789239575,True
train/Malignant/ISPY2-746265/p-020,Malignant,True,train,5.841402376166316,snr(z=+5.8),0.5535384964644154,False
train/Malignant/ISPY2-997702/p-117,Malignant,True,train,5.841374497183859,aspect_ratio(z=+5.8),0.533620087814125,False
train/Malignant/ISPY2-446263/p-022,Malignant,True,train,5.831521144651713,"contrast(z=-3.1),dynamic_range(z=-5.8)",0.6157967789503892,True
train/Malignant/ISPY2-790722/p-065,Malignant,True,train,5.826688166114165,aspect_ratio(z=+5.8),0.5140809746628245,False
train/Malignant/ISPY2-199115/p-011,Malignant,True,train,5.821144541319587,dynamic_range(z=-5.8),0.5893421853469485,True
train/Malignant/ACRIN-6698-280375/p-043,Malignant,True,train,5.821144541319587,"contrast(z=-3.3),dynamic_range(z=-5.8)",0.607242235958423,True
train/Malignant/ISPY2-972307/p-025,Malignant,True,train,5.819025732512586,aspect_ratio(z=+5.8),0.5051452947042191,False
train/Malignant/ACRIN-6698-786753/p-039,Malignant,True,train,5.818962258508203,"sharpness_lapvar(z=+5.8),noise_sigma(z=+5.3)",0.6100672539010062,True
train/Malignant/ISPY2-596079/p-028,Malignant,True,train,5.807529225521317,"sharpness_lapvar(z=+5.8),noise_sigma(z=+4.0)",0.6119240747676783,True
train/Malignant/ISPY2-802778/p-012,Malignant,True,train,5.795204101713866,"entropy(z=-3.6),dynamic_range(z=-5.8)",0.6034306002750836,True
train/Malignant/ISPY2-301968/p-067,Malignant,True,train,5.79513253482173,entropy(z=-5.8),0.49291554711827484,False
train/Malignant/ISPY2-847753/p-030,Malignant,True,train,5.794645261962107,"dynamic_range(z=-3.3),aspect_ratio(z=+5.8)",0.5165302745518134,False
train/Malignant/ACRIN-6698-317641/p-034,Malignant,True,train,5.790048570810714,"entropy(z=-5.8),dynamic_range(z=-3.6),snr(z=+5.1)",0.6296107082588452,True
train/Malignant/ISPY2-309830/p-115,Malignant,True,train,5.7894379509844045,hf_energy_frac(z=+5.8),0.5282112542143104,False
val/Malignant/ISPY2-178815/p-060,Malignant,True,val,5.788923314792096,aspect_ratio(z=+5.8),0.5165270905547406,False
train/Malignant/ISPY2-111674/p-021,Malignant,True,train,5.787239464436346,entropy(z=-5.8),0.5549476992017907,False
train/Malignant/ISPY2-301968/p-065,Malignant,True,train,5.7773296009675175,entropy(z=-5.8),0.48835409310342964,False
train/Malignant/ISPY2-446263/p-028,Malignant,True,train,5.774451251291145,dynamic_range(z=-5.8),0.5806325322097518,True
train/Malignant/ISPY2-414286/p-101,Malignant,True,train,5.773793000921035,hf_energy_frac(z=+5.8),0.4947047791347522,False
train/Malignant/ACRIN-6698-547892/p-028,Malignant,True,train,5.769262949625082,dynamic_range(z=-5.8),0.5964454117495683,True
train/Malignant/ISPY2-934906/p-065,Malignant,True,train,5.755704232610646,aspect_ratio(z=+5.8),0.5047875654632292,False
train/Malignant/ISPY2-916586/p-039,Malignant,True,train,5.747313243888385,entropy(z=-5.7),0.5567661959427362,False
train/Malignant/ISPY2-151230/p-074,Malignant,True,train,5.743322866260893,dynamic_range(z=-5.7),0.5701818187813621,False
val/Malignant/ISPY2-178815/p-020,Malignant,True,val,5.738570179696004,aspect_ratio(z=+5.7),0.5386187970288461,False
train/Malignant/ISPY2-831702/p-051,Malignant,True,train,5.738311942771088,hf_energy_frac(z=+5.7),0.5461448467391731,False
train/Malignant/ISPY2-791321/p-055,Malignant,True,train,5.728027904711394,entropy(z=-5.7),0.5869694542575981,True
train/Malignant/ACRIN-6698-580541/p-045,Malignant,True,train,5.72730189397943,"hf_energy_frac(z=+5.7),aspect_ratio(z=+4.5)",0.5997357085831665,True
train/Malignant/ISPY2-824512/p-093,Malignant,True,train,5.725827210487708,hf_energy_frac(z=+5.7),0.5280994735647935,False
train/Malignant/ISPY2-590299/p-039,Malignant,True,train,5.723790839588881,"sharpness_lapvar(z=+3.6),hf_energy_frac(z=+5.7)",0.6333801664935693,True
train/Malignant/ISPY2-726381/p-040,Malignant,True,train,5.720228399641708,hf_energy_frac(z=+5.7),0.5111749959164107,False
train/Malignant/ISPY2-627981/p-119,Malignant,True,train,5.719297454898477,"sharpness_lapvar(z=+5.7),noise_sigma(z=+5.4)",0.5856997690998936,True
train/Malignant/ISPY2-182346/p-052,Malignant,True,train,5.709479414423349,hf_energy_frac(z=+5.7),0.5050472622565746,False
train/Malignant/ISPY2-955953/p-082,Malignant,True,train,5.7070054670815145,"entropy(z=-3.3),dynamic_range(z=-5.7)",0.6354392193665985,True
train/Malignant/ISPY2-252748/p-041,Malignant,True,train,5.706080009217838,hf_energy_frac(z=+5.7),0.5075312503566253,False
train/Malignant/ISPY2-128051/p-082,Malignant,True,train,5.6943374062955066,"sharpness_lapvar(z=+5.7),noise_sigma(z=+4.3)",0.582876754803948,True
train/Malignant/ISPY2-201831/p-027,Malignant,True,train,5.690636084927175,"entropy(z=-5.7),dynamic_range(z=-3.3)",0.5938067351756616,True
train/Malignant/ISPY2-489194/p-055,Malignant,True,train,5.684933144484951,aspect_ratio(z=+5.7),0.48525598604543424,False
train/Malignant/ISPY2-418593/p-024,Malignant,True,train,5.682232183030378,hf_energy_frac(z=+5.7),0.5045035551351279,False
train/Malignant/ISPY2-885590/p-092,Malignant,True,train,5.678954617364031,hf_energy_frac(z=+5.7),0.5302669851778863,False
train/Malignant/ISPY2-959366/p-096,Malignant,True,train,5.677847611751186,"sharpness_lapvar(z=+5.7),noise_sigma(z=+5.5)",0.6277536488691694,True
train/Malignant/ACRIN-6698-522140/p-026,Malignant,True,train,5.665500478719136,"entropy(z=-3.5),dynamic_range(z=-5.7)",0.6338837907774052,True
train/Malignant/ISPY2-824512/p-050,Malignant,True,train,5.66355533342595,hf_energy_frac(z=+5.7),0.5616837248670031,False
train/Malignant/ISPY2-552313/p-060,Malignant,True,train,5.661824668033001,"sharpness_lapvar(z=+3.4),noise_sigma(z=+3.5),hf_energy_frac(z=+5.7)",0.5779548355630578,False
train/Malignant/ISPY2-318407/p-103,Malignant,True,train,5.66109215825002,hf_energy_frac(z=+5.7),0.5174714015859073,False
train/Malignant/ISPY2-905264/p-051,Malignant,True,train,5.6607337522596675,"sharpness_lapvar(z=+5.7),noise_sigma(z=+4.6)",0.6191025377582098,True
train/Malignant/ISPY2-767081/p-033,Malignant,True,train,5.660311820811541,dynamic_range(z=-5.7),0.5714424553518396,False
val/Malignant/ISPY2-178815/p-019,Malignant,True,val,5.654457556296853,aspect_ratio(z=+5.7),0.5245972508433189,False
train/Malignant/ISPY2-252748/p-042,Malignant,True,train,5.650955747289862,hf_energy_frac(z=+5.7),0.5058703363566996,False
train/Malignant/ISPY2-627981/p-117,Malignant,True,train,5.648958605237185,"sharpness_lapvar(z=+5.6),noise_sigma(z=+5.0)",0.5650184500349319,False
train/Malignant/ISPY2-520986/p-051,Malignant,True,train,5.640694988214199,entropy(z=-5.6),0.5637189552157207,False
train/Malignant/ACRIN-6698-547892/p-023,Malignant,True,train,5.6343713812058205,dynamic_range(z=-5.6),0.5969904829045833,True
train/Malignant/ACRIN-6698-895653/p-038,Malignant,True,train,5.634371024964288,"dynamic_range(z=-5.6),snr(z=+3.8)",0.6356539572469327,True
train/Malignant/ACRIN-6698-685795/p-037,Malignant,True,train,5.618850524506653,"entropy(z=-5.6),hf_energy_frac(z=+3.6)",0.5709059849277646,False
train/Malignant/ISPY2-115638/p-128,Malignant,True,train,5.61520499871058,aspect_ratio(z=+5.6),0.49453700166227127,False
train/Malignant/ISPY2-552313/p-069,Malignant,True,train,5.612199653677045,"sharpness_lapvar(z=+3.0),hf_energy_frac(z=+5.6)",0.5544472999669477,False
train/Malignant/ISPY2-422454/p-105,Malignant,True,train,5.6077458708386825,hf_energy_frac(z=+5.6),0.49116674073869365,False
train/Malignant/ISPY2-309830/p-114,Malignant,True,train,5.6071487023211,hf_energy_frac(z=+5.6),0.5283537525211466,False
train/Malignant/ISPY2-824512/p-054,Malignant,True,train,5.597678284027072,hf_energy_frac(z=+5.6),0.5904527738734815,True
train/Malignant/ISPY2-924868/p-055,Malignant,True,train,5.586736829810687,hf_energy_frac(z=+5.6),0.49731902729835953,False
train/Malignant/ISPY2-689188/p-002,Malignant,True,train,5.584363703464225,aspect_ratio(z=+5.6),0.5124253109853093,False
train/Malignant/ISPY2-342996/p-041,Malignant,True,train,5.584363703464225,"snr(z=+4.0),aspect_ratio(z=+5.6)",0.5743476760816877,False
train/Malignant/ISPY2-437162/p-064,Malignant,True,train,5.578552646602476,entropy(z=-5.6),0.5246092459795567,False
train/Malignant/ISPY2-159352/p-027,Malignant,True,train,5.575536893224545,hf_energy_frac(z=+5.6),0.559305337772281,False
train/Malignant/ISPY2-446263/p-025,Malignant,True,train,5.572113898662252,"contrast(z=-3.1),dynamic_range(z=-5.6)",0.583246852275359,True
train/Malignant/ACRIN-6698-412772/p-032,Malignant,True,train,5.572113186179189,dynamic_range(z=-5.6),0.5680642688349474,False
train/Malignant/ISPY2-461824/p-042,Malignant,True,train,5.569727072948769,"dynamic_range(z=-3.9),snr(z=+5.6)",0.6176912005989021,True
train/Malignant/ISPY2-446263/p-026,Malignant,True,train,5.566925596996189,"contrast(z=-3.1),dynamic_range(z=-5.6)",0.5917442221573961,True
train/Malignant/ISPY2-131595/p-026,Malignant,True,train,5.5669252407546574,dynamic_range(z=-5.6),0.5853183706924887,True
train/Malignant/ISPY2-959366/p-121,Malignant,True,train,5.566737636951581,"sharpness_lapvar(z=+4.0),noise_sigma(z=+5.6)",0.5861831446986638,True
train/Malignant/ISPY2-120001/p-029,Malignant,True,train,5.556549349905595,"contrast(z=-3.2),dynamic_range(z=-5.6)",0.5968552459281419,True
train/Malignant/ISPY2-596079/p-029,Malignant,True,train,5.55437350674913,"sharpness_lapvar(z=+5.6),noise_sigma(z=+3.3)",0.6006457514639251,True
val/Malignant/ISPY2-930853/p-023,Malignant,True,val,5.547221854558316,"entropy(z=-5.1),snr(z=+5.5)",0.5591255263483752,False
train/Malignant/ISPY2-567907/p-052,Malignant,True,train,5.54603562917541,entropy(z=-5.5),0.5164783265079858,False
train/Malignant/ISPY2-650589/p-089,Malignant,True,train,5.543783051824284,"hf_energy_frac(z=+3.4),aspect_ratio(z=+5.5)",0.5700045220954563,False
train/Malignant/ISPY2-188511/p-065,Malignant,True,train,5.531557341891303,"noise_sigma(z=+3.3),hf_energy_frac(z=+5.5)",0.5680937723100921,False
train/Malignant/ISPY2-491779/p-092,Malignant,True,train,5.523841358828775,hf_energy_frac(z=+5.5),0.5942829642496813,True
train/Malignant/ACRIN-6698-890372/p-063,Malignant,True,train,5.520232306967747,dynamic_range(z=-5.5),0.5904180850912115,True
val/Malignant/ISPY2-930853/p-029,Malignant,True,val,5.518099709952861,snr(z=+5.5),0.5201341071579809,False
val/Malignant/ACRIN-6698-955035/p-069,Malignant,True,val,5.515044005301684,"contrast(z=-3.2),dynamic_range(z=-5.5)",0.6223750829343332,True
train/Malignant/ACRIN-6698-863161/p-098,Malignant,True,train,5.5144899442536275,"sharpness_lapvar(z=+5.5),noise_sigma(z=+3.9)",0.5466159663595687,False
train/Malignant/ISPY2-572444/p-031,Malignant,True,train,5.514116982832031,"sharpness_lapvar(z=+3.8),noise_sigma(z=+5.5)",0.578144592063709,False
train/Malignant/ISPY2-885590/p-070,Malignant,True,train,5.508837029361062,hf_energy_frac(z=+5.5),0.5654255910924332,False
train/Malignant/ISPY2-461824/p-044,Malignant,True,train,5.50466775821109,dynamic_range(z=-5.5),0.5991097952012154,True
train/Malignant/ISPY2-570685/p-026,Malignant,True,train,5.499479812786558,dynamic_range(z=-5.5),0.5860254284722347,True
train/Malignant/ISPY2-768214/p-119,Malignant,True,train,5.4986934388910145,aspect_ratio(z=+5.5),0.5288099606828165,False
train/Malignant/ISPY2-768214/p-118,Malignant,True,train,5.4986934388910145,"dynamic_range(z=-3.2),aspect_ratio(z=+5.5)",0.5376297728818499,False
train/Malignant/ISPY2-309830/p-118,Malignant,True,train,5.4986584221148265,hf_energy_frac(z=+5.5),0.4759107582499445,False
train/Malignant/ACRIN-6698-801641/p-017,Malignant,True,train,5.491839817725158,aspect_ratio(z=+5.5),0.4875815775296579,False
train/Malignant/ISPY2-349639/p-116,Malignant,True,train,5.489736746387851,"sharpness_lapvar(z=+3.2),noise_sigma(z=+3.2),hf_energy_frac(z=+5.5)",0.5835616547083721,True
train/Malignant/ISPY2-422454/p-106,Malignant,True,train,5.489388388288161,hf_energy_frac(z=+5.5),0.4993212552547182,False
train/Malignant/ISPY2-446263/p-029,Malignant,True,train,5.489103209454432,dynamic_range(z=-5.5),0.5626860394630944,False
train/Malignant/ISPY2-422454/p-104,Malignant,True,train,5.487113782155795,hf_energy_frac(z=+5.5),0.49888915517588134,False
train/Malignant/ACRIN-6698-863161/p-106,Malignant,True,train,5.486383187006708,"sharpness_lapvar(z=+4.2),noise_sigma(z=+3.1),hf_energy_frac(z=+5.5)",0.5945096283355654,True
train/Malignant/ISPY2-120422/p-076,Malignant,True,train,5.479768225565061,hf_energy_frac(z=+5.5),0.5840115000753192,True
train/Malignant/ACRIN-6698-522140/p-048,Malignant,True,train,5.478727318605369,dynamic_range(z=-5.5),0.5529986136573174,False
train/Malignant/ACRIN-6698-169918/p-026,Malignant,True,train,5.474216220441526,aspect_ratio(z=+5.5),0.5160946061085933,False
train/Malignant/ACRIN-6698-863161/p-094,Malignant,True,train,5.4713315703562895,"sharpness_lapvar(z=+5.5),noise_sigma(z=+3.9)",0.542016932866427,False
train/Malignant/ACRIN-6698-863161/p-095,Malignant,True,train,5.4708166148034545,"sharpness_lapvar(z=+5.5),noise_sigma(z=+3.8)",0.5374135284533654,False
train/Malignant/ISPY2-111674/p-022,Malignant,True,train,5.469626154306597,entropy(z=-5.5),0.5436257644935697,False
train/Malignant/ISPY2-767081/p-034,Malignant,True,train,5.4683507152732425,dynamic_range(z=-5.5),0.5614064799780835,False
train/Malignant/ISPY2-451482/p-068,Malignant,True,train,5.464293768357444,"sharpness_lapvar(z=+4.4),noise_sigma(z=+5.5)",0.6108660666933011,True
train/Malignant/ISPY2-236470/p-085,Malignant,True,train,5.463162413607179,dynamic_range(z=-5.5),0.5908833182093456,True
train/Malignant/ISPY2-451482/p-112,Malignant,True,train,5.453424985302973,"sharpness_lapvar(z=+3.8),noise_sigma(z=+3.8),hf_energy_frac(z=+5.5)",0.6109017231710784,True
train/Malignant/ISPY2-953262/p-077,Malignant,True,train,5.445800829352371,"sharpness_lapvar(z=+4.2),hf_energy_frac(z=+5.4)",0.5507329422242366,False
val/Malignant/ISPY2-157463/p-029,Malignant,True,val,5.445091520126177,"dynamic_range(z=-3.9),snr(z=+5.4)",0.5555979295897868,False
train/Malignant/ISPY2-309830/p-116,Malignant,True,train,5.441505258475875,hf_energy_frac(z=+5.4),0.4998327378194146,False
train/Malignant/ACRIN-6698-685795/p-031,Malignant,True,train,5.43529305971155,entropy(z=-5.4),0.5253750156453632,False
train/Malignant/ISPY2-726381/p-084,Malignant,True,train,5.433624881828177,hf_energy_frac(z=+5.4),0.5160837392154278,False
train/Malignant/ISPY2-767081/p-048,Malignant,True,train,5.416469123578738,dynamic_range(z=-5.4),0.5892960044305143,True
train/Malignant/ISPY2-446263/p-045,Malignant,True,train,5.4112808219126745,dynamic_range(z=-5.4),0.5772520100944073,False
val/Malignant/ISPY2-151481/p-106,Malignant,True,val,5.410580443533886,hf_energy_frac(z=+5.4),0.5325871925863718,False
train/Malignant/ISPY2-141782/p-086,Malignant,True,train,5.408749435162185,hf_energy_frac(z=+5.4),0.5405380792929027,False
train/Malignant/ISPY2-997702/p-116,Malignant,True,train,5.406433153966018,aspect_ratio(z=+5.4),0.5372452237540962,False
train/Malignant/ACRIN-6698-412772/p-031,Malignant,True,train,5.4060928764881435,dynamic_range(z=-5.4),0.564399468945447,False
train/Malignant/ACRIN-6698-522140/p-047,Malignant,True,train,5.400904931063612,dynamic_range(z=-5.4),0.5506767202125404,False
train/Malignant/ACRIN-6698-547892/p-024,Malignant,True,train,5.400904931063612,dynamic_range(z=-5.4),0.5542269794602491,False
train/Malignant/ISPY2-282082/p-118,Malignant,True,train,5.397879359097893,hf_energy_frac(z=+5.4),0.5525584020755249,False
train/Malignant/ISPY2-828199/p-018,Malignant,True,train,5.395889121403162,aspect_ratio(z=+5.4),0.4968796120499855,False
train/Malignant/ISPY2-461824/p-036,Malignant,True,train,5.394470172522168,"dynamic_range(z=-3.8),snr(z=+5.4)",0.6113041950502501,True
train/Malignant/ISPY2-318438/p-100,Malignant,True,train,5.380493410836332,"sharpness_lapvar(z=+5.4),noise_sigma(z=+4.3)",0.5806390961189323,True
train/Malignant/ISPY2-342996/p-042,Malignant,True,train,5.377501357299644,"snr(z=+3.8),aspect_ratio(z=+5.4)",0.5772429343485113,False
train/Malignant/ISPY2-590299/p-051,Malignant,True,train,5.368474636739735,aspect_ratio(z=+5.4),0.5281028406921104,False
train/Malignant/ISPY2-208265/p-131,Malignant,True,train,5.358478806024176,"sharpness_lapvar(z=+5.4),noise_sigma(z=+4.0)",0.6083135868446996,True
train/Malignant/ACRIN-6698-863161/p-099,Malignant,True,train,5.357044578330986,"sharpness_lapvar(z=+5.4),noise_sigma(z=+3.7)",0.5336050350270066,False
train/Malignant/ISPY2-567907/p-053,Malignant,True,train,5.349318902836333,entropy(z=-5.3),0.5066262035810536,False
train/Malignant/ISPY2-446263/p-031,Malignant,True,train,5.349023339369107,dynamic_range(z=-5.3),0.5421371095712203,False
train/Malignant/ISPY2-802778/p-014,Malignant,True,train,5.349023339369107,"entropy(z=-3.8),dynamic_range(z=-5.3)",0.6145853834981354,True
train/Malignant/ISPY2-493519/p-074,Malignant,True,train,5.348660741241647,hf_energy_frac(z=+5.3),0.5368530542556369,False
train/Malignant/ACRIN-6698-863161/p-097,Malignant,True,train,5.345385168843646,"sharpness_lapvar(z=+5.3),noise_sigma(z=+3.8)",0.5417488849845635,False
train/Malignant/ISPY2-570685/p-030,Malignant,True,train,5.343835037703044,dynamic_range(z=-5.3),0.5552116897449226,False
train/Malignant/ACRIN-6698-323721/p-032,Malignant,True,train,5.343835037703044,dynamic_range(z=-5.3),0.5742226344289506,False
train/Malignant/ISPY2-201831/p-035,Malignant,True,train,5.3386467360369805,"contrast(z=-3.6),entropy(z=-4.3),dynamic_range(z=-5.3)",0.6456297272974181,True
train/Malignant/ISPY2-924812/p-127,Malignant,True,train,5.337855573136708,hf_energy_frac(z=+5.3),0.5520480181347891,False
train/Malignant/ISPY2-446263/p-032,Malignant,True,train,5.333459146853981,dynamic_range(z=-5.3),0.5493831993573685,False
train/Malignant/ACRIN-6698-323721/p-054,Malignant,True,train,5.333458434370917,dynamic_range(z=-5.3),0.546648806933311,False
train/Malignant/ACRIN-6698-169918/p-023,Malignant,True,train,5.327352909744592,aspect_ratio(z=+5.3),0.512790652800817,False
train/Malignant/ACRIN-6698-641246/p-076,Malignant,True,train,5.327352909744592,aspect_ratio(z=+5.3),0.5450135257227509,False
train/Malignant/ISPY2-504838/p-086,Malignant,True,train,5.327352909744592,aspect_ratio(z=+5.3),0.4958947299157485,False
train/Malignant/ACRIN-6698-899692/p-019,Malignant,True,train,5.323083256004918,dynamic_range(z=-5.3),0.5690965561064809,False
train/Malignant/ISPY2-567907/p-051,Malignant,True,train,5.32254334581774,entropy(z=-5.3),0.5157851081564254,False
train/Malignant/ISPY2-566011/p-065,Malignant,True,train,5.308994995907476,aspect_ratio(z=+5.3),0.5419300215386372,False
train/Malignant/ACRIN-6698-326433/p-076,Malignant,True,train,5.299773363144092,sharpness_lapvar(z=+5.3),0.5578556759432955,False
train/Malignant/ISPY2-689188/p-019,Malignant,True,train,5.299051569286958,"entropy(z=-4.6),dynamic_range(z=-4.7),snr(z=+5.3)",0.6604290412656697,True
train/Malignant/ISPY2-987995/p-118,Malignant,True,train,5.296428896429299,hf_energy_frac(z=+5.3),0.5452725082303986,False
train/Malignant/ISPY2-485637/p-116,Malignant,True,train,5.2953888434048215,hf_energy_frac(z=+5.3),0.47862585708079275,False
train/Malignant/ISPY2-491779/p-098,Malignant,True,train,5.285529708837205,hf_energy_frac(z=+5.3),0.5563889598131782,False
train/Malignant/ISPY2-528479/p-048,Malignant,True,train,5.2853439820557,hf_energy_frac(z=+5.3),0.5151216937394998,False
train/Malignant/ACRIN-6698-685795/p-035,Malignant,True,train,5.28488369028872,entropy(z=-5.3),0.5737165392113391,False
train/Malignant/ISPY2-726381/p-081,Malignant,True,train,5.282655380402047,aspect_ratio(z=+5.3),0.48635701515476903,False
train/Malignant/ISPY2-380972/p-024,Malignant,True,train,5.280963052168495,snr(z=+5.3),0.5134172181035975,False
train/Malignant/ACRIN-6698-280375/p-045,Malignant,True,train,5.276389253493413,"contrast(z=-3.1),dynamic_range(z=-5.3)",0.5492107292129963,False
train/Malignant/ISPY2-953262/p-080,Malignant,True,train,5.268785799791281,"sharpness_lapvar(z=+4.2),noise_sigma(z=+3.0),hf_energy_frac(z=+5.3)",0.594180960996967,True
train/Malignant/ACRIN-6698-755914/p-067,Malignant,True,train,5.26601336264435,"dynamic_range(z=-5.3),snr(z=+5.0)",0.6099373351458648,True
train/Malignant/ISPY2-301968/p-062,Malignant,True,train,5.263283001672343,entropy(z=-5.3),0.4778498043072924,False
train/Malignant/ACRIN-6698-144302/p-084,Malignant,True,train,5.263079932699378,"contrast(z=-3.0),entropy(z=-3.5),dynamic_range(z=-4.8),snr(z=+5.3)",0.6680580724405046,True
train/Malignant/ISPY2-128051/p-079,Malignant,True,train,5.2620990109559465,"sharpness_lapvar(z=+5.3),noise_sigma(z=+4.5)",0.5980197371797733,True
train/Malignant/ISPY2-294265/p-016,Malignant,True,train,5.261027543623396,aspect_ratio(z=+5.3),0.4767321224518843,False
train/Malignant/ACRIN-6698-899692/p-037,Malignant,True,train,5.260825060978287,dynamic_range(z=-5.3),0.5446497094253364,False
train/Malignant/ACRIN-6698-522140/p-033,Malignant,True,train,5.260825060978287,"dynamic_range(z=-5.3),snr(z=+3.4)",0.5686469785622383,False
train/Malignant/ISPY2-235995/p-025,Malignant,True,train,5.257237300442558,entropy(z=-5.3),0.5252936943546287,False
train/Malignant/ACRIN-6698-522140/p-028,Malignant,True,train,5.255636759312224,dynamic_range(z=-5.3),0.5381276138739375,False
train/Malignant/ISPY2-451482/p-114,Malignant,True,train,5.254732958926604,"sharpness_lapvar(z=+4.4),noise_sigma(z=+4.4),hf_energy_frac(z=+5.3)",0.6432577346368628,True
train/Malignant/ACRIN-6698-144302/p-085,Malignant,True,train,5.252353749127754,"entropy(z=-3.5),dynamic_range(z=-3.5),snr(z=+5.3)",0.6628988617867134,True
train/Malignant/ISPY2-330134/p-045,Malignant,True,train,5.250449170129224,"contrast(z=-3.0),dynamic_range(z=-5.3)",0.5917494058536886,True
train/Malignant/ISPY2-934459/p-058,Malignant,True,train,5.249422358448348,hf_energy_frac(z=+5.2),0.5187081976788384,False
train/Malignant/ISPY2-824512/p-061,Malignant,True,train,5.24792419976804,"entropy(z=-3.1),hf_energy_frac(z=+5.2)",0.5860151571718701,True
train/Malignant/ISPY2-451482/p-072,Malignant,True,train,5.2474292332340005,"sharpness_lapvar(z=+3.7),noise_sigma(z=+3.7),hf_energy_frac(z=+5.2)",0.5915738091581374,True
train/Malignant/ISPY2-570685/p-031,Malignant,True,train,5.245260155980097,dynamic_range(z=-5.2),0.5495031661206239,False
val/Malignant/ISPY2-199960/p-117,Malignant,True,val,5.24510945575431,aspect_ratio(z=+5.2),0.47626216503805063,False
val/Malignant/ISPY2-157463/p-035,Malignant,True,val,5.236624725524199,"dynamic_range(z=-3.4),snr(z=+5.2)",0.5455663269307827,False
train/Malignant/ISPY2-742477/p-070,Malignant,True,train,5.233894439301089,aspect_ratio(z=+5.2),0.5546800565249146,False
train/Malignant/ISPY2-572016/p-044,Malignant,True,train,5.229272444633717,hf_energy_frac(z=+5.2),0.5502290507974832,False
train/Malignant/ACRIN-6698-863161/p-096,Malignant,True,train,5.225045154716117,"sharpness_lapvar(z=+5.2),noise_sigma(z=+3.7)",0.5275747366093648,False
train/Malignant/ACRIN-6698-421917/p-013,Malignant,True,train,5.224548592256739,aspect_ratio(z=+5.2),0.5036759600450741,False
train/Malignant/ACRIN-6698-890372/p-060,Malignant,True,train,5.224508374281972,dynamic_range(z=-5.2),0.5728618657355766,False
train/Malignant/ISPY2-228192/p-075,Malignant,True,train,5.219137838704748,aspect_ratio(z=+5.2),0.497210128055831,False
val/Malignant/ISPY2-123660/p-036,Malignant,True,val,5.216882071174092,hf_energy_frac(z=+5.2),0.48158351244738196,False
train/Malignant/ISPY2-701790/p-062,Malignant,True,train,5.212820199751756,entropy(z=-5.2),0.5202278894846399,False
train/Malignant/ISPY2-732137/p-143,Malignant,True,train,5.2091108442258065,hf_energy_frac(z=+5.2),0.5411764544810537,False
val/Malignant/ISPY2-345483/p-075,Malignant,True,val,5.2048271798582695,hf_energy_frac(z=+5.2),0.5604902652432224,False
train/Malignant/ISPY2-953262/p-079,Malignant,True,train,5.20255159853122,"sharpness_lapvar(z=+3.8),hf_energy_frac(z=+5.2)",0.5809735602467707,True
train/Malignant/ISPY2-235995/p-024,Malignant,True,train,5.200875599872063,entropy(z=-5.2),0.5389567688603798,False
train/Malignant/ISPY2-208265/p-130,Malignant,True,train,5.194847345326745,"sharpness_lapvar(z=+5.2),noise_sigma(z=+4.7)",0.5941709697538049,True
train/Malignant/ISPY2-796558/p-103,Malignant,True,train,5.194361886946783,hf_energy_frac(z=+5.2),0.5143384134173697,False
train/Malignant/ISPY2-904269/p-043,Malignant,True,train,5.193379276768656,dynamic_range(z=-5.2),0.5920399742667035,True
train/Malignant/ISPY2-934906/p-066,Malignant,True,train,5.188428156382629,aspect_ratio(z=+5.2),0.4957927047330906,False
train/Malignant/ACRIN-6698-522140/p-042,Malignant,True,train,5.188190975102593,dynamic_range(z=-5.2),0.5453063112725001,False
train/Malignant/ISPY2-437162/p-054,Malignant,True,train,5.183752047597875,entropy(z=-5.2),0.5023267959764349,False
train/Malignant/ISPY2-728287/p-075,Malignant,True,train,5.1830033859195925,dynamic_range(z=-5.2),0.5971892132737785,True
train/Malignant/ACRIN-6698-987914/p-027,Malignant,True,train,5.1830033859195925,dynamic_range(z=-5.2),0.5795566977043601,True
train/Malignant/ACRIN-6698-685795/p-036,Malignant,True,train,5.182086551991927,entropy(z=-5.2),0.5738751624594237,False
train/Malignant/ISPY2-831702/p-037,Malignant,True,train,5.18048959904766,"dynamic_range(z=-3.5),aspect_ratio(z=+5.2)",0.5476202945334515,False
train/Malignant/ISPY2-151230/p-075,Malignant,True,train,5.177815084253529,dynamic_range(z=-5.2),0.5498821388688393,False
train/Malignant/ISPY2-491779/p-091,Malignant,True,train,5.164794751882692,hf_energy_frac(z=+5.2),0.5790941148288749,False
train/Malignant/ISPY2-349639/p-124,Malignant,True,train,5.162508387732173,hf_energy_frac(z=+5.2),0.527337628539851,False
train/Malignant/ISPY2-531672/p-084,Malignant,True,train,5.161471087505325,"sharpness_lapvar(z=+5.2),noise_sigma(z=+5.1)",0.5592609153221778,False
train/Malignant/ISPY2-301968/p-061,Malignant,True,train,5.155238133475704,entropy(z=-5.2),0.4855411477715722,False
train/Malignant/ISPY2-282082/p-046,Malignant,True,train,5.153822227250812,"hf_energy_frac(z=+5.2),aspect_ratio(z=+3.2)",0.5630405412750175,False
train/Malignant/ISPY2-851223/p-035,Malignant,True,train,5.151873575923214,dynamic_range(z=-5.2),0.5589197745176162,False
train/Malignant/ACRIN-6698-547892/p-031,Malignant,True,train,5.146685986740215,"entropy(z=-4.1),dynamic_range(z=-5.1)",0.5834720483929802,True
train/Malignant/ACRIN-6698-165925/p-009,Malignant,True,train,5.143773771373427,"dynamic_range(z=-3.3),aspect_ratio(z=+5.1)",0.5500893791865733,False
train/Malignant/ACRIN-6698-755914/p-065,Malignant,True,train,5.141498397557214,"dynamic_range(z=-5.1),snr(z=+5.1)",0.6179400170441735,True
train/Malignant/ISPY2-531672/p-078,Malignant,True,train,5.138326949308008,"sharpness_lapvar(z=+4.2),noise_sigma(z=+4.9),hf_energy_frac(z=+5.1)",0.6112668585189651,True
val/Malignant/ISPY2-815421/p-017,Malignant,True,val,5.1360890632555645,aspect_ratio(z=+5.1),0.5092489255675161,False
train/Malignant/ISPY2-252748/p-037,Malignant,True,train,5.136070104103288,hf_energy_frac(z=+5.1),0.5227635524335256,False
train/Malignant/ISPY2-540539/p-125,Malignant,True,train,5.131864057806478,hf_energy_frac(z=+5.1),0.5117826087258345,False
train/Malignant/ISPY2-446263/p-033,Malignant,True,train,5.131121794225088,dynamic_range(z=-5.1),0.5391793245600686,False
train/Malignant/ACRIN-6698-924071/p-020,Malignant,True,train,5.131121794225088,dynamic_range(z=-5.1),0.5891880085703463,True
train/Malignant/ISPY2-491779/p-061,Malignant,True,train,5.128593947570026,hf_energy_frac(z=+5.1),0.5515313778858589,False
val/Malignant/ISPY2-714205/p-052,Malignant,True,val,5.128386479493051,hf_energy_frac(z=+5.1),0.49063213658437205,False
train/Malignant/ISPY2-461824/p-040,Malignant,True,train,5.1259334925590245,"dynamic_range(z=-5.1),snr(z=+5.1)",0.5939577668688921,True
train/Malignant/ISPY2-767081/p-035,Malignant,True,train,5.1259334925590245,dynamic_range(z=-5.1),0.5317020840015416,False
train/Malignant/ISPY2-726381/p-041,Malignant,True,train,5.125740309095466,hf_energy_frac(z=+5.1),0.4968219231561116,False
train/Malignant/ACRIN-6698-899692/p-026,Malignant,True,train,5.120745190892962,dynamic_range(z=-5.1),0.5176711917482425,False
train/Malignant/ISPY2-520986/p-055,Malignant,True,train,5.1204243686852156,entropy(z=-5.1),0.48801315051641,False
train/Malignant/ISPY2-783771/p-017,Malignant,True,train,5.112934268636605,"entropy(z=-5.1),snr(z=+4.2)",0.5922939785688466,True
train/Malignant/ISPY2-570685/p-027,Malignant,True,train,5.110368587560836,dynamic_range(z=-5.1),0.5762666319235573,False
train/Malignant/ISPY2-535569/p-031,Malignant,True,train,5.110368587560836,dynamic_range(z=-5.1),0.5960614102490744,True
train/Malignant/ACRIN-6698-522140/p-049,Malignant,True,train,5.105180285894773,"dynamic_range(z=-5.1),snr(z=+3.3)",0.5526749546144357,False
train/Malignant/ISPY2-105513/p-104,Malignant,True,train,5.105180285894773,dynamic_range(z=-5.1),0.5616556392497353,False
train/Malignant/ACRIN-6698-755914/p-079,Malignant,True,train,5.103443994678252,"dynamic_range(z=-4.2),snr(z=+5.1)",0.5866953299699669,True
train/Malignant/ISPY2-596079/p-025,Malignant,True,train,5.09933187560444,hf_energy_frac(z=+5.1),0.5767033883956253,False
train/Malignant/ISPY2-380972/p-027,Malignant,True,train,5.098998594776618,snr(z=+5.1),0.5429081389113944,False
train/Malignant/ISPY2-299840/p-044,Malignant,True,train,5.098898870882697,aspect_ratio(z=+5.1),0.4929522957423808,False
train/Malignant/ISPY2-115638/p-129,Malignant,True,train,5.098898870882697,aspect_ratio(z=+5.1),0.48251866569491714,False
train/Malignant/ISPY2-520986/p-070,Malignant,True,train,5.088420339845331,entropy(z=-5.1),0.4828000799733891,False
train/Malignant/ISPY2-491779/p-093,Malignant,True,train,5.086279075497112,hf_energy_frac(z=+5.1),0.5690471475761366,False
train/Malignant/ISPY2-446263/p-035,Malignant,True,train,5.079240202530583,"dynamic_range(z=-5.1),snr(z=+3.1)",0.5743225641385942,False
train/Malignant/ISPY2-329941/p-053,Malignant,True,train,5.07405190086452,"contrast(z=-3.2),entropy(z=-3.2),dynamic_range(z=-5.1)",0.6000765438567469,True
train/Malignant/ACRIN-6698-522140/p-027,Malignant,True,train,5.07405190086452,dynamic_range(z=-5.1),0.6079886532373057,True
train/Malignant/ISPY2-306127/p-025,Malignant,True,train,5.0723122535121234,hf_energy_frac(z=+5.1),0.5148014878903691,False
train/Malignant/ISPY2-981664/p-069,Malignant,True,train,5.07034211602496,aspect_ratio(z=+5.1),0.49720522456162025,False
train/Malignant/ISPY2-922872/p-027,Malignant,True,train,5.068863599198457,"contrast(z=-3.5),entropy(z=-3.1),dynamic_range(z=-5.1)",0.6003638850235127,True
train/Malignant/ISPY2-590220/p-010,Malignant,True,train,5.068863599198457,dynamic_range(z=-5.1),0.5985246098182145,True
train/Malignant/ACRIN-6698-547892/p-027,Malignant,True,train,5.063675297532394,dynamic_range(z=-5.1),0.566781888893917,False
val/Malignant/ISPY2-986734/p-030,Malignant,True,val,5.062629034604197,hf_energy_frac(z=+5.1),0.557187807339996,False
train/Malignant/ISPY2-876511/p-094,Malignant,True,train,5.062523026038538,hf_energy_frac(z=+5.1),0.47744512522048155,False
val/Malignant/ISPY2-930853/p-031,Malignant,True,val,5.060787754371068,snr(z=+5.1),0.54529950242925,False
train/Malignant/ACRIN-6698-755914/p-066,Malignant,True,train,5.060735491499847,"dynamic_range(z=-3.9),snr(z=+5.1)",0.5725813907994585,False
train/Malignant/ISPY2-282082/p-028,Malignant,True,train,5.059065292754968,"sharpness_lapvar(z=+5.1),noise_sigma(z=+4.9)",0.6130353290109779,True
train/Malignant/ISPY2-904269/p-042,Malignant,True,train,5.058487708349394,dynamic_range(z=-5.1),0.5892837701962524,True
val/Malignant/ISPY2-279902/p-060,Malignant,True,val,5.058486995866331,dynamic_range(z=-5.1),0.567774181868403,False
train/Malignant/ISPY2-515105/p-013,Malignant,True,train,5.0582127302397755,hf_energy_frac(z=+5.1),0.515001991494589,False
train/Malignant/ISPY2-473505/p-058,Malignant,True,train,5.056820813830929,hf_energy_frac(z=+5.1),0.5269289708077738,False
train/Malignant/ISPY2-865416/p-096,Malignant,True,train,5.056815232144979,aspect_ratio(z=+5.1),0.5124346758831761,False
val/Malignant/ISPY2-199960/p-118,Malignant,True,val,5.056815232144979,aspect_ratio(z=+5.1),0.47973127045511316,False
train/Malignant/ISPY2-865416/p-095,Malignant,True,train,5.056815232144979,aspect_ratio(z=+5.1),0.5224046113030946,False
train/Malignant/ACRIN-6698-641246/p-075,Malignant,True,train,5.056815232144979,aspect_ratio(z=+5.1),0.5420156241194873,False
train/Malignant/ACRIN-6698-928446/p-119,Malignant,True,train,5.054712078937177,hf_energy_frac(z=+5.1),0.5252176150599022,False
train/Malignant/ISPY2-228192/p-108,Malignant,True,train,5.054101502505682,hf_energy_frac(z=+5.1),0.5509979447349083,False
train/Malignant/ACRIN-6698-663144/p-065,Malignant,True,train,5.050572054969604,aspect_ratio(z=+5.1),0.48625922881435346,False
train/Malignant/ISPY2-959366/p-120,Malignant,True,train,5.047437390085035,"sharpness_lapvar(z=+3.9),noise_sigma(z=+5.0)",0.5818791906532674,True
train/Malignant/ISPY2-567907/p-054,Malignant,True,train,5.045980806406933,entropy(z=-5.0),0.5034210065756862,False
train/Malignant/ACRIN-6698-899692/p-034,Malignant,True,train,5.042923515834268,dynamic_range(z=-5.0),0.5312285006845808,False
train/Malignant/ISPY2-446263/p-038,Malignant,True,train,5.042923515834268,dynamic_range(z=-5.0),0.5544579134553596,False
train/Malignant/ACRIN-6698-863161/p-084,Malignant,True,train,5.037606432054288,"sharpness_lapvar(z=+5.0),noise_sigma(z=+3.2)",0.5257302918590465,False
train/Malignant/ACRIN-6698-323721/p-051,Malignant,True,train,5.032546912502141,dynamic_range(z=-5.0),0.5572488034785904,False
train/Malignant/ACRIN-6698-609151/p-034,Malignant,True,train,5.031581464484001,"entropy(z=-5.0),snr(z=+3.6)",0.5961827624490134,True
train/Malignant/ISPY2-531672/p-095,Malignant,True,train,5.031032553159027,"sharpness_lapvar(z=+4.6),noise_sigma(z=+5.0)",0.5606430010830835,False
train/Malignant/ISPY2-380972/p-026,Malignant,True,train,5.028888703841838,snr(z=+5.0),0.521210334556941,False
train/Malignant/ISPY2-701790/p-055,Malignant,True,train,5.028706378428384,entropy(z=-5.0),0.5354820304456751,False
train/Malignant/ACRIN-6698-748583/p-029,Malignant,True,train,5.027358610836078,dynamic_range(z=-5.0),0.5290391930189067,False
train/Malignant/ISPY2-446263/p-036,Malignant,True,train,5.027358610836078,dynamic_range(z=-5.0),0.5677460003446058,False
train/Malignant/ISPY2-159352/p-056,Malignant,True,train,5.018401184326789,hf_energy_frac(z=+5.0),0.5441665680685127,False
train/Malignant/ACRIN-6698-641246/p-035,Malignant,True,train,5.0163902632775175,sharpness_lapvar(z=+5.0),0.5866759464585717,True
train/Malignant/ISPY2-235995/p-032,Malignant,True,train,5.01531763800725,entropy(z=-5.0),0.5202457857568903,False
train/Malignant/ACRIN-6698-652480/p-067,Malignant,True,train,5.010710720135663,hf_energy_frac(z=+5.0),0.4910731678907193,False
train/Malignant/ACRIN-6698-522140/p-044,Malignant,True,train,5.006606116654889,dynamic_range(z=-5.0),0.5612862446298902,False
train/Malignant/ACRIN-6698-870077/p-030,Malignant,True,train,5.006605404171826,dynamic_range(z=-5.0),0.546280216714429,False
train/Malignant/ACRIN-6698-465008/p-033,Malignant,True,train,5.005549359133228,"entropy(z=-5.0),dynamic_range(z=-3.1)",0.5524666569092299,False
train/Malignant/ISPY2-461824/p-035,Malignant,True,train,5.004363821494657,"dynamic_range(z=-4.6),snr(z=+5.0)",0.5762094678913658,False
train/Malignant/ISPY2-105286/p-045,Malignant,True,train,5.002129205841374,hf_energy_frac(z=+5.0),0.5277328318511851,False
val/Malignant/ISPY2-453596/p-045,Malignant,True,val,5.001417814988826,dynamic_range(z=-5.0),0.529800907049954,False
train/Malignant/ISPY2-972307/p-024,Malignant,True,train,4.998379093783463,aspect_ratio(z=+5.0),0.5204285799404794,False
train/Malignant/ISPY2-155171/p-112,Malignant,True,train,4.996288158512523,aspect_ratio(z=+5.0),0.4958355135511086,False
val/Malignant/ISPY2-453596/p-046,Malignant,True,val,4.996230225805826,dynamic_range(z=-5.0),0.5276760916085734,False
train/Malignant/ACRIN-6698-802308/p-009,Malignant,True,train,4.9962295133227625,dynamic_range(z=-5.0),0.5498964192016722,False
train/Malignant/ISPY2-824512/p-067,Malignant,True,train,4.99603706922844,hf_energy_frac(z=+5.0),0.5895514887380908,True
train/Malignant/ACRIN-6698-323721/p-053,Malignant,True,train,4.991041924139763,dynamic_range(z=-5.0),0.5842928652740026,True
train/Malignant/ACRIN-6698-863161/p-088,Malignant,True,train,4.9902549943287235,"sharpness_lapvar(z=+5.0),noise_sigma(z=+3.5)",0.5362478341115936,False
train/Malignant/ISPY2-531672/p-083,Malignant,True,train,4.989419471151933,"sharpness_lapvar(z=+4.7),noise_sigma(z=+5.0)",0.5723690137184375,False
train/Malignant/ISPY2-824512/p-091,Malignant,True,train,4.988564435891059,hf_energy_frac(z=+5.0),0.5377369723873194,False
train/Malignant/ISPY2-303947/p-108,Malignant,True,train,4.988040888419119,"sharpness_lapvar(z=+3.4),hf_energy_frac(z=+5.0)",0.5562688271022641,False
train/Malignant/ACRIN-6698-287961/p-121,Malignant,True,train,4.984671851451749,aspect_ratio(z=+5.0),0.5138215835405673,False
val/Malignant/ISPY2-123660/p-086,Malignant,True,val,4.984671851451749,aspect_ratio(z=+5.0),0.5364621287078178,False
train/Malignant/ISPY2-451482/p-118,Malignant,True,train,4.9813197319374805,"sharpness_lapvar(z=+4.6),noise_sigma(z=+5.0),hf_energy_frac(z=+4.0)",0.6376607256281837,True
train/Malignant/ACRIN-6698-899692/p-036,Malignant,True,train,4.980665320807637,"dynamic_range(z=-5.0),snr(z=+3.1)",0.5567575253515308,False
train/Malignant/ISPY2-446263/p-042,Malignant,True,train,4.980665320807637,dynamic_range(z=-5.0),0.5445848386028525,False
train/Malignant/ISPY2-689188/p-018,Malignant,True,train,4.980641661476102,"entropy(z=-4.3),dynamic_range(z=-4.1),snr(z=+5.0)",0.6369882501476565,True
train/Malignant/ISPY2-111344/p-072,Malignant,True,train,4.978457626083537,hf_energy_frac(z=+5.0),0.5364360977080292,False
train/Malignant/ISPY2-567907/p-050,Malignant,True,train,4.977815001215141,entropy(z=-5.0),0.5139223800096803,False
train/Malignant/ISPY2-485637/p-130,Malignant,True,train,4.9728816206116555,hf_energy_frac(z=+5.0),0.520877857643547,False
train/Malignant/ACRIN-6698-973837/p-064,Malignant,True,train,4.972855263234755,aspect_ratio(z=+5.0),0.4860926154721637,False
train/Malignant/ISPY2-597253/p-043,Malignant,True,train,4.972855263234755,"sharpness_lapvar(z=+4.3),noise_sigma(z=+3.1),aspect_ratio(z=+5.0)",0.5781785167592333,False
train/Malignant/ISPY2-640463/p-043,Malignant,True,train,4.971858760544514,hf_energy_frac(z=+5.0),0.5165530998854397,False
train/Malignant/ISPY2-102011/p-036,Malignant,True,train,4.970289429958574,dynamic_range(z=-5.0),0.5212093763705472,False
train/Malignant/ISPY2-733276/p-047,Malignant,True,train,4.97028871747551,dynamic_range(z=-5.0),0.5074033359031841,False
train/Malignant/ISPY2-728287/p-118,Malignant,True,train,4.967537798537106,aspect_ratio(z=+5.0),0.5048363322797359,False
train/Malignant/ISPY2-255577/p-034,Malignant,True,train,4.965840782213164,snr(z=+5.0),0.5265926293935608,False
train/Malignant/ISPY2-303947/p-107,Malignant,True,train,4.961199337760956,"sharpness_lapvar(z=+3.4),noise_sigma(z=+3.1),hf_energy_frac(z=+5.0)",0.5619381737981933,False
train/Malignant/ACRIN-6698-899692/p-027,Malignant,True,train,4.959913539109511,dynamic_range(z=-5.0),0.5178310673917904,False
train/Malignant/ACRIN-6698-755914/p-077,Malignant,True,train,4.959912826626447,"dynamic_range(z=-5.0),snr(z=+3.7)",0.5972922251534479,True
train/Malignant/ACRIN-6698-899692/p-025,Malignant,True,train,4.959912826626447,dynamic_range(z=-5.0),0.5176124925460128,False
train/Malignant/ISPY2-728287/p-077,Malignant,True,train,4.959912114143385,dynamic_range(z=-5.0),0.5959270116037171,True
train/Malignant/ISPY2-924812/p-126,Malignant,True,train,4.957104554536348,hf_energy_frac(z=+5.0),0.5503022106525208,False
train/Malignant/ACRIN-6698-870077/p-031,Malignant,True,train,4.954724524960384,dynamic_range(z=-5.0),0.561211993306526,False
train/Malignant/ISPY2-318438/p-098,Malignant,True,train,4.9544737411184725,"sharpness_lapvar(z=+5.0),noise_sigma(z=+4.1)",0.5640077056499412,False
train/Malignant/ACRIN-6698-383456/p-052,Malignant,True,train,4.953519027970581,aspect_ratio(z=+5.0),0.569726057802025,False
train/Malignant/ISPY2-520986/p-069,Malignant,True,train,4.950503527337112,entropy(z=-5.0),0.48894469943126356,False
train/Malignant/ISPY2-306127/p-026,Malignant,True,train,4.949084098273522,hf_energy_frac(z=+4.9),0.5052581992473124,False
train/Malignant/ISPY2-155171/p-113,Malignant,True,train,4.948600161105134,aspect_ratio(z=+4.9),0.49210986200719975,False
train/Malignant/ISPY2-916586/p-037,Malignant,True,train,4.945021271615006,entropy(z=-4.9),0.5765734362790883,False
train/Malignant/ACRIN-6698-547892/p-026,Malignant,True,train,4.944348634111321,dynamic_range(z=-4.9),0.5675519820912616,False
train/Malignant/ISPY2-264678/p-054,Malignant,True,train,4.943527215471122,hf_energy_frac(z=+4.9),0.5329806074825789,False
train/Malignant/ACRIN-6698-638126/p-011,Malignant,True,train,4.941836719165143,aspect_ratio(z=+4.9),0.5018068022780175,False
train/Malignant/ISPY2-531672/p-099,Malignant,True,train,4.94116234549696,"sharpness_lapvar(z=+4.1),noise_sigma(z=+4.9)",0.5546755075960764,False
train/Malignant/ISPY2-953262/p-104,Malignant,True,train,4.939863279413505,"sharpness_lapvar(z=+4.9),noise_sigma(z=+3.3)",0.5139295325187446,False
train/Malignant/ISPY2-781642/p-059,Malignant,True,train,4.939160332445258,"entropy(z=-3.3),dynamic_range(z=-4.9)",0.6131477295948828,True
train/Malignant/ACRIN-6698-522140/p-043,Malignant,True,train,4.939160332445258,dynamic_range(z=-4.9),0.561985947979192,False
train/Malignant/ACRIN-6698-870077/p-015,Malignant,True,train,4.939160332445258,dynamic_range(z=-4.9),0.5437391289253926,False
train/Malignant/ISPY2-824512/p-090,Malignant,True,train,4.929314193843801,hf_energy_frac(z=+4.9),0.5439442444659827,False
train/Malignant/ISPY2-570685/p-029,Malignant,True,train,4.928783729113132,dynamic_range(z=-4.9),0.5692052173871075,False
train/Malignant/ACRIN-6698-863161/p-100,Malignant,True,train,4.928141667374239,"sharpness_lapvar(z=+4.9),noise_sigma(z=+3.4)",0.5256189899259612,False
train/Malignant/ISPY2-706943/p-015,Malignant,True,train,4.92616532930419,aspect_ratio(z=+4.9),0.5394580451352106,False
train/Malignant/ACRIN-6698-860243/p-067,Malignant,True,train,4.92616532930419,"contrast(z=-3.3),aspect_ratio(z=+4.9)",0.6148765603842106,True
train/Malignant/ISPY2-567907/p-048,Malignant,True,train,4.925786415017472,entropy(z=-4.9),0.528737885617313,False
train/Malignant/ACRIN-6698-522140/p-032,Malignant,True,train,4.923595427447069,dynamic_range(z=-4.9),0.521004592537629,False
train/Malignant/ACRIN-6698-870077/p-026,Malignant,True,train,4.923595427447069,dynamic_range(z=-4.9),0.508982203284536,False
val/Malignant/ISPY2-123660/p-089,Malignant,True,val,4.923478805328027,aspect_ratio(z=+4.9),0.5256854333708793,False
train/Malignant/ISPY2-228340/p-071,Malignant,True,train,4.91613563979318,aspect_ratio(z=+4.9),0.49083109892435206,False
train/Malignant/ACRIN-6698-522140/p-031,Malignant,True,train,4.913219536598006,dynamic_range(z=-4.9),0.5251167530028453,False
train/Malignant/ISPY2-791944/p-107,Malignant,True,train,4.91215816081404,"sharpness_lapvar(z=+4.9),noise_sigma(z=+3.4),hf_energy_frac(z=+3.2)",0.5651675206423976,False
train/Malignant/ISPY2-255577/p-031,Malignant,True,train,4.90969203444746,"entropy(z=-4.9),snr(z=+3.4)",0.5637978112991533,False
train/Malignant/ISPY2-318438/p-060,Malignant,True,train,4.909540045206313,"sharpness_lapvar(z=+4.9),noise_sigma(z=+3.1)",0.5378528535825506,False
train/Malignant/ISPY2-485637/p-135,Malignant,True,train,4.909424370194966,"sharpness_lapvar(z=+3.6),hf_energy_frac(z=+4.9)",0.5358090432445398,False
train/Malignant/ISPY2-188511/p-096,Malignant,True,train,4.9084555479706875,"sharpness_lapvar(z=+4.6),noise_sigma(z=+4.9)",0.5850671347088553,True
train/Malignant/ACRIN-6698-522140/p-041,Malignant,True,train,4.908031234931943,dynamic_range(z=-4.9),0.5684214853916243,False
train/Malignant/ISPY2-515565/p-092,Malignant,True,train,4.907827945457385,"sharpness_lapvar(z=+4.9),noise_sigma(z=+4.4)",0.6140614321002827,True
train/Malignant/ISPY2-639663/p-026,Malignant,True,train,4.904041014206374,aspect_ratio(z=+4.9),0.49598646899367316,False
train/Malignant/ISPY2-340186/p-053,Malignant,True,train,4.904041014206374,aspect_ratio(z=+4.9),0.502320166391464,False
train/Malignant/ACRIN-6698-412772/p-033,Malignant,True,train,4.902843645748943,dynamic_range(z=-4.9),0.5233128262657688,False
train/Malignant/ACRIN-6698-467686/p-053,Malignant,True,train,4.902842933265879,"dynamic_range(z=-4.9),snr(z=+3.2)",0.5794524442805464,True
train/Malignant/ACRIN-6698-280375/p-044,Malignant,True,train,4.902842933265879,"contrast(z=-3.2),dynamic_range(z=-4.9)",0.5843256663270157,True
train/Malignant/ISPY2-500826/p-033,Malignant,True,train,4.897654631599816,dynamic_range(z=-4.9),0.5454714944348472,False
train/Malignant/ISPY2-421829/p-166,Malignant,True,train,4.897065014739811,hf_energy_frac(z=+4.9),0.503942232140574,False
train/Malignant/ISPY2-485637/p-175,Malignant,True,train,4.896204409521541,hf_energy_frac(z=+4.9),0.5509290175012218,False
val/Malignant/ISPY2-157463/p-028,Malignant,True,val,4.895459274289995,"dynamic_range(z=-3.7),snr(z=+4.9)",0.5511095029489904,False
train/Malignant/ISPY2-228192/p-074,Malignant,True,train,4.894492625585211,aspect_ratio(z=+4.9),0.4911993765342018,False
train/Malignant/ACRIN-6698-899692/p-045,Malignant,True,train,4.892467042416817,"dynamic_range(z=-4.9),snr(z=+3.3)",0.5952816750175144,True
train/Malignant/ISPY2-159352/p-029,Malignant,True,train,4.892157468557182,hf_energy_frac(z=+4.9),0.5190339453905831,False
val/Malignant/ISPY2-859699/p-085,Malignant,True,val,4.887633154692129,hf_energy_frac(z=+4.9),0.5115780688710876,False
train/Malignant/ACRIN-6698-317641/p-038,Malignant,True,train,4.887105585008389,"snr(z=+4.9),aspect_ratio(z=+3.0)",0.5877569555401915,True
train/Malignant/ISPY2-783771/p-018,Malignant,True,train,4.886879659348413,"entropy(z=-4.9),snr(z=+4.3)",0.582675119925857,True
train/Malignant/ISPY2-934906/p-064,Malignant,True,train,4.8867629776537935,aspect_ratio(z=+4.9),0.47839683404598954,False
train/Malignant/ISPY2-335091/p-046,Malignant,True,train,4.8867629776537935,aspect_ratio(z=+4.9),0.49803580898808997,False
train/Malignant/ACRIN-6698-734997/p-088,Malignant,True,train,4.883425175137955,aspect_ratio(z=+4.9),0.5116233515816726,False
train/Malignant/ISPY2-573586/p-126,Malignant,True,train,4.883425175137955,aspect_ratio(z=+4.9),0.5265068121070522,False
train/Malignant/ACRIN-6698-580541/p-022,Malignant,True,train,4.882363747184659,"hf_energy_frac(z=+4.9),aspect_ratio(z=+4.2)",0.551556282119655,False
train/Malignant/ACRIN-6698-522140/p-050,Malignant,True,train,4.88209043908469,dynamic_range(z=-4.9),0.5347721312689095,False
train/Malignant/ISPY2-520986/p-080,Malignant,True,train,4.879920673934134,"sharpness_lapvar(z=+3.8),noise_sigma(z=+4.9)",0.6108773483127166,True
train/Malignant/ISPY2-924812/p-125,Malignant,True,train,4.877778838534261,hf_energy_frac(z=+4.9),0.5445431745346853,False
train/Malignant/ISPY2-575372/p-067,Malignant,True,train,4.876902137418627,dynamic_range(z=-4.9),0.5409266097047337,False
train/Malignant/ISPY2-318438/p-099,Malignant,True,train,4.871714265494216,"sharpness_lapvar(z=+4.9),noise_sigma(z=+4.3)",0.559137193097693,False
train/Malignant/ACRIN-6698-218503/p-016,Malignant,True,train,4.871713835752564,dynamic_range(z=-4.9),0.5378799918289363,False
val/Malignant/ISPY2-896939/p-125,Malignant,True,val,4.870444832020802,"noise_sigma(z=+3.1),aspect_ratio(z=+4.9)",0.5621731981475381,False
train/Malignant/ISPY2-141782/p-089,Malignant,True,train,4.8667721094664635,hf_energy_frac(z=+4.9),0.5040885157982186,False
train/Malignant/ISPY2-575372/p-054,Malignant,True,train,4.861337944903501,dynamic_range(z=-4.9),0.5057859962486595,False
train/Malignant/ISPY2-446263/p-040,Malignant,True,train,4.861337944903501,dynamic_range(z=-4.9),0.5412623650715302,False
train/Malignant/ISPY2-485637/p-128,Malignant,True,train,4.860993203543094,hf_energy_frac(z=+4.9),0.5130195701706295,False
train/Malignant/ACRIN-6698-863161/p-093,Malignant,True,train,4.860440817743011,"sharpness_lapvar(z=+4.9),noise_sigma(z=+3.4)",0.521178396589957,False
train/Malignant/ISPY2-953262/p-105,Malignant,True,train,4.859297718387115,"sharpness_lapvar(z=+4.9),noise_sigma(z=+3.2)",0.5180200455464896,False
train/Malignant/ISPY2-527581/p-057,Malignant,True,train,4.856172547559367,"entropy(z=-4.9),hf_energy_frac(z=+3.5)",0.572924740539487,False
train/Malignant/ISPY2-418593/p-025,Malignant,True,train,4.855161578741695,hf_energy_frac(z=+4.9),0.48764813420657027,False
train/Malignant/ACRIN-6698-317641/p-040,Malignant,True,train,4.847881984509733,snr(z=+4.8),0.5042724881689195,False
train/Malignant/ISPY2-828199/p-019,Malignant,True,train,4.84614121086528,aspect_ratio(z=+4.8),0.4875538411529517,False
train/Malignant/ACRIN-6698-467686/p-054,Malignant,True,train,4.845773752388375,"dynamic_range(z=-4.8),snr(z=+3.9)",0.5907958812954425,True
train/Malignant/ISPY2-733276/p-045,Malignant,True,train,4.845773752388375,dynamic_range(z=-4.8),0.5080557085642013,False
train/Malignant/ISPY2-573586/p-120,Malignant,True,train,4.844802031740384,aspect_ratio(z=+4.8),0.4903248711422357,False
train/Malignant/ISPY2-188511/p-055,Malignant,True,train,4.843216989882634,"sharpness_lapvar(z=+3.9),noise_sigma(z=+4.8)",0.563437485466477,False
train/Malignant/ACRIN-6698-169918/p-027,Malignant,True,train,4.842426883858494,aspect_ratio(z=+4.8),0.5072118707745668,False
train/Malignant/ACRIN-6698-899692/p-032,Malignant,True,train,4.840585450722312,dynamic_range(z=-4.8),0.5152699401097616,False
train/Malignant/ISPY2-621179/p-070,Malignant,True,train,4.836174977079108,hf_energy_frac(z=+4.8),0.5055913607870139,False
train/Malignant/ISPY2-309830/p-121,Malignant,True,train,4.834951598038786,hf_energy_frac(z=+4.8),0.4934423232216519,False
train/Malignant/ISPY2-627981/p-122,Malignant,True,train,4.832662279737994,"sharpness_lapvar(z=+4.8),noise_sigma(z=+4.5)",0.6158226706123073,True
train/Malignant/ISPY2-418593/p-023,Malignant,True,train,4.831984223488417,hf_energy_frac(z=+4.8),0.4979110247945136,False
train/Malignant/ISPY2-804233/p-034,Malignant,True,train,4.830208847390185,"dynamic_range(z=-4.8),snr(z=+3.4)",0.5530025137018034,False
train/Malignant/ISPY2-752469/p-077,Malignant,True,train,4.828027331746702,entropy(z=-4.8),0.5566243507305855,False
val/Malignant/ISPY2-910188/p-103,Malignant,True,val,4.826360021296875,hf_energy_frac(z=+4.8),0.5291543679999584,False
train/Malignant/ISPY2-233832/p-027,Malignant,True,train,4.825020545724122,"dynamic_range(z=-4.8),snr(z=+3.0)",0.5952980121544811,True
train/Malignant/ISPY2-342142/p-037,Malignant,True,train,4.8229407999282135,"entropy(z=-3.1),dynamic_range(z=-4.2),snr(z=+4.8)",0.5824125658949685,True
train/Malignant/ISPY2-318438/p-095,Malignant,True,train,4.821116568357864,"sharpness_lapvar(z=+4.8),noise_sigma(z=+4.0)",0.5680914975125686,False
train/Malignant/ISPY2-422450/p-104,Malignant,True,train,4.820604215349483,hf_energy_frac(z=+4.8),0.5208332654987519,False
train/Malignant/ISPY2-446263/p-041,Malignant,True,train,4.819832956541123,dynamic_range(z=-4.8),0.5352764296050976,False
train/Malignant/ACRIN-6698-890372/p-061,Malignant,True,train,4.819832956541123,dynamic_range(z=-4.8),0.5257107474531999,False
train/Malignant/ISPY2-236470/p-112,Malignant,True,train,4.819582635701961,"contrast(z=-3.2),entropy(z=-3.6),hf_energy_frac(z=+4.8)",0.609261702334432,True
train/Malignant/ACRIN-6698-863161/p-085,Malignant,True,train,4.819352463196669,"sharpness_lapvar(z=+4.8),noise_sigma(z=+3.1)",0.524059819070581,False
train/Malignant/ISPY2-446263/p-037,Malignant,True,train,4.814644654875059,dynamic_range(z=-4.8),0.5523093782395408,False
train/Malignant/ISPY2-155171/p-111,Malignant,True,train,4.813331322305327,aspect_ratio(z=+4.8),0.48814792575578614,False
train/Malignant/ISPY2-125418/p-065,Malignant,True,train,4.813331322305327,aspect_ratio(z=+4.8),0.48783575658664624,False
val/Malignant/ISPY2-123660/p-087,Malignant,True,val,4.813331322305327,aspect_ratio(z=+4.8),0.540593865658486,False
train/Malignant/ISPY2-706943/p-062,Malignant,True,train,4.813331322305327,aspect_ratio(z=+4.8),0.4700994910846844,False
train/Malignant/ACRIN-6698-531988/p-022,Malignant,True,train,4.809763715433089,snr(z=+4.8),0.5485569010995686,False
train/Malignant/ACRIN-6698-690089/p-038,Malignant,True,train,4.808073165838623,snr(z=+4.8),0.5324781309161518,False
train/Malignant/ACRIN-6698-522140/p-029,Malignant,True,train,4.804268764025997,dynamic_range(z=-4.8),0.5162370664630574,False
train/Malignant/ACRIN-6698-899692/p-024,Malignant,True,train,4.804268764025997,dynamic_range(z=-4.8),0.5047832579281502,False
train/Malignant/ISPY2-461824/p-038,Malignant,True,train,4.804268764025997,"dynamic_range(z=-4.8),snr(z=+4.4)",0.5892833707079428,True
train/Malignant/ISPY2-824512/p-074,Malignant,True,train,4.79666311369237,hf_energy_frac(z=+4.8),0.5773927973032087,False
train/Malignant/ISPY2-824512/p-070,Malignant,True,train,4.795909627689861,"sharpness_lapvar(z=+3.3),noise_sigma(z=+3.3),hf_energy_frac(z=+4.8)",0.6035754590244515,True
train/Malignant/ISPY2-520986/p-068,Malignant,True,train,4.795817573411148,entropy(z=-4.8),0.4874630913266833,False
train/Malignant/ISPY2-783771/p-016,Malignant,True,train,4.794607180972589,"entropy(z=-4.8),snr(z=+4.8)",0.5895085022629989,True
train/Malignant/ISPY2-783771/p-019,Malignant,True,train,4.789388233238322,"entropy(z=-4.6),snr(z=+4.8)",0.615109593533122,True
train/Malignant/ISPY2-637051/p-034,Malignant,True,train,4.788703859027807,dynamic_range(z=-4.8),0.5605071899063471,False
train/Malignant/ISPY2-421829/p-165,Malignant,True,train,4.786961790455857,hf_energy_frac(z=+4.8),0.5076921246340466,False
train/Malignant/ISPY2-904269/p-041,Malignant,True,train,4.783515557361744,dynamic_range(z=-4.8),0.583457000893374,True
train/Malignant/ISPY2-437162/p-065,Malignant,True,train,4.783306074615657,entropy(z=-4.8),0.5304245894233013,False
train/Malignant/ISPY2-953262/p-085,Malignant,True,train,4.783295377358613,"sharpness_lapvar(z=+4.8),noise_sigma(z=+3.0)",0.5181806594723629,False
train/Malignant/ISPY2-824512/p-049,Malignant,True,train,4.782818796854545,hf_energy_frac(z=+4.8),0.5559427493893421,False
train/Malignant/ACRIN-6698-628823/p-013,Malignant,True,train,4.778327255695681,dynamic_range(z=-4.8),0.524846682258394,False
train/Malignant/ISPY2-573586/p-127,Malignant,True,train,4.777469351088635,aspect_ratio(z=+4.8),0.5359636793285655,False
train/Malignant/ISPY2-128051/p-084,Malignant,True,train,4.774793002310036,sharpness_lapvar(z=+4.8),0.5834256762256229,True
train/Malignant/ISPY2-318407/p-104,Malignant,True,train,4.774395902447598,hf_energy_frac(z=+4.8),0.5121780199825653,False
train/Malignant/ACRIN-6698-547892/p-025,Malignant,True,train,4.773139666512681,dynamic_range(z=-4.8),0.5507224836616363,False
train/Malignant/ACRIN-6698-734997/p-092,Malignant,True,train,4.771653896296738,aspect_ratio(z=+4.8),0.5162319237312797,False
train/Malignant/ISPY2-531672/p-098,Malignant,True,train,4.767730581959148,"sharpness_lapvar(z=+4.1),noise_sigma(z=+4.8)",0.5740943967101876,False
train/Malignant/ISPY2-446263/p-030,Malignant,True,train,4.762763775663617,dynamic_range(z=-4.8),0.5258276386618999,False
train/Malignant/ACRIN-6698-870077/p-029,Malignant,True,train,4.762763775663617,dynamic_range(z=-4.8),0.5207230254548784,False
train/Malignant/ACRIN-6698-522140/p-046,Malignant,True,train,4.762763775663617,dynamic_range(z=-4.8),0.5006117562008213,False
train/Malignant/ISPY2-259206/p-016,Malignant,True,train,4.762763063180555,"entropy(z=-3.5),dynamic_range(z=-4.8)",0.5800750524866204,True
val/Malignant/ISPY2-345483/p-021,Malignant,True,val,4.762669984533064,entropy(z=-4.8),0.53505166566324,False
train/Malignant/ISPY2-520986/p-062,Malignant,True,train,4.761933549308608,entropy(z=-4.8),0.49267350239450075,False
val/Malignant/ISPY2-896939/p-073,Malignant,True,val,4.7612190047334995,hf_energy_frac(z=+4.8),0.5056352334609618,False
train/Malignant/ISPY2-997702/p-052,Malignant,True,train,4.760126936892772,entropy(z=-4.8),0.5682030837649648,False
val/Malignant/ISPY2-241705/p-041,Malignant,True,val,4.757575473997554,"dynamic_range(z=-4.8),aspect_ratio(z=+3.7)",0.5970543646789442,True
train/Malignant/ISPY2-461824/p-033,Malignant,True,train,4.757575473997554,"dynamic_range(z=-4.8),snr(z=+3.4)",0.5695145495100481,False
train/Malignant/ACRIN-6698-234723/p-033,Malignant,True,train,4.756217812589853,aspect_ratio(z=+4.8),0.48069836885817147,False
train/Malignant/ISPY2-570148/p-014,Malignant,True,train,4.756217812589853,aspect_ratio(z=+4.8),0.503927130737067,False
train/Malignant/ISPY2-331192/p-097,Malignant,True,train,4.755960911274273,hf_energy_frac(z=+4.8),0.5295050415104645,False
train/Malignant/ISPY2-177795/p-019,Malignant,True,train,4.752387172331492,dynamic_range(z=-4.8),0.5829804218053797,True
val/Malignant/ISPY2-896939/p-133,Malignant,True,val,4.751648731812615,aspect_ratio(z=+4.8),0.5474727952036935,False
train/Malignant/ACRIN-6698-755914/p-072,Malignant,True,train,4.750384169029415,"dynamic_range(z=-4.4),snr(z=+4.8)",0.5533774511148105,False
train/Malignant/ISPY2-485637/p-129,Malignant,True,train,4.748213048616222,hf_energy_frac(z=+4.7),0.5119793201944978,False
train/Malignant/ISPY2-233832/p-026,Malignant,True,train,4.747198870665429,"dynamic_range(z=-4.7),snr(z=+3.2)",0.5939157941430423,True
train/Malignant/ACRIN-6698-522140/p-052,Malignant,True,train,4.7420105689993655,dynamic_range(z=-4.7),0.5446785149343729,False
train/Malignant/ACRIN-6698-522140/p-038,Malignant,True,train,4.7420105689993655,dynamic_range(z=-4.7),0.5619035194190849,False
train/Malignant/ISPY2-894128/p-070,Malignant,True,train,4.740268664372001,hf_energy_frac(z=+4.7),0.5484053350472472,False
train/Malignant/ISPY2-318438/p-097,Malignant,True,train,4.73845090641848,"sharpness_lapvar(z=+4.7),noise_sigma(z=+4.3)",0.5545022531341706,False
train/Malignant/ISPY2-303947/p-103,Malignant,True,train,4.737115245212208,"sharpness_lapvar(z=+3.1),hf_energy_frac(z=+4.7)",0.5566097470208728,False
train/Malignant/ACRIN-6698-856159/p-022,Malignant,True,train,4.735911273615075,"entropy(z=-3.3),dynamic_range(z=-3.4),snr(z=+4.7)",0.6409451096810321,True
train/Malignant/ISPY2-318438/p-086,Malignant,True,train,4.735249514422197,"sharpness_lapvar(z=+4.7),noise_sigma(z=+3.6)",0.5686531337621094,False
train/Malignant/ACRIN-6698-218503/p-015,Malignant,True,train,4.731633965667239,dynamic_range(z=-4.7),0.537266832179345,False
train/Malignant/ISPY2-531672/p-094,Malignant,True,train,4.731600103206492,"sharpness_lapvar(z=+4.3),noise_sigma(z=+4.7)",0.5648459376685024,False
train/Malignant/ACRIN-6698-899692/p-020,Malignant,True,train,4.7264463764842395,dynamic_range(z=-4.7),0.5004120750382498,False
train/Malignant/ISPY2-500826/p-031,Malignant,True,train,4.726445664001176,dynamic_range(z=-4.7),0.569804960714967,False
train/Malignant/ISPY2-831702/p-038,Malignant,True,train,4.722621630404281,"dynamic_range(z=-3.7),aspect_ratio(z=+4.7)",0.5624138921759998,False
train/Malignant/ISPY2-108939/p-073,Malignant,True,train,4.722621630404281,aspect_ratio(z=+4.7),0.5281108639308768,False
val/Malignant/ISPY2-637566/p-056,Malignant,True,val,4.721258787301239,"contrast(z=-3.4),dynamic_range(z=-4.7)",0.5886089421613848,True
train/Malignant/ISPY2-640463/p-045,Malignant,True,train,4.719468504317697,hf_energy_frac(z=+4.7),0.5408021298985273,False
train/Malignant/ISPY2-421829/p-168,Malignant,True,train,4.718737989205569,hf_energy_frac(z=+4.7),0.5212830193032277,False
train/Malignant/ISPY2-196024/p-064,Malignant,True,train,4.716952274660465,aspect_ratio(z=+4.7),0.5111409025481178,False
train/Malignant/ACRIN-6698-218503/p-013,Malignant,True,train,4.716070485635176,dynamic_range(z=-4.7),0.5438534947901725,False
train/Malignant/ACRIN-6698-899692/p-044,Malignant,True,train,4.716069773152113,dynamic_range(z=-4.7),0.5758020054502649,False
train/Malignant/ISPY2-922872/p-012,Malignant,True,train,4.716069773152113,"contrast(z=-3.0),dynamic_range(z=-4.7)",0.5980409539830122,True
train/Malignant/ACRIN-6698-870077/p-023,Malignant,True,train,4.716069773152113,dynamic_range(z=-4.7),0.48964854542539304,False
train/Malignant/ISPY2-235995/p-022,Malignant,True,train,4.713254373417048,entropy(z=-4.7),0.5073661999441132,False
train/Malignant/ISPY2-953262/p-074,Malignant,True,train,4.713055949809007,"sharpness_lapvar(z=+4.7),noise_sigma(z=+3.2)",0.5270201572690254,False
train/Malignant/ISPY2-461824/p-037,Malignant,True,train,4.711619246144824,"dynamic_range(z=-4.4),snr(z=+4.7)",0.5644271308376572,False
train/Malignant/ISPY2-733276/p-049,Malignant,True,train,4.710882183969113,dynamic_range(z=-4.7),0.5480438714627703,False
train/Malignant/ACRIN-6698-506623/p-075,Malignant,True,train,4.710527004817474,aspect_ratio(z=+4.7),0.5200838403808058,False
val/Malignant/ISPY2-815421/p-016,Malignant,True,val,4.710527004817474,aspect_ratio(z=+4.7),0.4708456033623527,False
train/Malignant/ISPY2-282082/p-116,Malignant,True,train,4.709390670004168,hf_energy_frac(z=+4.7),0.5238434662227266,False
train/Malignant/ISPY2-301968/p-063,Malignant,True,train,4.709349051357977,entropy(z=-4.7),0.47543525586772484,False
val/Malignant/ISPY2-123660/p-037,Malignant,True,val,4.709215758982546,hf_energy_frac(z=+4.7),0.4752730875422437,False
train/Malignant/ISPY2-527581/p-058,Malignant,True,train,4.706666214461689,entropy(z=-4.7),0.560425962027189,False
train/Malignant/ACRIN-6698-928170/p-054,Malignant,True,train,4.705745408655249,aspect_ratio(z=+4.7),0.49047697466529394,False
train/Malignant/ISPY2-746265/p-021,Malignant,True,train,4.705745408655249,"snr(z=+3.2),aspect_ratio(z=+4.7)",0.5349720098622972,False
train/Malignant/ISPY2-733276/p-037,Malignant,True,train,4.705693882303049,dynamic_range(z=-4.7),0.501328132953666,False
train/Malignant/ISPY2-188511/p-095,Malignant,True,train,4.704006744263185,"sharpness_lapvar(z=+4.5),noise_sigma(z=+4.7)",0.5862084478140107,True
train/Malignant/ACRIN-6698-755914/p-080,Malignant,True,train,4.703478053946494,"dynamic_range(z=-4.0),snr(z=+4.7)",0.5427796235984266,False
train/Malignant/ACRIN-6698-870077/p-018,Malignant,True,train,4.700505580636987,dynamic_range(z=-4.7),0.48209093230472555,False
train/Malignant/ISPY2-953262/p-087,Malignant,True,train,4.700135154145715,sharpness_lapvar(z=+4.7),0.512646520079377,False
train/Malignant/ISPY2-797499/p-039,Malignant,True,train,4.695317278970924,"dynamic_range(z=-4.7),snr(z=+3.2)",0.5497449802399553,False
train/Malignant/ISPY2-318438/p-061,Malignant,True,train,4.692702459047481,"sharpness_lapvar(z=+4.7),noise_sigma(z=+3.1)",0.5311446515990252,False
train/Malignant/ISPY2-111674/p-020,Malignant,True,train,4.691092772842788,entropy(z=-4.7),0.5344433333413334,False
train/Malignant/ACRIN-6698-755914/p-085,Malignant,True,train,4.68750168157048,"dynamic_range(z=-4.2),snr(z=+4.7)",0.5574501807704761,False
train/Malignant/ACRIN-6698-317641/p-039,Malignant,True,train,4.686515505053782,snr(z=+4.7),0.5076388888837522,False
train/Malignant/ISPY2-752469/p-115,Malignant,True,train,4.6849406756387975,dynamic_range(z=-4.7),0.5601313595833485,False
train/Malignant/ACRIN-6698-987914/p-041,Malignant,True,train,4.6849406756387975,dynamic_range(z=-4.7),0.5220584532008913,False
train/Malignant/ISPY2-613961/p-009,Malignant,True,train,4.684825925445511,"dynamic_range(z=-4.1),aspect_ratio(z=+4.7)",0.5491743150433712,False
train/Malignant/ACRIN-6698-924071/p-021,Malignant,True,train,4.684825925445511,aspect_ratio(z=+4.7),0.501521345858391,False
train/Malignant/ISPY2-318569/p-070,Malignant,True,train,4.682647867871616,aspect_ratio(z=+4.7),0.4995769441890701,False
train/Malignant/ISPY2-567907/p-055,Malignant,True,train,4.68246421281303,entropy(z=-4.7),0.4872372314558879,False
train/Malignant/ACRIN-6698-899692/p-035,Malignant,True,train,4.679753086455797,dynamic_range(z=-4.7),0.5284100256597964,False
train/Malignant/ISPY2-342996/p-068,Malignant,True,train,4.679519794312157,"dynamic_range(z=-3.6),snr(z=+4.7)",0.6067551304554579,True
train/Malignant/ISPY2-493775/p-026,Malignant,True,train,4.674583366743943,hf_energy_frac(z=+4.7),0.5556460395646424,False
train/Malignant/ISPY2-102011/p-032,Malignant,True,train,4.674564784789735,dynamic_range(z=-4.7),0.5415202109080072,False
val/Malignant/ISPY2-241705/p-040,Malignant,True,val,4.674564784789735,dynamic_range(z=-4.7),0.5440322672592132,False
train/Malignant/ISPY2-421829/p-164,Malignant,True,train,4.673943271592765,hf_energy_frac(z=+4.7),0.5003205284523701,False
train/Malignant/ISPY2-318438/p-071,Malignant,True,train,4.673731190566878,"sharpness_lapvar(z=+4.7),noise_sigma(z=+3.0),hf_energy_frac(z=+3.0)",0.5661673089825829,False
train/Malignant/ACRIN-6698-144302/p-083,Malignant,True,train,4.673354558714847,"entropy(z=-3.3),snr(z=+4.7)",0.6412234679279917,True
train/Malignant/ACRIN-6698-213913/p-070,Malignant,True,train,4.673143616640073,aspect_ratio(z=+4.7),0.5197366590876205,False
train/Malignant/ACRIN-6698-203060/p-026,Malignant,True,train,4.673143616640073,aspect_ratio(z=+4.7),0.5406882190034942,False
train/Malignant/ISPY2-422454/p-107,Malignant,True,train,4.672850218002108,hf_energy_frac(z=+4.7),0.4989221830602529,False
train/Malignant/ISPY2-318438/p-101,Malignant,True,train,4.670584863124759,"sharpness_lapvar(z=+4.7),noise_sigma(z=+3.9)",0.5720316820307266,False
train/Malignant/ACRIN-6698-531988/p-015,Malignant,True,train,4.669377195606734,"dynamic_range(z=-4.7),snr(z=+3.3)",0.6221350550172227,True
train/Malignant/ISPY2-318438/p-087,Malignant,True,train,4.666304103895455,"sharpness_lapvar(z=+4.7),noise_sigma(z=+3.5)",0.5404107591825786,False
train/Malignant/ACRIN-6698-863161/p-079,Malignant,True,train,4.665824328474448,"sharpness_lapvar(z=+4.7),noise_sigma(z=+3.2)",0.5181092364534166,False
train/Malignant/ISPY2-262131/p-006,Malignant,True,train,4.664188893940671,dynamic_range(z=-4.7),0.5382703525125986,False
val/Malignant/ISPY2-453596/p-039,Malignant,True,val,4.664188893940671,"dynamic_range(z=-4.7),snr(z=+3.4)",0.5540755187414891,False
train/Malignant/ACRIN-6698-169918/p-024,Malignant,True,train,4.664099248532637,aspect_ratio(z=+4.7),0.5045959645898791,False
train/Malignant/ACRIN-6698-962153/p-088,Malignant,True,train,4.659124846073548,aspect_ratio(z=+4.7),0.489723915213465,False
train/Malignant/ACRIN-6698-899692/p-038,Malignant,True,train,4.659000592274608,dynamic_range(z=-4.7),0.5285732172065793,False
train/Malignant/ACRIN-6698-323721/p-033,Malignant,True,train,4.659000592274608,dynamic_range(z=-4.7),0.5448781338728893,False
val/Malignant/ISPY2-123660/p-088,Malignant,True,val,4.653807381375899,aspect_ratio(z=+4.7),0.5310672542833365,False
train/Malignant/ISPY2-418593/p-026,Malignant,True,train,4.6534703881963475,hf_energy_frac(z=+4.7),0.48283381177517426,False
train/Malignant/ISPY2-228340/p-072,Malignant,True,train,4.649281879505561,aspect_ratio(z=+4.6),0.5178644519605818,False
train/Malignant/ISPY2-303947/p-102,Malignant,True,train,4.648750750586564,"sharpness_lapvar(z=+3.7),noise_sigma(z=+3.2),hf_energy_frac(z=+4.6)",0.5550385061302238,False
val/Malignant/ISPY2-453596/p-043,Malignant,True,val,4.648623988942482,"dynamic_range(z=-4.6),snr(z=+3.8)",0.5813182947618425,True
train/Malignant/ACRIN-6698-241998/p-060,Malignant,True,train,4.648623988942482,dynamic_range(z=-4.6),0.5672134101754873,False
train/Malignant/ACRIN-6698-755914/p-075,Malignant,True,train,4.648623988942482,"dynamic_range(z=-4.6),snr(z=+3.2)",0.5398294040939314,False
train/Malignant/ACRIN-6698-522140/p-053,Malignant,True,train,4.648623988942482,dynamic_range(z=-4.6),0.5669495812314413,False
train/Malignant/ISPY2-621179/p-071,Malignant,True,train,4.645766874544512,hf_energy_frac(z=+4.6),0.5048632225432297,False
train/Malignant/ISPY2-953262/p-086,Malignant,True,train,4.645304624336462,"sharpness_lapvar(z=+4.6),noise_sigma(z=+3.0)",0.5364645373194563,False
train/Malignant/ISPY2-485637/p-169,Malignant,True,train,4.643627773747635,"sharpness_lapvar(z=+3.8),hf_energy_frac(z=+4.6)",0.5609145047371314,False
train/Malignant/ISPY2-116165/p-053,Malignant,True,train,4.643435687276419,"entropy(z=-3.8),dynamic_range(z=-4.6)",0.5931587288376821,True
train/Malignant/ACRIN-6698-899692/p-033,Malignant,True,train,4.643435687276419,dynamic_range(z=-4.6),0.5172088410012847,False
train/Malignant/ACRIN-6698-987914/p-038,Malignant,True,train,4.643435687276419,dynamic_range(z=-4.6),0.5161653874589828,False
train/Malignant/ACRIN-6698-894673/p-094,Malignant,True,train,4.641990793158906,aspect_ratio(z=+4.6),0.5468259744193424,False
train/Malignant/ACRIN-6698-775346/p-018,Malignant,True,train,4.641990793158906,aspect_ratio(z=+4.6),0.5362527310864399,False
train/Malignant/ACRIN-6698-323721/p-034,Malignant,True,train,4.638247385610356,dynamic_range(z=-4.6),0.5178278038433567,False
train/Malignant/ISPY2-621179/p-069,Malignant,True,train,4.636092614703024,hf_energy_frac(z=+4.6),0.4999759981437529,False
train/Malignant/ISPY2-318438/p-090,Malignant,True,train,4.635474071847159,"sharpness_lapvar(z=+4.6),noise_sigma(z=+3.3)",0.5274209646397143,False
train/Malignant/ISPY2-380972/p-025,Malignant,True,train,4.634522513250197,snr(z=+4.6),0.49258550765192805,False
train/Malignant/ISPY2-953262/p-103,Malignant,True,train,4.634038824440002,sharpness_lapvar(z=+4.6),0.5059291773018426,False
train/Malignant/ACRIN-6698-202535/p-124,Malignant,True,train,4.634021466221863,aspect_ratio(z=+4.6),0.4877086933710105,False
train/Malignant/ACRIN-6698-786753/p-057,Malignant,True,train,4.6338115667118815,hf_energy_frac(z=+4.6),0.491348904680942,False
train/Malignant/ACRIN-6698-863161/p-092,Malignant,True,train,4.633075704599107,"sharpness_lapvar(z=+4.6),noise_sigma(z=+3.3)",0.5222106628463745,False
train/Malignant/ACRIN-6698-870077/p-024,Malignant,True,train,4.633059796427355,dynamic_range(z=-4.6),0.49792473341624904,False
train/Malignant/ACRIN-6698-383456/p-038,Malignant,True,train,4.633059796427355,dynamic_range(z=-4.6),0.5581829313882362,False
train/Malignant/ISPY2-664658/p-045,Malignant,True,train,4.632735301543366,hf_energy_frac(z=+4.6),0.4826867727699717,False
train/Malignant/ACRIN-6698-326433/p-072,Malignant,True,train,4.632627540311046,"sharpness_lapvar(z=+4.6),noise_sigma(z=+3.0)",0.5866437516645197,True
val/Malignant/ISPY2-157463/p-030,Malignant,True,val,4.632331956299777,"dynamic_range(z=-3.9),snr(z=+4.6)",0.5456108443829292,False
train/Malignant/ISPY2-294265/p-017,Malignant,True,train,4.631911938503234,aspect_ratio(z=+4.6),0.5139066246918104,False
train/Malignant/ISPY2-491779/p-057,Malignant,True,train,4.631805542811267,hf_energy_frac(z=+4.6),0.5637713858660934,False
train/Malignant/ISPY2-169536/p-023,Malignant,True,train,4.628845421211121,sharpness_lapvar(z=+4.6),0.5768866390275881,False
train/Malignant/ACRIN-6698-890372/p-048,Malignant,True,train,4.627871494761292,dynamic_range(z=-4.6),0.5468884743940853,False
train/Malignant/ISPY2-650589/p-086,Malignant,True,train,4.624696504357477,hf_energy_frac(z=+4.6),0.5197906849258823,False
train/Malignant/ISPY2-824512/p-043,Malignant,True,train,4.623903120845745,hf_energy_frac(z=+4.6),0.5414952940542422,False
train/Malignant/ISPY2-894128/p-085,Malignant,True,train,4.622683905578293,dynamic_range(z=-4.6),0.5819755967983069,True
train/Malignant/ISPY2-791944/p-108,Malignant,True,train,4.622504839770481,"sharpness_lapvar(z=+4.6),noise_sigma(z=+3.4)",0.5616546471046941,False
train/Malignant/ISPY2-201831/p-028,Malignant,True,train,4.620201174956642,entropy(z=-4.6),0.582100056335436,True
train/Malignant/ISPY2-596079/p-024,Malignant,True,train,4.619373854389029,hf_energy_frac(z=+4.6),0.5701497904236392,False
train/Malignant/ACRIN-6698-629606/p-104,Malignant,True,train,4.619116330261435,"sharpness_lapvar(z=+4.6),noise_sigma(z=+3.1)",0.5231043652509516,False
train/Malignant/ISPY2-832056/p-089,Malignant,True,train,4.618620060887952,hf_energy_frac(z=+4.6),0.4869057952809835,False
train/Malignant/ISPY2-437162/p-053,Malignant,True,train,4.615521134419987,entropy(z=-4.6),0.4904931727570765,False
train/Malignant/ISPY2-342142/p-035,Malignant,True,train,4.612307302246166,"entropy(z=-3.9),dynamic_range(z=-4.6),snr(z=+3.3)",0.611497957824349,True
train/Malignant/ACRIN-6698-734997/p-087,Malignant,True,train,4.612192440263876,aspect_ratio(z=+4.6),0.5122667485004361,False
train/Malignant/ISPY2-552313/p-070,Malignant,True,train,4.612094038413912,"sharpness_lapvar(z=+3.1),hf_energy_frac(z=+4.6)",0.5550292330851345,False
train/Malignant/ACRIN-6698-506623/p-069,Malignant,True,train,4.6117308042960055,hf_energy_frac(z=+4.6),0.5157494094526287,False
train/Malignant/ISPY2-590299/p-050,Malignant,True,train,4.607722687329621,aspect_ratio(z=+4.6),0.5079425851214375,False
train/Malignant/ISPY2-607047/p-032,Malignant,True,train,4.607133471519328,hf_energy_frac(z=+4.6),0.5100495139072153,False
train/Malignant/ACRIN-6698-870077/p-017,Malignant,True,train,4.607119000580103,dynamic_range(z=-4.6),0.48394032362376943,False
train/Malignant/ISPY2-804233/p-036,Malignant,True,train,4.607119000580103,dynamic_range(z=-4.6),0.5256417354110621,False
train/Malignant/ISPY2-999264/p-020,Malignant,True,train,4.607119000580103,dynamic_range(z=-4.6),0.5342124529941382,False
train/Malignant/ISPY2-461824/p-030,Malignant,True,train,4.607119000580103,"dynamic_range(z=-4.6),snr(z=+3.3)",0.562840764679181,False
train/Malignant/ISPY2-120001/p-027,Malignant,True,train,4.607119000580103,dynamic_range(z=-4.6),0.56767102253407,False
train/Malignant/ISPY2-141782/p-115,Malignant,True,train,4.606843623621044,"sharpness_lapvar(z=+3.5),noise_sigma(z=+4.6)",0.5839589376982417,True
train/Malignant/ACRIN-6698-629606/p-098,Malignant,True,train,4.605956921530097,"sharpness_lapvar(z=+4.6),noise_sigma(z=+3.3)",0.5125155544252079,False
train/Malignant/ISPY2-531672/p-085,Malignant,True,train,4.604404694447829,"sharpness_lapvar(z=+4.2),noise_sigma(z=+4.6)",0.5692321321989134,False
train/Malignant/ACRIN-6698-580541/p-021,Malignant,True,train,4.602224691355125,"hf_energy_frac(z=+4.6),aspect_ratio(z=+4.1)",0.5503513253954239,False
train/Malignant/ACRIN-6698-987914/p-035,Malignant,True,train,4.60193069891404,dynamic_range(z=-4.6),0.5225678503991729,False
train/Malignant/ACRIN-6698-522140/p-039,Malignant,True,train,4.60193069891404,dynamic_range(z=-4.6),0.5690328701321871,False
train/Malignant/ISPY2-451482/p-080,Malignant,True,train,4.60117457177615,"noise_sigma(z=+3.1),hf_energy_frac(z=+4.6)",0.6084548396336913,True
train/Malignant/ISPY2-520986/p-071,Malignant,True,train,4.597744253249085,entropy(z=-4.6),0.47993364837413016,False
train/Malignant/ACRIN-6698-299962/p-007,Malignant,True,train,4.596761898949035,snr(z=+4.6),0.5313738043530601,False
train/Malignant/ISPY2-318438/p-088,Malignant,True,train,4.596746355132127,"sharpness_lapvar(z=+4.6),noise_sigma(z=+3.3)",0.5340104431850029,False
train/Malignant/ISPY2-420523/p-040,Malignant,True,train,4.5967423972479775,"entropy(z=-4.1),dynamic_range(z=-4.6)",0.6315184205204301,True
train/Malignant/ISPY2-865416/p-094,Malignant,True,train,4.593036356259927,aspect_ratio(z=+4.6),0.5136748527034894,False
train/Malignant/ISPY2-125418/p-077,Malignant,True,train,4.593036356259927,aspect_ratio(z=+4.6),0.5133334730264368,False
train/Malignant/ISPY2-922872/p-014,Malignant,True,train,4.593036356259927,aspect_ratio(z=+4.6),0.5294519307720872,False
train/Malignant/ISPY2-573881/p-068,Malignant,True,train,4.592947410751762,sharpness_lapvar(z=+4.6),0.5087852689490635,False
train/Malignant/ACRIN-6698-894673/p-103,Malignant,True,train,4.5920184513287285,"sharpness_lapvar(z=+4.6),noise_sigma(z=+3.3)",0.5470824819255549,False
train/Malignant/ISPY2-553141/p-012,Malignant,True,train,4.592012138074008,entropy(z=-4.6),0.5774041577023045,False
train/Malignant/ISPY2-172168/p-119,Malignant,True,train,4.591553305021084,hf_energy_frac(z=+4.6),0.5164021850620265,False
train/Malignant/ISPY2-824512/p-048,Malignant,True,train,4.590980980533381,hf_energy_frac(z=+4.6),0.5488543716606594,False
train/Malignant/ISPY2-318438/p-062,Malignant,True,train,4.5884509820186485,sharpness_lapvar(z=+4.6),0.5327817211011753,False
train/Malignant/ACRIN-6698-894673/p-102,Malignant,True,train,4.586586435031802,"sharpness_lapvar(z=+4.6),noise_sigma(z=+3.0)",0.5522998480164355,False
train/Malignant/ISPY2-446263/p-046,Malignant,True,train,4.586366506398914,dynamic_range(z=-4.6),0.5710470083456203,False
train/Malignant/ISPY2-235995/p-023,Malignant,True,train,4.585730521517081,entropy(z=-4.6),0.5355263487625561,False
train/Malignant/ISPY2-941191/p-095,Malignant,True,train,4.58528023057767,hf_energy_frac(z=+4.6),0.5211721166998559,False
train/Malignant/ACRIN-6698-734997/p-086,Malignant,True,train,4.583662102385656,aspect_ratio(z=+4.6),0.5212499643566767,False
train/Malignant/ACRIN-6698-511851/p-037,Malignant,True,train,4.582021607957658,aspect_ratio(z=+4.6),0.5010886549994766,False
train/Malignant/ACRIN-6698-870077/p-016,Malignant,True,train,4.581178204732851,dynamic_range(z=-4.6),0.5379888271515514,False
train/Malignant/ISPY2-959366/p-107,Malignant,True,train,4.578407726480032,"noise_sigma(z=+3.1),hf_energy_frac(z=+4.6)",0.5620574816718912,False
train/Malignant/ISPY2-188511/p-069,Malignant,True,train,4.578023809935172,"sharpness_lapvar(z=+3.3),noise_sigma(z=+3.8),hf_energy_frac(z=+4.6)",0.5883339765840866,True
train/Malignant/ISPY2-572016/p-076,Malignant,True,train,4.577950651414791,hf_energy_frac(z=+4.6),0.5437501481775289,False
train/Malignant/ISPY2-590299/p-040,Malignant,True,train,4.577829336714933,hf_energy_frac(z=+4.6),0.6040621496037256,True
val/Malignant/ISPY2-896939/p-130,Malignant,True,val,4.57609058964105,aspect_ratio(z=+4.6),0.5408195214259836,False
train/Malignant/ISPY2-733276/p-048,Malignant,True,train,4.575990615549851,dynamic_range(z=-4.6),0.5258138584404426,False
train/Malignant/ISPY2-349639/p-119,Malignant,True,train,4.574394963957465,"sharpness_lapvar(z=+3.0),hf_energy_frac(z=+4.6)",0.5717262996328305,False
train/Malignant/ISPY2-229144/p-004,Malignant,True,train,4.57355568487382,hf_energy_frac(z=+4.6),0.5358339875237557,False
train/Malignant/ACRIN-6698-755914/p-074,Malignant,True,train,4.570802313883788,"dynamic_range(z=-4.6),snr(z=+3.7)",0.5413523363518694,False
train/Malignant/ACRIN-6698-218503/p-014,Malignant,True,train,4.570802313883788,"dynamic_range(z=-4.6),snr(z=+3.1)",0.545131808461814,False
train/Malignant/ISPY2-473505/p-059,Malignant,True,train,4.570649948871039,hf_energy_frac(z=+4.6),0.5212551812837053,False
train/Malignant/ACRIN-6698-734997/p-091,Malignant,True,train,4.569847412465675,aspect_ratio(z=+4.6),0.5019836942790864,False
train/Malignant/ISPY2-483910/p-043,Malignant,True,train,4.567921328750392,hf_energy_frac(z=+4.6),0.533085453560502,False
train/Malignant/ACRIN-6698-863161/p-087,Malignant,True,train,4.5663084031037595,"sharpness_lapvar(z=+4.6),noise_sigma(z=+3.1)",0.5352393879509916,False
train/Malignant/ISPY2-531672/p-096,Malignant,True,train,4.563789714309929,"sharpness_lapvar(z=+4.2),noise_sigma(z=+4.6)",0.5534667626315,False
train/Malignant/ACRIN-6698-629606/p-099,Malignant,True,train,4.563166664374488,"sharpness_lapvar(z=+4.6),noise_sigma(z=+3.1)",0.5189194005146638,False
train/Malignant/ISPY2-318438/p-059,Malignant,True,train,4.563137092669473,sharpness_lapvar(z=+4.6),0.531388971592592,False
train/Malignant/ISPY2-466267/p-039,Malignant,True,train,4.5608269306794815,"sharpness_lapvar(z=+4.6),noise_sigma(z=+3.6)",0.590291225388935,True
train/Malignant/ISPY2-804233/p-035,Malignant,True,train,4.5604257105516615,"dynamic_range(z=-4.6),snr(z=+3.2)",0.5439669333183825,False
train/Malignant/ACRIN-6698-234723/p-034,Malignant,True,train,4.556320528585694,aspect_ratio(z=+4.6),0.45743220468400586,False
train/Malignant/ISPY2-196024/p-063,Malignant,True,train,4.556320528585694,aspect_ratio(z=+4.6),0.48589397592299405,False
train/Malignant/ACRIN-6698-323721/p-047,Malignant,True,train,4.555237408885598,dynamic_range(z=-4.6),0.4907758182287176,False
train/Malignant/ACRIN-6698-987914/p-039,Malignant,True,train,4.555237408885598,dynamic_range(z=-4.6),0.5058461836916717,False
train/Malignant/ISPY2-485637/p-176,Malignant,True,train,4.553207930110372,hf_energy_frac(z=+4.6),0.5550892358028234,False
train/Malignant/ISPY2-701790/p-063,Malignant,True,train,4.551778871026137,entropy(z=-4.6),0.5248142600371714,False
train/Malignant/ISPY2-414286/p-095,Malignant,True,train,4.550865563316185,hf_energy_frac(z=+4.6),0.49532572288372717,False
train/Malignant/ISPY2-229824/p-038,Malignant,True,train,4.550719015991423,sharpness_lapvar(z=+4.6),0.5612677118467626,False
train/Malignant/ACRIN-6698-899692/p-023,Malignant,True,train,4.550049819702599,dynamic_range(z=-4.6),0.5044369368361334,False
train/Malignant/ACRIN-6698-863161/p-080,Malignant,True,train,4.548477174837154,"sharpness_lapvar(z=+4.5),noise_sigma(z=+3.1)",0.5257859661712875,False
train/Malignant/ACRIN-6698-188700/p-055,Malignant,True,train,4.544860805553473,dynamic_range(z=-4.5),0.518507287209816,False
train/Malignant/ISPY2-733276/p-035,Malignant,True,train,4.544860805553473,dynamic_range(z=-4.5),0.5360513991798643,False
train/Malignant/ACRIN-6698-863161/p-078,Malignant,True,train,4.541713921957603,"sharpness_lapvar(z=+4.5),noise_sigma(z=+3.1)",0.5157637940802077,False
train/Malignant/ISPY2-531672/p-100,Malignant,True,train,4.539872599979731,"sharpness_lapvar(z=+3.6),noise_sigma(z=+4.4),hf_energy_frac(z=+4.5)",0.5958285903413417,True
train/Malignant/ISPY2-637051/p-050,Malignant,True,train,4.539673216370472,dynamic_range(z=-4.5),0.5231790940595133,False
train/Malignant/ISPY2-318438/p-102,Malignant,True,train,4.539523066501634,"sharpness_lapvar(z=+4.5),noise_sigma(z=+3.6)",0.5693427906009871,False
train/Malignant/ISPY2-824512/p-069,Malignant,True,train,4.536803098456646,"sharpness_lapvar(z=+3.3),noise_sigma(z=+3.1),hf_energy_frac(z=+4.5)",0.6039839681003824,True
train/Malignant/ISPY2-116165/p-051,Malignant,True,train,4.534484914704409,"contrast(z=-3.1),entropy(z=-4.2),dynamic_range(z=-4.5)",0.5929940891373012,True
train/Malignant/ACRIN-6698-547892/p-029,Malignant,True,train,4.534484914704409,dynamic_range(z=-4.5),0.5569641116732148,False
train/Malignant/ISPY2-451482/p-119,Malignant,True,train,4.533766793607393,"sharpness_lapvar(z=+4.3),noise_sigma(z=+4.5),hf_energy_frac(z=+4.0)",0.6242499915359215,True
train/Malignant/ACRIN-6698-629606/p-096,Malignant,True,train,4.532609915669081,"sharpness_lapvar(z=+4.5),noise_sigma(z=+3.0)",0.5097152350796581,False
train/Malignant/ISPY2-892390/p-036,Malignant,True,train,4.532133620482956,hf_energy_frac(z=+4.5),0.46142871719693046,False
train/Malignant/ISPY2-567907/p-049,Malignant,True,train,4.531722842654981,entropy(z=-4.5),0.5133834199090509,False
train/Malignant/ISPY2-228192/p-106,Malignant,True,train,4.530528325022439,hf_energy_frac(z=+4.5),0.5466758156850752,False
train/Malignant/ISPY2-590220/p-014,Malignant,True,train,4.526754159460447,hf_energy_frac(z=+4.5),0.5054492122277717,False
train/Malignant/ISPY2-531672/p-077,Malignant,True,train,4.526420406086902,"sharpness_lapvar(z=+4.0),noise_sigma(z=+4.5)",0.5795262789020317,True
train/Malignant/ISPY2-446263/p-034,Malignant,True,train,4.524109023855346,dynamic_range(z=-4.5),0.5535465107756785,False
train/Malignant/ACRIN-6698-870077/p-028,Malignant,True,train,4.524109023855346,dynamic_range(z=-4.5),0.5324854275403104,False
train/Malignant/ACRIN-6698-522140/p-040,Malignant,True,train,4.524109023855346,dynamic_range(z=-4.5),0.5814366898271967,True
train/Malignant/ACRIN-6698-856159/p-024,Malignant,True,train,4.523983944459624,"entropy(z=-4.3),snr(z=+4.5)",0.5865202704048051,True
train/Malignant/ISPY2-485637/p-134,Malignant,True,train,4.52095167242589,"sharpness_lapvar(z=+3.3),hf_energy_frac(z=+4.5)",0.5311062807974746,False
train/Malignant/ISPY2-797499/p-052,Malignant,True,train,4.518920722189283,dynamic_range(z=-4.5),0.5337712196699381,False
train/Malignant/ACRIN-6698-987914/p-043,Malignant,True,train,4.518920722189283,dynamic_range(z=-4.5),0.5048980462318978,False
val/Malignant/ISPY2-178815/p-059,Malignant,True,val,4.515739876945752,aspect_ratio(z=+4.5),0.4953570058549259,False
val/Malignant/ISPY2-453596/p-032,Malignant,True,val,4.508544118857157,dynamic_range(z=-4.5),0.5339485332967389,False
train/Malignant/ISPY2-303947/p-095,Malignant,True,train,4.5076957541945815,"sharpness_lapvar(z=+4.5),noise_sigma(z=+3.8)",0.5847436090310314,True
train/Malignant/ISPY2-485637/p-113,Malignant,True,train,4.506420675086617,hf_energy_frac(z=+4.5),0.4754219755190881,False
train/Malignant/ISPY2-824350/p-024,Malignant,True,train,4.504918369841768,aspect_ratio(z=+4.5),0.5251434580504971,False
train/Malignant/ACRIN-6698-973837/p-061,Malignant,True,train,4.504918369841768,aspect_ratio(z=+4.5),0.5051644885685193,False
train/Malignant/ISPY2-999264/p-027,Malignant,True,train,4.5033558171910935,dynamic_range(z=-4.5),0.5299380847919052,False
train/Malignant/ISPY2-999264/p-014,Malignant,True,train,4.5033558171910935,dynamic_range(z=-4.5),0.5033025107058978,False
train/Malignant/ISPY2-201831/p-031,Malignant,True,train,4.502260910955982,"contrast(z=-3.1),entropy(z=-4.5)",0.5785434766359406,False
train/Malignant/ACRIN-6698-755914/p-070,Malignant,True,train,4.500090888662749,"dynamic_range(z=-3.5),snr(z=+4.5)",0.5392808608195228,False
train/Malignant/ISPY2-128051/p-083,Malignant,True,train,4.498662108169713,"sharpness_lapvar(z=+4.5),noise_sigma(z=+3.6)",0.5798328301895772,True
train/Malignant/ACRIN-6698-987914/p-028,Malignant,True,train,4.498168228008094,dynamic_range(z=-4.5),0.5397818344592642,False
train/Malignant/ISPY2-362993/p-122,Malignant,True,train,4.498168228008094,dynamic_range(z=-4.5),0.5648042043916459,False
train/Malignant/ISPY2-461824/p-039,Malignant,True,train,4.49816751552503,"dynamic_range(z=-4.5),snr(z=+4.2)",0.5501232063268622,False
train/Malignant/ISPY2-318438/p-063,Malignant,True,train,4.497095317660941,sharpness_lapvar(z=+4.5),0.5339376876426425,False
train/Malignant/ISPY2-318438/p-065,Malignant,True,train,4.497041272820743,"sharpness_lapvar(z=+4.5),noise_sigma(z=+3.2)",0.536595729006126,False
train/Malignant/ISPY2-598798/p-023,Malignant,True,train,4.496115861700668,hf_energy_frac(z=+4.5),0.5553757225928349,False
train/Malignant/ISPY2-318438/p-096,Malignant,True,train,4.495593278989011,"sharpness_lapvar(z=+4.5),noise_sigma(z=+4.4)",0.5641110345314764,False
train/Malignant/ISPY2-446263/p-043,Malignant,True,train,4.492979926342031,dynamic_range(z=-4.5),0.5324812306370882,False
train/Malignant/ISPY2-199115/p-013,Malignant,True,train,4.492979926342031,dynamic_range(z=-4.5),0.5760560531973397,False
train/Malignant/ISPY2-141782/p-088,Malignant,True,train,4.492298569143555,hf_energy_frac(z=+4.5),0.5369447986019239,False
train/Malignant/ISPY2-342996/p-043,Malignant,True,train,4.492067830155787,"snr(z=+3.2),aspect_ratio(z=+4.5)",0.5349537861721276,False
train/Malignant/ISPY2-520986/p-059,Malignant,True,train,4.490494391553874,entropy(z=-4.5),0.4921603051834125,False
train/Malignant/ISPY2-309830/p-119,Malignant,True,train,4.489638276969498,hf_energy_frac(z=+4.5),0.4757192024393314,False
train/Malignant/ISPY2-159352/p-028,Malignant,True,train,4.488990324915387,"sharpness_lapvar(z=+3.0),hf_energy_frac(z=+4.5)",0.5520907013246391,False
train/Malignant/ISPY2-733276/p-042,Malignant,True,train,4.4877916246759675,dynamic_range(z=-4.5),0.4802735144099315,False
train/Malignant/ISPY2-570685/p-033,Malignant,True,train,4.4877916246759675,dynamic_range(z=-4.5),0.5507011837562997,False
train/Malignant/ISPY2-102011/p-038,Malignant,True,train,4.4877916246759675,dynamic_range(z=-4.5),0.4842585747077034,False
train/Malignant/ISPY2-609897/p-035,Malignant,True,train,4.4877916246759675,dynamic_range(z=-4.5),0.4762223598887289,False
train/Malignant/ACRIN-6698-280375/p-028,Malignant,True,train,4.4877916246759675,dynamic_range(z=-4.5),0.5503965424988824,False
train/Malignant/ISPY2-590299/p-037,Malignant,True,train,4.484944915898969,"sharpness_lapvar(z=+4.5),noise_sigma(z=+4.5)",0.6122538124910605,True
val/Malignant/ISPY2-896939/p-126,Malignant,True,val,4.482888873237228,aspect_ratio(z=+4.5),0.5439172321570555,False
train/Malignant/ACRIN-6698-522140/p-051,Malignant,True,train,4.482604035492968,dynamic_range(z=-4.5),0.5040452654273628,False
train/Malignant/ACRIN-6698-890372/p-062,Malignant,True,train,4.482604035492968,dynamic_range(z=-4.5),0.5324722521543415,False
train/Malignant/ISPY2-728287/p-076,Malignant,True,train,4.482603323009904,dynamic_range(z=-4.5),0.5914073504548294,True
train/Malignant/ACRIN-6698-899692/p-041,Malignant,True,train,4.482603323009904,dynamic_range(z=-4.5),0.5060055937005382,False
train/Malignant/ISPY2-865416/p-061,Malignant,True,train,4.480561194898642,hf_energy_frac(z=+4.5),0.5162590773879577,False
train/Malignant/ISPY2-201831/p-032,Malignant,True,train,4.480129973577765,"contrast(z=-3.4),entropy(z=-4.5),dynamic_range(z=-3.0)",0.6105219012323723,True
train/Malignant/ISPY2-188511/p-054,Malignant,True,train,4.478553356071849,"sharpness_lapvar(z=+3.4),noise_sigma(z=+4.5)",0.5585343254944491,False
train/Malignant/ISPY2-804233/p-032,Malignant,True,train,4.477415733826905,"dynamic_range(z=-4.5),snr(z=+3.5)",0.548998614523151,False
train/Malignant/ISPY2-303947/p-104,Malignant,True,train,4.476772717627815,"sharpness_lapvar(z=+3.2),hf_energy_frac(z=+4.5)",0.5483370885865064,False
train/Malignant/ACRIN-6698-326433/p-074,Malignant,True,train,4.476085131105305,sharpness_lapvar(z=+4.5),0.5554938864525988,False
train/Malignant/ACRIN-6698-465008/p-032,Malignant,True,train,4.474882243032508,"entropy(z=-4.5),dynamic_range(z=-3.2)",0.5483552099679988,False
train/Malignant/ACRIN-6698-863161/p-083,Malignant,True,train,4.473518511052862,"sharpness_lapvar(z=+4.5),noise_sigma(z=+3.1)",0.5265477077832954,False
train/Malignant/ACRIN-6698-218503/p-017,Malignant,True,train,4.4722274321608415,dynamic_range(z=-4.5),0.532173114069257,False
train/Malignant/ISPY2-987995/p-117,Malignant,True,train,4.469676741128514,hf_energy_frac(z=+4.5),0.5477854766151352,False
train/Malignant/ISPY2-485637/p-119,Malignant,True,train,4.4688300818653,hf_energy_frac(z=+4.5),0.4885389076000833,False
train/Malignant/ISPY2-220664/p-049,Malignant,True,train,4.4671535185197,aspect_ratio(z=+4.5),0.4889663768731453,False
train/Malignant/ISPY2-924812/p-096,Malignant,True,train,4.465123150169051,aspect_ratio(z=+4.5),0.5108556472437306,False
train/Malignant/ACRIN-6698-412772/p-040,Malignant,True,train,4.461850828828715,dynamic_range(z=-4.5),0.5209505073536427,False
train/Malignant/ISPY2-342996/p-066,Malignant,True,train,4.461850828828715,"dynamic_range(z=-4.5),snr(z=+3.4)",0.608502941921466,True
train/Malignant/ACRIN-6698-899692/p-029,Malignant,True,train,4.461850828828715,dynamic_range(z=-4.5),0.4876179856369989,False
train/Malignant/ACRIN-6698-755914/p-068,Malignant,True,train,4.461742009889101,"dynamic_range(z=-3.6),snr(z=+4.5)",0.5748711012367238,False
val/Malignant/ISPY2-896939/p-131,Malignant,True,val,4.4574702233089125,aspect_ratio(z=+4.5),0.5452594339740827,False
train/Malignant/ISPY2-999264/p-023,Malignant,True,train,4.456662527162652,dynamic_range(z=-4.5),0.5170364387751761,False
train/Malignant/ACRIN-6698-890372/p-059,Malignant,True,train,4.451474225496589,dynamic_range(z=-4.5),0.5195907995097098,False
train/Malignant/ISPY2-974181/p-122,Malignant,True,train,4.448727780146474,hf_energy_frac(z=+4.4),0.4793403235072297,False
train/Malignant/ACRIN-6698-870077/p-025,Malignant,True,train,4.446286636313589,dynamic_range(z=-4.4),0.47876662659075897,False
train/Malignant/ISPY2-804233/p-033,Malignant,True,train,4.446286636313589,dynamic_range(z=-4.4),0.5202420721069407,False
train/Malignant/ACRIN-6698-465008/p-034,Malignant,True,train,4.443571291016491,entropy(z=-4.4),0.515709844252444,False
val/Malignant/ISPY2-160120/p-065,Malignant,True,val,4.442790571037005,hf_energy_frac(z=+4.4),0.4735970750974984,False
train/Malignant/ACRIN-6698-165925/p-010,Malignant,True,train,4.441108793469997,"dynamic_range(z=-3.2),aspect_ratio(z=+4.4)",0.5319340591567231,False
train/Malignant/ISPY2-461824/p-043,Malignant,True,train,4.44109904713059,"dynamic_range(z=-4.4),snr(z=+4.2)",0.5770993556431134,False
train/Malignant/ACRIN-6698-755914/p-064,Malignant,True,train,4.44109904713059,"dynamic_range(z=-4.4),snr(z=+4.4)",0.5889787642230379,True
train/Malignant/ACRIN-6698-294739/p-025,Malignant,True,train,4.441098334647526,dynamic_range(z=-4.4),0.5301733668894995,False
train/Malignant/ISPY2-999264/p-029,Malignant,True,train,4.441098334647526,dynamic_range(z=-4.4),0.5120108137482134,False
train/Malignant/ISPY2-318407/p-101,Malignant,True,train,4.440319707936853,hf_energy_frac(z=+4.4),0.508670967387308,False
train/Malignant/ISPY2-309830/p-117,Malignant,True,train,4.440056867360094,hf_energy_frac(z=+4.4),0.4698564118756657,False
train/Malignant/ISPY2-650589/p-090,Malignant,True,train,4.436874698768571,hf_energy_frac(z=+4.4),0.5159178198229134,False
train/Malignant/ISPY2-233832/p-024,Malignant,True,train,4.435910745464526,"dynamic_range(z=-4.4),snr(z=+3.0)",0.5987332395236957,True
train/Malignant/ISPY2-166782/p-047,Malignant,True,train,4.435628195564183,hf_energy_frac(z=+4.4),0.5141061081482395,False
train/Malignant/ACRIN-6698-786753/p-052,Malignant,True,train,4.435264829898337,hf_energy_frac(z=+4.4),0.49910948005717837,False
train/Malignant/ISPY2-235995/p-021,Malignant,True,train,4.435000880894657,entropy(z=-4.4),0.4981868209866422,False
train/Malignant/ISPY2-791944/p-109,Malignant,True,train,4.431053542652409,"sharpness_lapvar(z=+4.4),noise_sigma(z=+3.1)",0.5461420453348002,False
val/Malignant/ISPY2-157463/p-022,Malignant,True,val,4.430388140818015,"dynamic_range(z=-4.2),snr(z=+4.4)",0.5601695765087819,False
train/Malignant/ACRIN-6698-573919/p-036,Malignant,True,train,4.430381316519699,hf_energy_frac(z=+4.4),0.5559176578852342,False
train/Malignant/ISPY2-211408/p-095,Malignant,True,train,4.427815131725878,aspect_ratio(z=+4.4),0.5449412794522076,False
train/Malignant/ISPY2-211408/p-094,Malignant,True,train,4.427815131725878,aspect_ratio(z=+4.4),0.56082729862502,False
train/Malignant/ISPY2-318438/p-070,Malignant,True,train,4.4274007776521245,"sharpness_lapvar(z=+4.4),hf_energy_frac(z=+4.4)",0.5800260542428658,True
train/Malignant/ISPY2-590220/p-055,Malignant,True,train,4.425588852009319,hf_energy_frac(z=+4.4),0.5579788345005645,False
train/Malignant/ISPY2-485637/p-114,Malignant,True,train,4.425023608304794,hf_energy_frac(z=+4.4),0.4728225056565873,False
train/Malignant/ISPY2-318438/p-094,Malignant,True,train,4.422908577348917,"sharpness_lapvar(z=+4.4),noise_sigma(z=+3.5)",0.537741326851553,False
train/Malignant/ISPY2-245655/p-066,Malignant,True,train,4.422424733671264,"noise_sigma(z=+3.1),hf_energy_frac(z=+4.4)",0.5534242830712315,False
train/Malignant/ISPY2-609897/p-037,Malignant,True,train,4.420345840466337,dynamic_range(z=-4.4),0.4956365975557505,False
train/Malignant/ISPY2-573586/p-121,Malignant,True,train,4.420255990734124,aspect_ratio(z=+4.4),0.4820583045774776,False
train/Malignant/ACRIN-6698-856159/p-025,Malignant,True,train,4.419147962525994,"entropy(z=-3.8),snr(z=+4.4)",0.5677570679833991,False
train/Malignant/ISPY2-824512/p-095,Malignant,True,train,4.417690406043006,hf_energy_frac(z=+4.4),0.5181056966587604,False
train/Malignant/ISPY2-905264/p-048,Malignant,True,train,4.417345527807359,"sharpness_lapvar(z=+4.4),noise_sigma(z=+3.6)",0.5692442350062832,False
train/Malignant/ACRIN-6698-326433/p-102,Malignant,True,train,4.412282647966127,sharpness_lapvar(z=+4.4),0.5643144545262182,False
train/Malignant/ISPY2-953262/p-111,Malignant,True,train,4.411270071997881,"sharpness_lapvar(z=+4.4),noise_sigma(z=+3.1)",0.5513994242165011,False
train/Malignant/ACRIN-6698-943633/p-051,Malignant,True,train,4.409969949617274,dynamic_range(z=-4.4),0.5547065147832466,False
train/Malignant/ACRIN-6698-890372/p-057,Malignant,True,train,4.40996923713421,dynamic_range(z=-4.4),0.5192421416612693,False
train/Malignant/ACRIN-6698-280375/p-027,Malignant,True,train,4.40996923713421,"contrast(z=-3.1),dynamic_range(z=-4.4)",0.5890615750396324,True
val/Malignant/ISPY2-453596/p-040,Malignant,True,val,4.40996923713421,dynamic_range(z=-4.4),0.5139820524118418,False
train/Malignant/ACRIN-6698-987914/p-042,Malignant,True,train,4.40996923713421,dynamic_range(z=-4.4),0.5136932922997208,False
train/Malignant/ISPY2-836983/p-040,Malignant,True,train,4.40837969276123,"sharpness_lapvar(z=+4.4),noise_sigma(z=+3.4)",0.512664235256792,False
train/Malignant/ISPY2-590299/p-054,Malignant,True,train,4.408287733507777,entropy(z=-4.4),0.5675727313360146,False
train/Malignant/ISPY2-188511/p-056,Malignant,True,train,4.407738445871397,"sharpness_lapvar(z=+4.2),noise_sigma(z=+4.4)",0.5817905113162756,True
train/Malignant/ISPY2-590299/p-049,Malignant,True,train,4.407524805905907,aspect_ratio(z=+4.4),0.5748744826108874,False
train/Malignant/ACRIN-6698-326433/p-075,Malignant,True,train,4.407455831908027,sharpness_lapvar(z=+4.4),0.5373451419343301,False
train/Malignant/ACRIN-6698-863161/p-082,Malignant,True,train,4.407404846209726,sharpness_lapvar(z=+4.4),0.5302352218966625,False
train/Malignant/ISPY2-422454/p-103,Malignant,True,train,4.407141464826913,hf_energy_frac(z=+4.4),0.4885358166889044,False
train/Malignant/ISPY2-655703/p-101,Malignant,True,train,4.4067401495594964,hf_energy_frac(z=+4.4),0.5091239933271572,False
train/Malignant/ISPY2-342142/p-038,Malignant,True,train,4.404957461135019,"dynamic_range(z=-4.0),snr(z=+4.4)",0.5552330291857793,False
train/Malignant/ISPY2-180663/p-137,Malignant,True,train,4.399881579616904,hf_energy_frac(z=+4.4),0.47959498687497887,False
val/Malignant/ACRIN-6698-695521/p-042,Malignant,True,val,4.3995933462851475,dynamic_range(z=-4.4),0.5621033606116709,False
train/Malignant/ISPY2-999264/p-025,Malignant,True,train,4.3995933462851475,dynamic_range(z=-4.4),0.5191014467875686,False
train/Malignant/ISPY2-266509/p-048,Malignant,True,train,4.3995933462851475,dynamic_range(z=-4.4),0.5340958692970262,False
train/Malignant/ISPY2-266509/p-063,Malignant,True,train,4.398899714470187,hf_energy_frac(z=+4.4),0.4764400435306675,False
train/Malignant/ISPY2-451482/p-071,Malignant,True,train,4.398343777974812,"sharpness_lapvar(z=+3.8),noise_sigma(z=+4.0),hf_energy_frac(z=+4.4)",0.6052046536715692,True
val/Malignant/ISPY2-859699/p-095,Malignant,True,val,4.394794951142979,hf_energy_frac(z=+4.4),0.5358932360932289,False
train/Malignant/ISPY2-528479/p-023,Malignant,True,train,4.394405757102147,dynamic_range(z=-4.4),0.54136742194603,False
train/Malignant/ACRIN-6698-412772/p-041,Malignant,True,train,4.394405044619084,dynamic_range(z=-4.4),0.505782915239459,False
train/Malignant/ISPY2-485637/p-115,Malignant,True,train,4.392687390951892,hf_energy_frac(z=+4.4),0.4751984909280843,False
train/Malignant/ISPY2-733276/p-038,Malignant,True,train,4.389217455436085,dynamic_range(z=-4.4),0.4862185687553897,False
train/Malignant/ISPY2-613961/p-030,Malignant,True,train,4.389217455436085,dynamic_range(z=-4.4),0.49780298514994303,False
train/Malignant/ISPY2-627981/p-115,Malignant,True,train,4.388055773704717,"sharpness_lapvar(z=+4.4),noise_sigma(z=+3.8),hf_energy_frac(z=+3.8)",0.5880373218324736,True
train/Malignant/ISPY2-188511/p-066,Malignant,True,train,4.387634977731883,"sharpness_lapvar(z=+3.4),noise_sigma(z=+3.6),hf_energy_frac(z=+4.4)",0.569640879252594,False
train/Malignant/ISPY2-303947/p-094,Malignant,True,train,4.386485414197064,"sharpness_lapvar(z=+4.4),noise_sigma(z=+4.1)",0.6014388560593852,True
train/Malignant/ISPY2-451482/p-084,Malignant,True,train,4.385791723746701,entropy(z=-4.4),0.5435186990670039,False
train/Malignant/ISPY2-572731/p-071,Malignant,True,train,4.384979999439273,aspect_ratio(z=+4.4),0.4599372890145012,False
train/Malignant/ISPY2-461824/p-029,Malignant,True,train,4.384029153770022,"dynamic_range(z=-4.4),snr(z=+3.6)",0.5547043969804952,False
train/Malignant/ISPY2-999264/p-019,Malignant,True,train,4.378840852103958,"dynamic_range(z=-4.4),snr(z=+3.5)",0.5585325737012127,False
train/Malignant/ISPY2-188511/p-057,Malignant,True,train,4.378840852103958,dynamic_range(z=-4.4),0.6131164418040976,True
train/Malignant/ACRIN-6698-323721/p-038,Malignant,True,train,4.378840852103958,dynamic_range(z=-4.4),0.5217204617695632,False
train/Malignant/ISPY2-520986/p-081,Malignant,True,train,4.375666231131146,hf_energy_frac(z=+4.4),0.49544283566899355,False
train/Malignant/ACRIN-6698-863161/p-081,Malignant,True,train,4.373846569445373,"sharpness_lapvar(z=+4.4),noise_sigma(z=+3.0)",0.519930957414662,False
val/Malignant/ISPY2-157463/p-027,Malignant,True,val,4.370728358442527,"dynamic_range(z=-3.4),snr(z=+4.4)",0.5422423320547547,False
train/Malignant/ISPY2-756412/p-046,Malignant,True,train,4.368464248771832,dynamic_range(z=-4.4),0.5366105099224262,False
val/Malignant/ISPY2-279902/p-049,Malignant,True,val,4.368464248771832,dynamic_range(z=-4.4),0.508361351510705,False
train/Malignant/ISPY2-141782/p-114,Malignant,True,train,4.368019248715339,"sharpness_lapvar(z=+3.6),noise_sigma(z=+4.4)",0.6030459239421574,True
train/Malignant/ISPY2-892390/p-037,Malignant,True,train,4.367529656816343,hf_energy_frac(z=+4.4),0.46630699529044056,False
train/Malignant/ISPY2-318569/p-068,Malignant,True,train,4.365635100987258,aspect_ratio(z=+4.4),0.49050368416374635,False
train/Malignant/ISPY2-828199/p-011,Malignant,True,train,4.363275947105769,dynamic_range(z=-4.4),0.5433436933643658,False
train/Malignant/ISPY2-836983/p-069,Malignant,True,train,4.361172034704873,"sharpness_lapvar(z=+4.4),noise_sigma(z=+3.8)",0.5331040728261749,False
train/Malignant/ISPY2-259206/p-017,Malignant,True,train,4.359782862800094,"dynamic_range(z=-3.1),aspect_ratio(z=+4.4)",0.6084262310889417,True
train/Malignant/ACRIN-6698-629606/p-103,Malignant,True,train,4.359077032361708,"sharpness_lapvar(z=+4.4),noise_sigma(z=+3.1)",0.5193853443768844,False
train/Malignant/ACRIN-6698-748583/p-030,Malignant,True,train,4.358088357922769,dynamic_range(z=-4.4),0.5027021139577317,False
train/Malignant/ISPY2-791944/p-104,Malignant,True,train,4.3577906631935885,"sharpness_lapvar(z=+4.4),noise_sigma(z=+3.1)",0.5550560680602589,False
train/Malignant/ISPY2-182346/p-111,Malignant,True,train,4.356681217115748,hf_energy_frac(z=+4.4),0.53288588590916,False
train/Malignant/ISPY2-531672/p-101,Malignant,True,train,4.356584413226019,"sharpness_lapvar(z=+3.2),noise_sigma(z=+4.0),hf_energy_frac(z=+4.4)",0.6081444605348246,True
train/Malignant/ISPY2-520986/p-060,Malignant,True,train,4.355205299746745,entropy(z=-4.4),0.4886546294392239,False
train/Malignant/ISPY2-832056/p-058,Malignant,True,train,4.355118126863235,hf_energy_frac(z=+4.4),0.48332798382949543,False
train/Malignant/ISPY2-493519/p-065,Malignant,True,train,4.352414551134882,hf_energy_frac(z=+4.4),0.5414932227561127,False
train/Malignant/ACRIN-6698-629606/p-097,Malignant,True,train,4.351899265754975,"sharpness_lapvar(z=+4.4),noise_sigma(z=+3.1)",0.5063043490193886,False
train/Malignant/ISPY2-211408/p-093,Malignant,True,train,4.350711893609989,"hf_energy_frac(z=+3.1),aspect_ratio(z=+4.4)",0.5573586432190403,False
train/Malignant/ISPY2-300724/p-025,Malignant,True,train,4.350711893609989,aspect_ratio(z=+4.4),0.5772275884048851,False
train/Malignant/ISPY2-335091/p-053,Malignant,True,train,4.350711893609989,aspect_ratio(z=+4.4),0.4943793295414832,False
train/Malignant/ISPY2-301968/p-071,Malignant,True,train,4.349608364955789,entropy(z=-4.3),0.48730156451726453,False
train/Malignant/ISPY2-520986/p-054,Malignant,True,train,4.348385562933033,entropy(z=-4.3),0.48200954098520127,False
train/Malignant/ISPY2-301968/p-068,Malignant,True,train,4.347945199390163,entropy(z=-4.3),0.5045277543727731,False
train/Malignant/ACRIN-6698-987914/p-046,Malignant,True,train,4.3477124670737055,dynamic_range(z=-4.3),0.5477244962141592,False
train/Malignant/ACRIN-6698-188700/p-060,Malignant,True,train,4.347711754590643,dynamic_range(z=-4.3),0.517259221260057,False
train/Malignant/ACRIN-6698-629606/p-105,Malignant,True,train,4.347248860212994,sharpness_lapvar(z=+4.3),0.5280780899043425,False
train/Malignant/ISPY2-174904/p-023,Malignant,True,train,4.3456653409608315,entropy(z=-4.3),0.5851965031512821,True
train/Malignant/ISPY2-531672/p-093,Malignant,True,train,4.345288801570219,"sharpness_lapvar(z=+3.8),noise_sigma(z=+4.3)",0.5576098695705954,False
train/Malignant/ISPY2-831702/p-035,Malignant,True,train,4.344007264208607,aspect_ratio(z=+4.3),0.5016609543063376,False
train/Malignant/ACRIN-6698-203060/p-025,Malignant,True,train,4.344007264208607,aspect_ratio(z=+4.3),0.5598319136597603,False
train/Malignant/ACRIN-6698-580541/p-034,Malignant,True,train,4.342524165407642,dynamic_range(z=-4.3),0.4703220440609978,False
train/Malignant/ACRIN-6698-323721/p-036,Malignant,True,train,4.342524165407642,dynamic_range(z=-4.3),0.5287200001823394,False
train/Malignant/ISPY2-804233/p-040,Malignant,True,train,4.342524165407642,dynamic_range(z=-4.3),0.5106687280936524,False
train/Malignant/ISPY2-318438/p-091,Malignant,True,train,4.3413839753374965,"sharpness_lapvar(z=+4.3),noise_sigma(z=+3.3)",0.5278639594547482,False
train/Malignant/ISPY2-783771/p-015,Malignant,True,train,4.340997003924128,"entropy(z=-3.9),snr(z=+4.3)",0.5798216585607404,True
train/Malignant/ISPY2-540539/p-067,Malignant,True,train,4.33780743379864,"noise_sigma(z=+3.2),hf_energy_frac(z=+4.3)",0.5385990298570004,False
train/Malignant/ISPY2-466267/p-040,Malignant,True,train,4.33762530965879,"sharpness_lapvar(z=+4.3),noise_sigma(z=+3.6)",0.5930764771711483,True
train/Malignant/ACRIN-6698-218503/p-018,Malignant,True,train,4.33733586374158,dynamic_range(z=-4.3),0.5107353046286789,False
train/Malignant/ACRIN-6698-899692/p-028,Malignant,True,train,4.33733586374158,dynamic_range(z=-4.3),0.5020152815491926,False
train/Malignant/ISPY2-836983/p-041,Malignant,True,train,4.332743938903508,"sharpness_lapvar(z=+4.3),noise_sigma(z=+3.5)",0.5183506217837058,False
train/Malignant/ACRIN-6698-241998/p-032,Malignant,True,train,4.332147562075517,dynamic_range(z=-4.3),0.547308533227545,False
train/Malignant/ACRIN-6698-563681/p-068,Malignant,True,train,4.332147562075517,dynamic_range(z=-4.3),0.5325812643751264,False
train/Malignant/ACRIN-6698-631299/p-046,Malignant,True,train,4.332147562075517,dynamic_range(z=-4.3),0.5396837063204467,False
train/Malignant/ISPY2-136536/p-014,Malignant,True,train,4.329102540330892,"sharpness_lapvar(z=+4.3),noise_sigma(z=+4.2)",0.5936628538009506,True
train/Malignant/ACRIN-6698-839274/p-046,Malignant,True,train,4.327222154568838,hf_energy_frac(z=+4.3),0.5134720738983093,False
train/Malignant/ISPY2-925691/p-046,Malignant,True,train,4.326959260409454,dynamic_range(z=-4.3),0.5246211186643053,False
train/Malignant/ISPY2-575372/p-053,Malignant,True,train,4.326959260409454,dynamic_range(z=-4.3),0.485775367589689,False
train/Malignant/ISPY2-953262/p-082,Malignant,True,train,4.326861209033606,sharpness_lapvar(z=+4.3),0.5444587934023909,False
train/Malignant/ISPY2-953262/p-106,Malignant,True,train,4.324720319561971,sharpness_lapvar(z=+4.3),0.5419956161696281,False
train/Malignant/ACRIN-6698-685795/p-030,Malignant,True,train,4.324109348101267,entropy(z=-4.3),0.516124209242345,False
train/Malignant/ISPY2-531672/p-097,Malignant,True,train,4.321884080008387,"sharpness_lapvar(z=+3.8),noise_sigma(z=+4.3)",0.5521139467671943,False
train/Malignant/ISPY2-116165/p-052,Malignant,True,train,4.319662453475388,"contrast(z=-3.0),entropy(z=-4.3),dynamic_range(z=-4.1)",0.5972387848866434,True
train/Malignant/ISPY2-567907/p-056,Malignant,True,train,4.3166840334930585,entropy(z=-4.3),0.47509235650025466,False
train/Malignant/ACRIN-6698-516834/p-044,Malignant,True,train,4.31658336956039,dynamic_range(z=-4.3),0.5485659916787323,False
train/Malignant/ISPY2-233832/p-030,Malignant,True,train,4.316582657077327,dynamic_range(z=-4.3),0.5878303667356806,True
train/Malignant/ISPY2-363669/p-035,Malignant,True,train,4.316144569352023,"dynamic_range(z=-4.3),snr(z=+4.3)",0.543700649140558,False
train/Malignant/ISPY2-201831/p-030,Malignant,True,train,4.315071476312683,entropy(z=-4.3),0.5642127168710525,False
train/Malignant/ISPY2-520986/p-058,Malignant,True,train,4.314130921425974,entropy(z=-4.3),0.491024066313704,False
train/Malignant/ACRIN-6698-326433/p-100,Malignant,True,train,4.313983241356886,"sharpness_lapvar(z=+4.3),noise_sigma(z=+4.1)",0.5804646754711422,True
train/Malignant/ISPY2-783771/p-020,Malignant,True,train,4.309964555643377,"entropy(z=-4.2),snr(z=+4.3)",0.6056740964327965,True
train/Malignant/ACRIN-6698-690089/p-037,Malignant,True,train,4.308468092170899,snr(z=+4.3),0.5358309795616528,False
train/Malignant/ACRIN-6698-890372/p-056,Malignant,True,train,4.301018464562201,dynamic_range(z=-4.3),0.5019132042856779,False
train/Malignant/ISPY2-573881/p-066,Malignant,True,train,4.299838788934384,sharpness_lapvar(z=+4.3),0.5135396540471532,False
train/Malignant/ISPY2-567907/p-072,Malignant,True,train,4.299309734866062,aspect_ratio(z=+4.3),0.4748190251712056,False
train/Malignant/ISPY2-208265/p-125,Malignant,True,train,4.299309734866062,aspect_ratio(z=+4.3),0.5041078421929104,False
train/Malignant/ACRIN-6698-801641/p-018,Malignant,True,train,4.299309734866062,aspect_ratio(z=+4.3),0.4592401504238449,False
train/Malignant/ACRIN-6698-973837/p-073,Malignant,True,train,4.299309734866062,aspect_ratio(z=+4.3),0.5075441123968751,False
val/Malignant/ISPY2-930853/p-032,Malignant,True,val,4.29888655666665,snr(z=+4.3),0.516791961583928,False
train/Malignant/ISPY2-491779/p-094,Malignant,True,train,4.297018120676505,hf_energy_frac(z=+4.3),0.5749913177188873,False
train/Malignant/ISPY2-972307/p-026,Malignant,True,train,4.295830875379201,"dynamic_range(z=-4.3),aspect_ratio(z=+3.1)",0.5477560755488262,False
train/Malignant/ISPY2-756412/p-029,Malignant,True,train,4.295830875379201,"dynamic_range(z=-4.3),snr(z=+3.4)",0.5522163527482037,False
val/Malignant/ISPY2-453596/p-037,Malignant,True,val,4.295830875379201,"dynamic_range(z=-4.3),snr(z=+3.2)",0.5314111169420077,False
train/Malignant/ISPY2-520986/p-057,Malignant,True,train,4.292149361116582,entropy(z=-4.3),0.4780265790808741,False
train/Malignant/ACRIN-6698-323721/p-037,Malignant,True,train,4.2906425737131375,dynamic_range(z=-4.3),0.5115983258978068,False
train/Malignant/ACRIN-6698-987914/p-034,Malignant,True,train,4.2906425737131375,dynamic_range(z=-4.3),0.506570262063087,False
train/Malignant/ISPY2-836983/p-037,Malignant,True,train,4.28962635356481,"sharpness_lapvar(z=+4.3),noise_sigma(z=+3.3)",0.5118267502513603,False
train/Malignant/ISPY2-666450/p-010,Malignant,True,train,4.285454272047075,"dynamic_range(z=-4.3),snr(z=+3.9)",0.5999389705951442,True
train/Malignant/ISPY2-520986/p-061,Malignant,True,train,4.282653421158225,entropy(z=-4.3),0.492205886618622,False
train/Malignant/ISPY2-318438/p-089,Malignant,True,train,4.280307187629459,sharpness_lapvar(z=+4.3),0.5287317912905088,False
train/Malignant/ISPY2-446263/p-039,Malignant,True,train,4.280265970381012,dynamic_range(z=-4.3),0.5449002782858783,False
train/Malignant/ACRIN-6698-924071/p-017,Malignant,True,train,4.280265970381012,dynamic_range(z=-4.3),0.505211221826392,False
train/Malignant/ISPY2-769972/p-028,Malignant,True,train,4.279234903671401,"entropy(z=-3.1),snr(z=+4.3)",0.5222869635067173,False
train/Malignant/ACRIN-6698-734997/p-085,Malignant,True,train,4.278329261909357,aspect_ratio(z=+4.3),0.49618980300910087,False
train/Malignant/ACRIN-6698-890372/p-050,Malignant,True,train,4.275077668714949,dynamic_range(z=-4.3),0.5318936192508863,False
train/Malignant/ISPY2-575372/p-057,Malignant,True,train,4.275077668714949,dynamic_range(z=-4.3),0.46668765163350423,False
train/Malignant/ACRIN-6698-629606/p-100,Malignant,True,train,4.274011983460307,sharpness_lapvar(z=+4.3),0.5244819549142258,False
train/Malignant/ACRIN-6698-863161/p-101,Malignant,True,train,4.272408483248759,sharpness_lapvar(z=+4.3),0.5254358828071567,False
train/Malignant/ACRIN-6698-755914/p-086,Malignant,True,train,4.269449188800001,snr(z=+4.3),0.501904509774383,False
train/Malignant/ISPY2-621179/p-039,Malignant,True,train,4.265412361476916,hf_energy_frac(z=+4.3),0.5123723543392863,False
train/Malignant/ISPY2-832056/p-090,Malignant,True,train,4.265230852482643,hf_energy_frac(z=+4.3),0.48170735396789366,False
train/Malignant/ACRIN-6698-383456/p-053,Malignant,True,train,4.264701065382822,dynamic_range(z=-4.3),0.5323895189259977,False
train/Malignant/ISPY2-953262/p-101,Malignant,True,train,4.264344075348581,sharpness_lapvar(z=+4.3),0.5113454147803778,False
train/Malignant/ISPY2-201831/p-029,Malignant,True,train,4.264091467342526,entropy(z=-4.3),0.5638017904308039,False
train/Malignant/ISPY2-493775/p-027,Malignant,True,train,4.263944347781651,hf_energy_frac(z=+4.3),0.5510493027555572,False
train/Malignant/ISPY2-726381/p-083,Malignant,True,train,4.263700883442557,hf_energy_frac(z=+4.3),0.5094384743922216,False
train/Malignant/ISPY2-596458/p-093,Malignant,True,train,4.260677183926815,"sharpness_lapvar(z=+4.3),noise_sigma(z=+3.5)",0.6326819963029781,True
train/Malignant/ACRIN-6698-899692/p-021,Malignant,True,train,4.259513476199823,dynamic_range(z=-4.3),0.4901733682321834,False
val/Malignant/ISPY2-453596/p-044,Malignant,True,val,4.259513476199823,"dynamic_range(z=-4.3),snr(z=+3.2)",0.5614842264157286,False
train/Malignant/ISPY2-318438/p-082,Malignant,True,train,4.254357506622478,"sharpness_lapvar(z=+4.3),noise_sigma(z=+3.6)",0.5481950171439475,False
train/Malignant/ISPY2-131595/p-025,Malignant,True,train,4.25432517453376,dynamic_range(z=-4.3),0.5390381613056043,False
train/Malignant/ISPY2-461824/p-034,Malignant,True,train,4.25432517453376,"dynamic_range(z=-4.3),snr(z=+3.9)",0.5645456321207803,False
train/Malignant/ACRIN-6698-870077/p-027,Malignant,True,train,4.25432517453376,dynamic_range(z=-4.3),0.5261084009843205,False
train/Malignant/ISPY2-303947/p-100,Malignant,True,train,4.252737321937844,"sharpness_lapvar(z=+3.1),hf_energy_frac(z=+4.3)",0.5443700990956822,False
train/Malignant/ISPY2-824512/p-047,Malignant,True,train,4.252717323215748,hf_energy_frac(z=+4.3),0.5305611092445126,False
train/Malignant/ACRIN-6698-188700/p-051,Malignant,True,train,4.249137585350759,dynamic_range(z=-4.2),0.5077503378059602,False
train/Malignant/ISPY2-614434/p-027,Malignant,True,train,4.249137585350759,dynamic_range(z=-4.2),0.5087227818266722,False
train/Malignant/ISPY2-181819/p-035,Malignant,True,train,4.249137585350759,"entropy(z=-3.6),dynamic_range(z=-4.2)",0.5700874773209549,False
train/Malignant/ISPY2-831702/p-060,Malignant,True,train,4.249136872867696,dynamic_range(z=-4.2),0.5529515658002153,False
train/Malignant/ACRIN-6698-863161/p-089,Malignant,True,train,4.248343743507944,"sharpness_lapvar(z=+4.2),noise_sigma(z=+3.2)",0.5249537997819633,False
train/Malignant/ISPY2-318438/p-093,Malignant,True,train,4.246243132737967,"sharpness_lapvar(z=+4.2),noise_sigma(z=+3.5)",0.5351359403564988,False
train/Malignant/ISPY2-531672/p-076,Malignant,True,train,4.245807551805443,"sharpness_lapvar(z=+3.9),noise_sigma(z=+4.2)",0.5561267286424723,False
train/Malignant/ISPY2-437162/p-066,Malignant,True,train,4.245752845839266,entropy(z=-4.2),0.5224338383361626,False
train/Malignant/ACRIN-6698-755914/p-084,Malignant,True,train,4.245499484162825,snr(z=+4.2),0.5083579923381663,False
train/Malignant/ISPY2-885590/p-063,Malignant,True,train,4.245434882352547,hf_energy_frac(z=+4.2),0.537589559019696,False
train/Malignant/ISPY2-182346/p-116,Malignant,True,train,4.2452021993461395,aspect_ratio(z=+4.2),0.5742488040456958,False
train/Malignant/ISPY2-914968/p-133,Malignant,True,train,4.2452021993461395,aspect_ratio(z=+4.2),0.4896946314393133,False
val/Malignant/ISPY2-378401/p-062,Malignant,True,val,4.244670392339801,hf_energy_frac(z=+4.2),0.5019605062426589,False
train/Malignant/ACRIN-6698-900959/p-070,Malignant,True,train,4.244380826870257,entropy(z=-4.2),0.5402019279546539,False
train/Malignant/ISPY2-832056/p-057,Malignant,True,train,4.241403732308176,hf_energy_frac(z=+4.2),0.4823698748624666,False
train/Malignant/ISPY2-733276/p-036,Malignant,True,train,4.238760982018633,dynamic_range(z=-4.2),0.49690214875258404,False
train/Malignant/ISPY2-729270/p-032,Malignant,True,train,4.236457736882135,hf_energy_frac(z=+4.2),0.5134711170569336,False
train/Malignant/ACRIN-6698-203060/p-027,Malignant,True,train,4.235057036436154,aspect_ratio(z=+4.2),0.5394556764312713,False
train/Malignant/ISPY2-422454/p-101,Malignant,True,train,4.235008725239729,hf_energy_frac(z=+4.2),0.4857151518098751,False
val/Malignant/ISPY2-380769/p-049,Malignant,True,val,4.23357268035257,dynamic_range(z=-4.2),0.5090011275911082,False
train/Malignant/ISPY2-916586/p-040,Malignant,True,train,4.233399378620286,entropy(z=-4.2),0.588723829903186,True
val/Malignant/ISPY2-157463/p-024,Malignant,True,val,4.231406271092825,"dynamic_range(z=-4.0),snr(z=+4.2)",0.5427649130815458,False
train/Malignant/ISPY2-627981/p-125,Malignant,True,train,4.230259116320785,"sharpness_lapvar(z=+4.2),noise_sigma(z=+3.6)",0.5965458694799213,True
train/Malignant/ISPY2-188511/p-088,Malignant,True,train,4.228707157004933,"sharpness_lapvar(z=+3.8),noise_sigma(z=+4.1),hf_energy_frac(z=+4.2)",0.5883830715967735,True
train/Malignant/ACRIN-6698-253531/p-093,Malignant,True,train,4.228410205564094,aspect_ratio(z=+4.2),0.4861704312935577,False
val/Malignant/ISPY2-199960/p-116,Malignant,True,val,4.228410205564094,aspect_ratio(z=+4.2),0.4609031412017239,False
val/Malignant/ISPY2-453596/p-038,Malignant,True,val,4.228384378686507,"dynamic_range(z=-4.2),snr(z=+3.2)",0.5340642528171378,False
train/Malignant/ISPY2-318438/p-072,Malignant,True,train,4.227539539173441,"sharpness_lapvar(z=+4.2),hf_energy_frac(z=+3.1)",0.5647174176475691,False
train/Malignant/ISPY2-318438/p-092,Malignant,True,train,4.227067921464163,"sharpness_lapvar(z=+4.2),noise_sigma(z=+3.4)",0.5371558615110322,False
train/Malignant/ISPY2-733276/p-043,Malignant,True,train,4.223196077020444,dynamic_range(z=-4.2),0.48310591071712006,False
val/Malignant/ISPY2-453596/p-036,Malignant,True,val,4.223196077020444,"dynamic_range(z=-4.2),snr(z=+3.7)",0.5410818774317496,False
train/Malignant/ISPY2-573881/p-067,Malignant,True,train,4.220528495800151,sharpness_lapvar(z=+4.2),0.5053754092663655,False
train/Malignant/ACRIN-6698-734997/p-038,Malignant,True,train,4.220229490644636,aspect_ratio(z=+4.2),0.47765695241269496,False
val/Malignant/ISPY2-896939/p-132,Malignant,True,val,4.220229490644636,aspect_ratio(z=+4.2),0.5348090856944226,False
train/Malignant/ISPY2-155171/p-110,Malignant,True,train,4.220229490644636,aspect_ratio(z=+4.2),0.47857662500544246,False
val/Malignant/ISPY2-930853/p-022,Malignant,True,val,4.220160521645925,"entropy(z=-3.7),snr(z=+4.2)",0.5513010001000342,False
train/Malignant/ISPY2-769972/p-029,Malignant,True,train,4.220108971880688,snr(z=+4.2),0.5308779987384825,False
train/Malignant/ISPY2-899381/p-028,Malignant,True,train,4.219390017429038,entropy(z=-4.2),0.5255638171243275,False
train/Malignant/ACRIN-6698-412772/p-039,Malignant,True,train,4.218007775354381,dynamic_range(z=-4.2),0.5080509882204141,False
train/Malignant/ISPY2-733276/p-041,Malignant,True,train,4.218007775354381,dynamic_range(z=-4.2),0.47492975645971264,False
train/Malignant/ISPY2-102011/p-033,Malignant,True,train,4.218007775354381,dynamic_range(z=-4.2),0.5105528579869957,False
train/Malignant/ACRIN-6698-711476/p-046,Malignant,True,train,4.218007775354381,dynamic_range(z=-4.2),0.4937271807877631,False
train/Malignant/ISPY2-478484/p-031,Malignant,True,train,4.218007775354381,dynamic_range(z=-4.2),0.5142686466547032,False
train/Malignant/ACRIN-6698-629606/p-095,Malignant,True,train,4.2178777493455115,"sharpness_lapvar(z=+4.2),noise_sigma(z=+3.0)",0.5022337907580356,False
train/Malignant/ISPY2-791944/p-106,Malignant,True,train,4.217673296695327,"sharpness_lapvar(z=+4.2),noise_sigma(z=+3.1)",0.5581188321190809,False
train/Malignant/ACRIN-6698-755914/p-071,Malignant,True,train,4.216640937934429,"dynamic_range(z=-3.7),snr(z=+4.2)",0.5455271910390814,False
train/Malignant/ISPY2-318569/p-069,Malignant,True,train,4.216403027214568,aspect_ratio(z=+4.2),0.48577702176178256,False
train/Malignant/ISPY2-759015/p-019,Malignant,True,train,4.216230232532625,snr(z=+4.2),0.5300907726656034,False
train/Malignant/ACRIN-6698-734997/p-084,Malignant,True,train,4.2153878430392435,aspect_ratio(z=+4.2),0.4997495375125613,False
train/Malignant/ISPY2-520986/p-063,Malignant,True,train,4.213700466628497,entropy(z=-4.2),0.48360109314825805,False
train/Malignant/ACRIN-6698-188700/p-059,Malignant,True,train,4.21282018617138,dynamic_range(z=-4.2),0.49556727227258734,False
train/Malignant/ISPY2-999264/p-026,Malignant,True,train,4.21282018617138,dynamic_range(z=-4.2),0.48478971267206866,False
train/Malignant/ACRIN-6698-863161/p-102,Malignant,True,train,4.211246549424559,"sharpness_lapvar(z=+4.2),noise_sigma(z=+3.1)",0.5495530733709914,False
train/Malignant/ISPY2-491779/p-097,Malignant,True,train,4.2103440383990955,hf_energy_frac(z=+4.2),0.5355061706391551,False
train/Malignant/ISPY2-831702/p-034,Malignant,True,train,4.209914676180972,aspect_ratio(z=+4.2),0.48300323092288205,False
train/Malignant/ISPY2-836983/p-039,Malignant,True,train,4.208034960288616,"sharpness_lapvar(z=+4.2),noise_sigma(z=+3.5)",0.5100225483534858,False
train/Malignant/ACRIN-6698-169918/p-029,Malignant,True,train,4.207520165680478,aspect_ratio(z=+4.2),0.49606357386025185,False
train/Malignant/ISPY2-500826/p-032,Malignant,True,train,4.202444295322318,dynamic_range(z=-4.2),0.5625014534541748,False
train/Malignant/ACRIN-6698-870077/p-019,Malignant,True,train,4.202444295322318,dynamic_range(z=-4.2),0.4775238138271145,False
train/Malignant/ISPY2-999264/p-010,Malignant,True,train,4.202443582839255,dynamic_range(z=-4.2),0.5122653354184681,False
val/Malignant/ISPY2-896939/p-072,Malignant,True,val,4.20142257755742,hf_energy_frac(z=+4.2),0.5014933895972747,False
train/Malignant/ACRIN-6698-755914/p-078,Malignant,True,train,4.1999602595045955,"dynamic_range(z=-4.1),snr(z=+4.2)",0.5403561697278866,False
train/Malignant/ISPY2-209397/p-100,Malignant,True,train,4.199946144488489,hf_energy_frac(z=+4.2),0.48905285316199165,False
train/Malignant/ISPY2-151980/p-060,Malignant,True,train,4.198967209377206,"sharpness_lapvar(z=+3.0),hf_energy_frac(z=+4.2)",0.5626815511768191,False
train/Malignant/ISPY2-575372/p-066,Malignant,True,train,4.197255993656254,dynamic_range(z=-4.2),0.5483374769131408,False
train/Malignant/ISPY2-102011/p-037,Malignant,True,train,4.197255993656254,dynamic_range(z=-4.2),0.483797612411289,False
train/Malignant/ISPY2-220664/p-050,Malignant,True,train,4.196505417378209,aspect_ratio(z=+4.2),0.5046572257440377,False
train/Malignant/ISPY2-443444/p-017,Malignant,True,train,4.196505417378209,aspect_ratio(z=+4.2),0.4512859616808954,False
train/Malignant/ISPY2-883696/p-039,Malignant,True,train,4.196505417378209,"dynamic_range(z=-3.4),aspect_ratio(z=+4.2)",0.5277435317256068,False
train/Malignant/ISPY2-151980/p-098,Malignant,True,train,4.19572164518834,hf_energy_frac(z=+4.2),0.5188551767563487,False
train/Malignant/ISPY2-791944/p-105,Malignant,True,train,4.193152234954724,"sharpness_lapvar(z=+4.2),hf_energy_frac(z=+3.7)",0.5610483716804272,False
train/Malignant/ACRIN-6698-890372/p-053,Malignant,True,train,4.192067691990191,dynamic_range(z=-4.2),0.49973813005407874,False
train/Malignant/ISPY2-116165/p-027,Malignant,True,train,4.192067691990191,"contrast(z=-3.0),dynamic_range(z=-4.2)",0.5619482476275611,False
val/Malignant/ISPY2-279902/p-047,Malignant,True,val,4.192067691990191,"dynamic_range(z=-4.2),hf_energy_frac(z=+3.6)",0.569518302494756,False
train/Malignant/ISPY2-999264/p-013,Malignant,True,train,4.192067691990191,dynamic_range(z=-4.2),0.48634952504187107,False
train/Malignant/ISPY2-318438/p-069,Malignant,True,train,4.189986532947251,sharpness_lapvar(z=+4.2),0.5426859086909797,False
train/Malignant/ISPY2-466267/p-038,Malignant,True,train,4.187115018418972,"sharpness_lapvar(z=+4.2),noise_sigma(z=+3.5)",0.5799586447035551,True
train/Malignant/ACRIN-6698-755914/p-069,Malignant,True,train,4.186879390324128,"dynamic_range(z=-4.2),snr(z=+3.5)",0.5688720304802415,False
train/Malignant/ACRIN-6698-856159/p-023,Malignant,True,train,4.186879390324128,"entropy(z=-3.8),dynamic_range(z=-4.2),snr(z=+3.7)",0.6570653010094392,True
train/Malignant/ACRIN-6698-547892/p-033,Malignant,True,train,4.185519334285173,entropy(z=-4.2),0.5038506371199152,False
train/Malignant/ISPY2-865416/p-056,Malignant,True,train,4.184477411437832,hf_energy_frac(z=+4.2),0.5142547131133076,False
train/Malignant/ACRIN-6698-342959/p-103,Malignant,True,train,4.183530011831344,hf_energy_frac(z=+4.2),0.5146193401143531,False
train/Malignant/ISPY2-531672/p-075,Malignant,True,train,4.182030371857646,"sharpness_lapvar(z=+3.3),noise_sigma(z=+4.2)",0.5493690055558036,False
train/Malignant/ISPY2-301968/p-060,Malignant,True,train,4.180375180137876,entropy(z=-4.2),0.46350606070952804,False
train/Malignant/ISPY2-422454/p-102,Malignant,True,train,4.1801244851262975,hf_energy_frac(z=+4.2),0.4832733659570098,False
train/Malignant/ACRIN-6698-102212/p-017,Malignant,True,train,4.178653221066069,"entropy(z=-3.5),snr(z=+4.2)",0.5439522673121153,False
val/Malignant/ISPY2-123660/p-094,Malignant,True,val,4.1783616256940554,hf_energy_frac(z=+4.2),0.5066109515064443,False
train/Malignant/ACRIN-6698-629606/p-093,Malignant,True,train,4.17685210720808,sharpness_lapvar(z=+4.2),0.4934369440877937,False
train/Malignant/ISPY2-446263/p-048,Malignant,True,train,4.176502786992002,dynamic_range(z=-4.2),0.5342592650366732,False
train/Malignant/ISPY2-756412/p-003,Malignant,True,train,4.176502786992002,dynamic_range(z=-4.2),0.5632494321163932,False
train/Malignant/ACRIN-6698-755914/p-073,Malignant,True,train,4.176502786992002,"dynamic_range(z=-4.2),snr(z=+4.1)",0.538648517867063,False
train/Malignant/ACRIN-6698-987914/p-044,Malignant,True,train,4.176502786992002,dynamic_range(z=-4.2),0.4974220019262996,False
train/Malignant/ISPY2-451482/p-117,Malignant,True,train,4.174745218540214,"sharpness_lapvar(z=+3.9),noise_sigma(z=+4.2),hf_energy_frac(z=+3.9)",0.6224377760098971,True
train/Malignant/ACRIN-6698-774840/p-054,Malignant,True,train,4.173938615978436,aspect_ratio(z=+4.2),0.49940127157575337,False
train/Malignant/ISPY2-318438/p-068,Malignant,True,train,4.173540076246485,sharpness_lapvar(z=+4.2),0.5279239359221984,False
train/Malignant/ISPY2-729270/p-076,Malignant,True,train,4.17187498745479,"sharpness_lapvar(z=+4.0),hf_energy_frac(z=+4.2)",0.5786640580323364,False
train/Malignant/ACRIN-6698-373346/p-060,Malignant,True,train,4.166659002623671,"entropy(z=-3.8),aspect_ratio(z=+4.2)",0.6169598113228663,True
val/Malignant/ISPY2-279902/p-050,Malignant,True,val,4.166126896142939,dynamic_range(z=-4.2),0.5201981725599036,False
train/Malignant/ISPY2-987995/p-086,Malignant,True,train,4.164540612075429,hf_energy_frac(z=+4.2),0.5568445490924018,False
train/Malignant/ACRIN-6698-317641/p-041,Malignant,True,train,4.163423494254697,snr(z=+4.2),0.5085209526591724,False
train/Malignant/ISPY2-974181/p-123,Malignant,True,train,4.16312776380773,hf_energy_frac(z=+4.2),0.4796052840150869,False
train/Malignant/ISPY2-282082/p-033,Malignant,True,train,4.161813000862594,hf_energy_frac(z=+4.2),0.49053510770879605,False
train/Malignant/ISPY2-439489/p-018,Malignant,True,train,4.1609385944768755,dynamic_range(z=-4.2),0.5404602658486192,False
train/Malignant/ISPY2-243836/p-018,Malignant,True,train,4.156578208805609,"entropy(z=-3.2),snr(z=+4.2)",0.5408103056528851,False
train/Malignant/ISPY2-520986/p-065,Malignant,True,train,4.155824996429523,entropy(z=-4.2),0.4860649219185211,False
train/Malignant/ISPY2-112606/p-116,Malignant,True,train,4.155751005293876,dynamic_range(z=-4.2),0.5513428902908345,False
train/Malignant/ISPY2-363669/p-037,Malignant,True,train,4.155751005293876,dynamic_range(z=-4.2),0.5335308730404744,False
train/Malignant/ACRIN-6698-890372/p-058,Malignant,True,train,4.155751005293876,dynamic_range(z=-4.2),0.5129831452829186,False
train/Malignant/ACRIN-6698-960029/p-035,Malignant,True,train,4.155751005293876,"entropy(z=-3.2),dynamic_range(z=-4.2)",0.5981772080468944,True
train/Malignant/ISPY2-491779/p-095,Malignant,True,train,4.153798913748562,hf_energy_frac(z=+4.2),0.5490174558551328,False
train/Malignant/ISPY2-622078/p-122,Malignant,True,train,4.152446424169129,aspect_ratio(z=+4.2),0.4831801548471107,False
train/Malignant/ACRIN-6698-169918/p-019,Malignant,True,train,4.152446424169129,"hf_energy_frac(z=+3.1),aspect_ratio(z=+4.2)",0.5392937126594877,False
train/Malignant/ISPY2-573881/p-065,Malignant,True,train,4.151129822415519,sharpness_lapvar(z=+4.2),0.5055658143661377,False
train/Malignant/ISPY2-872188/p-024,Malignant,True,train,4.150562703627813,dynamic_range(z=-4.2),0.5284206855193081,False
train/Malignant/ACRIN-6698-323721/p-052,Malignant,True,train,4.150562703627813,dynamic_range(z=-4.2),0.5244169153855607,False
train/Malignant/ISPY2-575372/p-056,Malignant,True,train,4.150562703627813,dynamic_range(z=-4.2),0.48199735279910594,False
train/Malignant/ISPY2-575372/p-061,Malignant,True,train,4.150562703627813,dynamic_range(z=-4.2),0.4909297134751841,False
train/Malignant/ACRIN-6698-894673/p-104,Malignant,True,train,4.147054025693383,"sharpness_lapvar(z=+4.1),noise_sigma(z=+3.0)",0.537472530288926,False
train/Malignant/ISPY2-836983/p-038,Malignant,True,train,4.146531422285804,"sharpness_lapvar(z=+4.1),noise_sigma(z=+3.3)",0.4962941742987499,False
train/Malignant/ISPY2-797499/p-049,Malignant,True,train,4.1453744019617496,dynamic_range(z=-4.1),0.511184523218623,False
train/Malignant/ACRIN-6698-734997/p-037,Malignant,True,train,4.144133406582511,aspect_ratio(z=+4.1),0.47860042197405267,False
train/Malignant/ISPY2-515141/p-057,Malignant,True,train,4.141801853909629,entropy(z=-4.1),0.5536194417962913,False
train/Malignant/ISPY2-136536/p-018,Malignant,True,train,4.141577651838936,"sharpness_lapvar(z=+4.1),noise_sigma(z=+3.8)",0.5634780135968508,False
train/Malignant/ISPY2-125418/p-075,Malignant,True,train,4.14114924642321,aspect_ratio(z=+4.1),0.4840695680089989,False
train/Malignant/ISPY2-188511/p-068,Malignant,True,train,4.141035525449142,"sharpness_lapvar(z=+3.7),noise_sigma(z=+4.1),hf_energy_frac(z=+3.3)",0.5872227045757991,True
train/Malignant/ACRIN-6698-629606/p-092,Malignant,True,train,4.140386625926638,sharpness_lapvar(z=+4.1),0.48631022067275964,False
train/Malignant/ACRIN-6698-755914/p-087,Malignant,True,train,4.139659334449846,"dynamic_range(z=-3.1),snr(z=+4.1)",0.5222446516600833,False
train/Malignant/ISPY2-987995/p-087,Malignant,True,train,4.13850404355344,hf_energy_frac(z=+4.1),0.5201258452140968,False
train/Malignant/ACRIN-6698-241998/p-033,Malignant,True,train,4.134997798629623,dynamic_range(z=-4.1),0.5306700865936774,False
train/Malignant/ISPY2-639663/p-049,Malignant,True,train,4.134822826885497,aspect_ratio(z=+4.1),0.45972482505943046,False
train/Malignant/ISPY2-363669/p-034,Malignant,True,train,4.133384871098613,"dynamic_range(z=-4.0),snr(z=+4.1)",0.5436083819278765,False
val/Malignant/ISPY2-896939/p-124,Malignant,True,val,4.132580297718215,hf_energy_frac(z=+4.1),0.5325061506860801,False
train/Malignant/ISPY2-318438/p-073,Malignant,True,train,4.132190165067862,"sharpness_lapvar(z=+4.1),noise_sigma(z=+3.1)",0.5346481177953838,False
train/Malignant/ISPY2-729270/p-078,Malignant,True,train,4.1319596163467756,"sharpness_lapvar(z=+4.0),hf_energy_frac(z=+4.1)",0.5970171088772567,True
train/Malignant/ISPY2-605713/p-063,Malignant,True,train,4.13071295883493,snr(z=+4.1),0.48474417857293844,False
train/Malignant/ACRIN-6698-462582/p-017,Malignant,True,train,4.129809496963561,dynamic_range(z=-4.1),0.54304405616716,False
train/Malignant/ISPY2-136536/p-017,Malignant,True,train,4.12815056819152,"sharpness_lapvar(z=+4.1),noise_sigma(z=+3.6)",0.5599668999512374,False
train/Malignant/ISPY2-540539/p-065,Malignant,True,train,4.127603209300248,"sharpness_lapvar(z=+3.0),noise_sigma(z=+3.2),hf_energy_frac(z=+4.1)",0.5445083345669602,False
val/Malignant/ISPY2-157463/p-041,Malignant,True,val,4.12462190778056,dynamic_range(z=-4.1),0.5372541896119171,False
train/Malignant/ISPY2-461824/p-031,Malignant,True,train,4.124621195297498,dynamic_range(z=-4.1),0.552166677184938,False
train/Malignant/ISPY2-493519/p-058,Malignant,True,train,4.124597516940649,hf_energy_frac(z=+4.1),0.5249104136075669,False
val/Malignant/ISPY2-896939/p-127,Malignant,True,val,4.122060911611143,aspect_ratio(z=+4.1),0.5283572331945587,False
val/Malignant/ISPY2-896939/p-128,Malignant,True,val,4.122060911611143,aspect_ratio(z=+4.1),0.5298309906236766,False
train/Malignant/ISPY2-318438/p-106,Malignant,True,train,4.121900232744862,"sharpness_lapvar(z=+3.7),noise_sigma(z=+3.6),hf_energy_frac(z=+4.1)",0.5595916851813882,False
train/Malignant/ISPY2-899381/p-027,Malignant,True,train,4.120987182396857,entropy(z=-4.1),0.541457722813812,False
train/Malignant/ISPY2-598798/p-071,Malignant,True,train,4.1209264045993335,sharpness_lapvar(z=+4.1),0.5274480278311188,False
train/Malignant/ACRIN-6698-547892/p-037,Malignant,True,train,4.120238116131976,entropy(z=-4.1),0.5085324804757755,False
train/Malignant/ACRIN-6698-326433/p-101,Malignant,True,train,4.119691021129515,"sharpness_lapvar(z=+4.1),noise_sigma(z=+3.1)",0.5571272307796707,False
train/Malignant/ISPY2-342142/p-044,Malignant,True,train,4.119433606114497,dynamic_range(z=-4.1),0.5078847693816994,False
train/Malignant/ACRIN-6698-899692/p-043,Malignant,True,train,4.119432893631434,dynamic_range(z=-4.1),0.5375361312769913,False
train/Malignant/ISPY2-953262/p-073,Malignant,True,train,4.119362163375477,sharpness_lapvar(z=+4.1),0.5240572124331438,False
train/Malignant/ISPY2-318438/p-064,Malignant,True,train,4.116627290518642,"sharpness_lapvar(z=+4.1),noise_sigma(z=+3.1)",0.5240778528788967,False
train/Malignant/ISPY2-575372/p-055,Malignant,True,train,4.114246016931498,dynamic_range(z=-4.1),0.4989706095928596,False
train/Malignant/ACRIN-6698-323721/p-039,Malignant,True,train,4.114245304448434,dynamic_range(z=-4.1),0.5055197766164949,False
train/Malignant/ACRIN-6698-987914/p-036,Malignant,True,train,4.114245304448434,dynamic_range(z=-4.1),0.49837208000058647,False
train/Malignant/ACRIN-6698-691753/p-043,Malignant,True,train,4.113382251483911,entropy(z=-4.1),0.48235873657608147,False
train/Malignant/ISPY2-552313/p-068,Malignant,True,train,4.110786132517095,hf_energy_frac(z=+4.1),0.5259412248057099,False
train/Malignant/ACRIN-6698-522140/p-045,Malignant,True,train,4.109057715265434,dynamic_range(z=-4.1),0.5047734501149336,False
train/Malignant/ACRIN-6698-899692/p-031,Malignant,True,train,4.109057715265434,dynamic_range(z=-4.1),0.5000409545123993,False
train/Malignant/ISPY2-575372/p-064,Malignant,True,train,4.109057715265434,dynamic_range(z=-4.1),0.49258132034406954,False
train/Malignant/ACRIN-6698-573919/p-064,Malignant,True,train,4.108645775152822,hf_energy_frac(z=+4.1),0.49807201951497376,False
train/Malignant/ISPY2-729270/p-079,Malignant,True,train,4.108070360772883,sharpness_lapvar(z=+4.1),0.5653993498096912,False
val/Malignant/ACRIN-6698-955035/p-022,Malignant,True,val,4.107640668363286,aspect_ratio(z=+4.1),0.5117716071168085,False
train/Malignant/ISPY2-759015/p-020,Malignant,True,train,4.106140459642758,snr(z=+4.1),0.5097185238357879,False
train/Malignant/ISPY2-128051/p-085,Malignant,True,train,4.104791470515183,sharpness_lapvar(z=+4.1),0.5802198483291361,True
val/Malignant/ACRIN-6698-219545/p-068,Malignant,True,val,4.10456676923533,hf_energy_frac(z=+4.1),0.5079993156354762,False
train/Malignant/ISPY2-515141/p-056,Malignant,True,train,4.104398787948638,entropy(z=-4.1),0.5369489570805823,False
train/Malignant/ACRIN-6698-323721/p-048,Malignant,True,train,4.103869413599371,dynamic_range(z=-4.1),0.4910304170632262,False
train/Malignant/ISPY2-953262/p-102,Malignant,True,train,4.102569513783251,sharpness_lapvar(z=+4.1),0.5056978280794667,False
train/Malignant/ISPY2-865416/p-060,Malignant,True,train,4.099272436199534,"sharpness_lapvar(z=+3.0),hf_energy_frac(z=+4.1)",0.5271332340158426,False
train/Malignant/ACRIN-6698-522140/p-030,Malignant,True,train,4.098681111933308,dynamic_range(z=-4.1),0.5047594528240594,False
train/Malignant/ISPY2-391942/p-056,Malignant,True,train,4.098681111933308,dynamic_range(z=-4.1),0.553944391506027,False
val/Malignant/ISPY2-157463/p-040,Malignant,True,val,4.098681111933308,"dynamic_range(z=-4.1),snr(z=+3.4)",0.5411369047285277,False
train/Malignant/ISPY2-605713/p-021,Malignant,True,train,4.097355159170432,snr(z=+4.1),0.5384782252702094,False
train/Malignant/ACRIN-6698-928446/p-118,Malignant,True,train,4.09711232885677,hf_energy_frac(z=+4.1),0.5136284794617476,False
train/Malignant/ISPY2-892390/p-040,Malignant,True,train,4.09684214866243,hf_energy_frac(z=+4.1),0.465077793963762,False
train/Malignant/ISPY2-318438/p-083,Malignant,True,train,4.096687803627315,"sharpness_lapvar(z=+4.1),noise_sigma(z=+3.3)",0.5359799909521629,False
val/Malignant/ACRIN-6698-728182/p-124,Malignant,True,val,4.096596996157619,aspect_ratio(z=+4.1),0.47806661901966985,False
val/Malignant/ACRIN-6698-955035/p-016,Malignant,True,val,4.093701099890356,aspect_ratio(z=+4.1),0.5026894620446645,False
val/Malignant/ISPY2-123660/p-085,Malignant,True,val,4.093701099890356,aspect_ratio(z=+4.1),0.5467733056485761,False
train/Malignant/ACRIN-6698-629606/p-101,Malignant,True,train,4.093590422455565,sharpness_lapvar(z=+4.1),0.5124478610670256,False
train/Malignant/ACRIN-6698-241998/p-036,Malignant,True,train,4.093492810267245,dynamic_range(z=-4.1),0.5526476818888357,False
train/Malignant/ACRIN-6698-412772/p-047,Malignant,True,train,4.093492810267245,"dynamic_range(z=-4.1),hf_energy_frac(z=+3.4)",0.5808921506564126,True
train/Malignant/ACRIN-6698-890372/p-054,Malignant,True,train,4.093492810267245,dynamic_range(z=-4.1),0.49041304883375564,False
val/Malignant/ACRIN-6698-103939/p-043,Malignant,True,val,4.093492810267245,"contrast(z=-3.2),dynamic_range(z=-4.1)",0.5890507347848342,True
train/Malignant/ACRIN-6698-755914/p-081,Malignant,True,train,4.0931550785691515,snr(z=+4.1),0.5135603491935485,False
val/Malignant/ISPY2-714205/p-024,Malignant,True,val,4.092630525462716,hf_energy_frac(z=+4.1),0.5377051005204149,False
train/Malignant/ISPY2-318438/p-108,Malignant,True,train,4.092481838948151,"sharpness_lapvar(z=+3.7),noise_sigma(z=+3.6),hf_energy_frac(z=+4.1)",0.5625662726248458,False
train/Malignant/ISPY2-136536/p-016,Malignant,True,train,4.092356058699711,"sharpness_lapvar(z=+4.1),noise_sigma(z=+3.8)",0.5961563907553092,True
train/Malignant/ISPY2-601489/p-084,Malignant,True,train,4.0921719458892225,width(z=+4.1),0.5234965767100357,False
train/Malignant/ISPY2-601489/p-087,Malignant,True,train,4.0921719458892225,width(z=+4.1),0.5227886745354,False
train/Malignant/ISPY2-601489/p-088,Malignant,True,train,4.0921719458892225,width(z=+4.1),0.5231425058834914,False
train/Malignant/ACRIN-6698-326433/p-077,Malignant,True,train,4.091659084203944,sharpness_lapvar(z=+4.1),0.5288209517744568,False
train/Malignant/ISPY2-567907/p-046,Malignant,True,train,4.091644003352218,entropy(z=-4.1),0.5028201044869223,False
train/Malignant/ISPY2-177795/p-037,Malignant,True,train,4.0883045086011816,dynamic_range(z=-4.1),0.4898354347546316,False
train/Malignant/ACRIN-6698-863161/p-086,Malignant,True,train,4.083687980131657,sharpness_lapvar(z=+4.1),0.5086331266494002,False
train/Malignant/ISPY2-639663/p-027,Malignant,True,train,4.082879592786371,aspect_ratio(z=+4.1),0.4829314563222338,False
train/Malignant/ISPY2-974181/p-078,Malignant,True,train,4.08167398521468,hf_energy_frac(z=+4.1),0.5359364792161694,False
train/Malignant/ISPY2-128051/p-058,Malignant,True,train,4.080323275717461,entropy(z=-4.1),0.4828351049717338,False
train/Malignant/ISPY2-552313/p-094,Malignant,True,train,4.079296022388615,hf_energy_frac(z=+4.1),0.5196865959676127,False
train/Malignant/ISPY2-125418/p-069,Malignant,True,train,4.079014768820662,aspect_ratio(z=+4.1),0.47472412647997536,False
train/Malignant/ISPY2-664658/p-104,Malignant,True,train,4.077928617752119,dynamic_range(z=-4.1),0.5766453968473879,False
train/Malignant/ACRIN-6698-987914/p-037,Malignant,True,train,4.077927905269056,dynamic_range(z=-4.1),0.49756786072824166,False
train/Malignant/ACRIN-6698-863161/p-103,Malignant,True,train,4.076139037641297,"sharpness_lapvar(z=+4.1),noise_sigma(z=+3.1)",0.5406614497292094,False
train/Malignant/ISPY2-491779/p-058,Malignant,True,train,4.075399216322519,hf_energy_frac(z=+4.1),0.5552582612770787,False
val/Malignant/ISPY2-685182/p-029,Malignant,True,val,4.074481253218021,hf_energy_frac(z=+4.1),0.5132579748356917,False
train/Malignant/ISPY2-318438/p-081,Malignant,True,train,4.073564259877126,"sharpness_lapvar(z=+4.1),noise_sigma(z=+3.3)",0.5351233819702046,False
train/Malignant/ISPY2-598798/p-035,Malignant,True,train,4.073525510746418,sharpness_lapvar(z=+4.1),0.6113427467179524,True
train/Malignant/ACRIN-6698-863161/p-104,Malignant,True,train,4.073384790219109,"sharpness_lapvar(z=+4.1),noise_sigma(z=+3.2)",0.5465238843938239,False
train/Malignant/ISPY2-797499/p-040,Malignant,True,train,4.072740316086056,"dynamic_range(z=-4.1),snr(z=+3.1)",0.5434600081832168,False
train/Malignant/ISPY2-876511/p-095,Malignant,True,train,4.072244626402985,hf_energy_frac(z=+4.1),0.4735361135128594,False
train/Malignant/ISPY2-536253/p-059,Malignant,True,train,4.072045408880531,hf_energy_frac(z=+4.1),0.486721111357408,False
train/Malignant/ISPY2-567907/p-073,Malignant,True,train,4.070855696004165,aspect_ratio(z=+4.1),0.4769798598107835,False
train/Malignant/ISPY2-960490/p-105,Malignant,True,train,4.066754989325889,hf_energy_frac(z=+4.1),0.5087399321817255,False
train/Malignant/ISPY2-601489/p-080,Malignant,True,train,4.06666575513729,width(z=+4.1),0.5251170957086652,False
train/Malignant/ISPY2-601489/p-082,Malignant,True,train,4.06666575513729,width(z=+4.1),0.5247619288319713,False
train/Malignant/ISPY2-601489/p-083,Malignant,True,train,4.06666575513729,width(z=+4.1),0.5223470579061186,False
train/Malignant/ISPY2-601489/p-085,Malignant,True,train,4.06666575513729,width(z=+4.1),0.5234965767100357,False
train/Malignant/ISPY2-601489/p-086,Malignant,True,train,4.06666575513729,width(z=+4.1),0.5227886745354,False
train/Malignant/ISPY2-601489/p-089,Malignant,True,train,4.06666575513729,width(z=+4.1),0.5227886745354,False
train/Malignant/ISPY2-601489/p-081,Malignant,True,train,4.06666575513729,width(z=+4.1),0.5213566126577174,False
train/Malignant/ISPY2-567907/p-044,Malignant,True,train,4.065855033925591,entropy(z=-4.1),0.5065457221868889,False
val/Malignant/ACRIN-6698-928815/p-070,Malignant,True,val,4.064397853994223,snr(z=+4.1),0.5003547632625526,False
train/Malignant/ISPY2-824512/p-082,Malignant,True,train,4.064388323897121,hf_energy_frac(z=+4.1),0.5456485648596642,False
train/Malignant/ISPY2-836983/p-068,Malignant,True,train,4.062732348273202,"sharpness_lapvar(z=+4.1),noise_sigma(z=+3.6)",0.5109442894247707,False
train/Malignant/ACRIN-6698-843554/p-012,Malignant,True,train,4.062363712753929,dynamic_range(z=-4.1),0.5085944126334768,False
train/Malignant/ISPY2-125418/p-076,Malignant,True,train,4.062069002201786,aspect_ratio(z=+4.1),0.4895827269683713,False
train/Malignant/ACRIN-6698-169918/p-020,Malignant,True,train,4.060229926754776,aspect_ratio(z=+4.1),0.5389213861880154,False
val/Malignant/ISPY2-714205/p-053,Malignant,True,val,4.053158417523204,hf_energy_frac(z=+4.1),0.4684001168261593,False
train/Malignant/ISPY2-873686/p-091,Malignant,True,train,4.0527835089638415,"sharpness_lapvar(z=+4.1),noise_sigma(z=+3.7)",0.551466427209888,False
train/Malignant/ISPY2-164468/p-006,Malignant,True,train,4.051987821904866,dynamic_range(z=-4.1),0.5014896967506492,False
train/Malignant/ACRIN-6698-899692/p-030,Malignant,True,train,4.051987821904866,dynamic_range(z=-4.1),0.48484798041970817,False
train/Malignant/ISPY2-245655/p-065,Malignant,True,train,4.050318801000933,"sharpness_lapvar(z=+3.1),noise_sigma(z=+3.2),hf_energy_frac(z=+4.1)",0.5385754013522758,False
train/Malignant/ISPY2-342996/p-067,Malignant,True,train,4.049988596081835,"dynamic_range(z=-3.8),snr(z=+4.0)",0.6058686486704425,True
train/Malignant/ACRIN-6698-342959/p-102,Malignant,True,train,4.048556163512751,hf_energy_frac(z=+4.0),0.5205629158225412,False
train/Malignant/ACRIN-6698-547892/p-032,Malignant,True,train,4.046869876800268,entropy(z=-4.0),0.5390329599756897,False
train/Malignant/ISPY2-804233/p-038,Malignant,True,train,4.046799520238803,dynamic_range(z=-4.0),0.49913789925505503,False
train/Malignant/ACRIN-6698-218503/p-023,Malignant,True,train,4.046799520238803,dynamic_range(z=-4.0),0.49068520054507736,False
train/Malignant/ACRIN-6698-317641/p-042,Malignant,True,train,4.046368675383725,snr(z=+4.0),0.5086726913872084,False
train/Malignant/ISPY2-318438/p-066,Malignant,True,train,4.043432731895544,sharpness_lapvar(z=+4.0),0.5194429945719122,False
train/Malignant/ISPY2-742477/p-069,Malignant,True,train,4.042298941146429,aspect_ratio(z=+4.0),0.4889454734938633,False
train/Malignant/ISPY2-532183/p-032,Malignant,True,train,4.042298941146429,aspect_ratio(z=+4.0),0.5002631021955433,False
train/Malignant/ISPY2-845663/p-051,Malignant,True,train,4.042298941146429,aspect_ratio(z=+4.0),0.4737877666423949,False
train/Malignant/ISPY2-303685/p-065,Malignant,True,train,4.042298941146429,aspect_ratio(z=+4.0),0.5085642366107266,False
train/Malignant/ISPY2-851488/p-119,Malignant,True,train,4.042075614628901,hf_energy_frac(z=+4.0),0.49452992850860467,False
train/Malignant/ISPY2-282082/p-045,Malignant,True,train,4.041918184004202,hf_energy_frac(z=+4.0),0.5010342690138951,False
train/Malignant/ACRIN-6698-580541/p-044,Malignant,True,train,4.041873515741874,hf_energy_frac(z=+4.0),0.525556820385211,False
train/Malignant/ACRIN-6698-924071/p-018,Malignant,True,train,4.04161121857274,dynamic_range(z=-4.0),0.5062735026852908,False
train/Malignant/ACRIN-6698-188700/p-063,Malignant,True,train,4.04161121857274,dynamic_range(z=-4.0),0.49708372833861975,False
train/Malignant/ACRIN-6698-587691/p-056,Malignant,True,train,4.04161121857274,dynamic_range(z=-4.0),0.5619978398492714,False
train/Malignant/ISPY2-466267/p-041,Malignant,True,train,4.040568355365027,"sharpness_lapvar(z=+4.0),noise_sigma(z=+3.8)",0.5932858722508189,True
train/Malignant/ISPY2-607047/p-031,Malignant,True,train,4.039423124554505,hf_energy_frac(z=+4.0),0.5071445235855402,False
train/Malignant/ISPY2-596458/p-049,Malignant,True,train,4.039393644876186,"sharpness_lapvar(z=+4.0),noise_sigma(z=+3.4)",0.5473278755758548,False
train/Malignant/ISPY2-994987/p-040,Malignant,True,train,4.039280519067593,"entropy(z=-3.5),snr(z=+4.0)",0.5387013809150326,False
train/Malignant/ISPY2-485637/p-172,Malignant,True,train,4.0387858953524445,"sharpness_lapvar(z=+4.0),noise_sigma(z=+3.3)",0.5222510933222941,False
train/Malignant/ISPY2-573881/p-064,Malignant,True,train,4.0370732857465335,sharpness_lapvar(z=+4.0),0.5167828464290921,False
train/Malignant/ISPY2-228192/p-111,Malignant,True,train,4.036593466515214,hf_energy_frac(z=+4.0),0.5192319771349326,False
train/Malignant/ISPY2-341238/p-052,Malignant,True,train,4.036422916906677,dynamic_range(z=-4.0),0.5070482951808492,False
train/Malignant/ISPY2-568953/p-044,Malignant,True,train,4.036422916906677,dynamic_range(z=-4.0),0.5698473103204085,False
train/Malignant/ISPY2-616994/p-041,Malignant,True,train,4.036422916906677,"entropy(z=-4.0),dynamic_range(z=-4.0)",0.5846592878114755,True
train/Malignant/ISPY2-905264/p-050,Malignant,True,train,4.035770601154957,"sharpness_lapvar(z=+4.0),noise_sigma(z=+3.3)",0.5522589357146205,False
train/Malignant/ACRIN-6698-738041/p-050,Malignant,True,train,4.0349990686713575,snr(z=+4.0),0.49109278780143056,False
train/Malignant/ISPY2-567907/p-047,Malignant,True,train,4.033551505070658,entropy(z=-4.0),0.5013332523775363,False
train/Malignant/ACRIN-6698-326433/p-073,Malignant,True,train,4.033404864753818,sharpness_lapvar(z=+4.0),0.5843151289173975,True
train/Malignant/ISPY2-598798/p-034,Malignant,True,train,4.032593682293858,sharpness_lapvar(z=+4.0),0.5964778132189745,True
train/Malignant/ACRIN-6698-361701/p-043,Malignant,True,train,4.031235327723677,dynamic_range(z=-4.0),0.558810355584027,False
train/Malignant/ACRIN-6698-943633/p-049,Malignant,True,train,4.031235327723677,dynamic_range(z=-4.0),0.5701530880768301,False
train/Malignant/ISPY2-733276/p-039,Malignant,True,train,4.0312346152406136,dynamic_range(z=-4.0),0.4822659426739179,False
train/Malignant/ISPY2-733276/p-046,Malignant,True,train,4.0312346152406136,dynamic_range(z=-4.0),0.4888171386117339,False
train/Malignant/ISPY2-342142/p-042,Malignant,True,train,4.0312346152406136,dynamic_range(z=-4.0),0.5298287288872714,False
train/Malignant/ACRIN-6698-629606/p-094,Malignant,True,train,4.030041848093923,sharpness_lapvar(z=+4.0),0.4953636949101666,False
train/Malignant/ISPY2-245655/p-056,Malignant,True,train,4.02997265237971,"sharpness_lapvar(z=+3.4),noise_sigma(z=+3.4),hf_energy_frac(z=+4.0)",0.5468234824975796,False
train/Malignant/ISPY2-451482/p-113,Malignant,True,train,4.028666253083626,"sharpness_lapvar(z=+3.9),noise_sigma(z=+4.0),hf_energy_frac(z=+4.0)",0.5915749988510979,True
val/Malignant/ISPY2-353318/p-031,Malignant,True,val,4.028480673706782,snr(z=+4.0),0.5317322178790105,False
train/Malignant/ISPY2-182346/p-097,Malignant,True,train,4.027751160369847,aspect_ratio(z=+4.0),0.5142211385308726,False
train/Malignant/ISPY2-701790/p-054,Malignant,True,train,4.027302172244082,entropy(z=-4.0),0.5375463963465925,False
train/Malignant/ISPY2-451482/p-083,Malignant,True,train,4.027152018457351,entropy(z=-4.0),0.5427195611172031,False
train/Malignant/ACRIN-6698-384830/p-039,Malignant,True,train,4.026047026057614,dynamic_range(z=-4.0),0.5128668588810373,False
train/Malignant/ISPY2-613961/p-031,Malignant,True,train,4.026047026057614,dynamic_range(z=-4.0),0.5046439729844038,False
train/Malignant/ISPY2-250274/p-036,Malignant,True,train,4.026047026057614,dynamic_range(z=-4.0),0.5442377695318934,False
train/Malignant/ISPY2-357034/p-019,Malignant,True,train,4.026047026057614,dynamic_range(z=-4.0),0.561186129598607,False
train/Malignant/ISPY2-363669/p-062,Malignant,True,train,4.025164888231787,aspect_ratio(z=+4.0),0.4908456951156874,False
train/Malignant/ISPY2-607047/p-100,Malignant,True,train,4.023987686190092,hf_energy_frac(z=+4.0),0.4865866880350305,False
train/Malignant/ISPY2-836983/p-036,Malignant,True,train,4.021369180813021,"sharpness_lapvar(z=+4.0),noise_sigma(z=+3.2)",0.5012045971606643,False
train/Malignant/ACRIN-6698-580541/p-035,Malignant,True,train,4.020858724391551,dynamic_range(z=-4.0),0.4908076523254963,False
train/Malignant/ISPY2-728714/p-063,Malignant,True,train,4.0201320460574355,entropy(z=-4.0),0.5116620545468514,False
val/Malignant/ISPY2-896939/p-129,Malignant,True,val,4.015711617658191,aspect_ratio(z=+4.0),0.5342140057615874,False
train/Malignant/ISPY2-601489/p-068,Malignant,True,train,4.015653373633425,width(z=+4.0),0.520887627794952,False
train/Malignant/ISPY2-601489/p-076,Malignant,True,train,4.015653373633425,width(z=+4.0),0.51697297060303,False
train/Malignant/ISPY2-601489/p-075,Malignant,True,train,4.015653373633425,width(z=+4.0),0.5142339250220966,False
train/Malignant/ISPY2-601489/p-069,Malignant,True,train,4.015653373633425,width(z=+4.0),0.5229176249261307,False
train/Malignant/ISPY2-309830/p-113,Malignant,True,train,4.015192913097738,hf_energy_frac(z=+4.0),0.5103533053031467,False
train/Malignant/ISPY2-190224/p-083,Malignant,True,train,4.014726823668219,entropy(z=-4.0),0.5645290775931008,False
train/Malignant/ISPY2-264678/p-044,Malignant,True,train,4.01184183786591,hf_energy_frac(z=+4.0),0.5195850102784433,False
train/Malignant/ISPY2-350331/p-026,Malignant,True,train,4.01077486113617,entropy(z=-4.0),0.5909638186464605,True
train/Malignant/ACRIN-6698-870077/p-021,Malignant,True,train,4.010482833542488,dynamic_range(z=-4.0),0.4915696177658771,False
val/Malignant/ISPY2-380769/p-048,Malignant,True,val,4.010482833542488,dynamic_range(z=-4.0),0.5191350049487127,False
train/Malignant/ISPY2-999264/p-018,Malignant,True,train,4.010482833542488,"dynamic_range(z=-4.0),snr(z=+3.5)",0.5401157904878643,False
train/Malignant/ISPY2-609897/p-036,Malignant,True,train,4.010482833542488,dynamic_range(z=-4.0),0.4761549226082462,False
train/Malignant/ACRIN-6698-863161/p-077,Malignant,True,train,4.010062082500937,sharpness_lapvar(z=+4.0),0.5046807504236932,False
val/Malignant/ISPY2-157463/p-031,Malignant,True,val,4.0098575722733445,snr(z=+4.0),0.49881394725097605,False
train/Malignant/ISPY2-621179/p-040,Malignant,True,train,4.006915761424601,hf_energy_frac(z=+4.0),0.5006117219841096,False
val/Malignant/ISPY2-151481/p-104,Malignant,True,val,4.006456578132446,hf_energy_frac(z=+4.0),0.5369706903592903,False
train/Malignant/ACRIN-6698-863161/p-105,Malignant,True,train,4.006451275347302,"sharpness_lapvar(z=+4.0),noise_sigma(z=+3.0)",0.5566225260606883,False
train/Malignant/ISPY2-756412/p-031,Malignant,True,train,4.005294531876425,"dynamic_range(z=-4.0),snr(z=+3.0)",0.5580072022411526,False
train/Malignant/ACRIN-6698-987914/p-033,Malignant,True,train,4.005294531876425,dynamic_range(z=-4.0),0.5004491588943174,False
train/Malignant/ACRIN-6698-987914/p-029,Malignant,True,train,4.005294531876425,dynamic_range(z=-4.0),0.4964429537905409,False
train/Malignant/ACRIN-6698-580541/p-029,Malignant,True,train,4.005294531876425,dynamic_range(z=-4.0),0.5031773609119575,False
train/Malignant/ACRIN-6698-890372/p-052,Malignant,True,train,4.005294531876425,dynamic_range(z=-4.0),0.48401791841004727,False
train/Malignant/ISPY2-676630/p-098,Malignant,True,train,4.004748820541562,noise_sigma(z=+4.0),0.5375996647213044,False
train/Malignant/ISPY2-531672/p-086,Malignant,True,train,4.004025885679151,"sharpness_lapvar(z=+4.0),noise_sigma(z=+4.0)",0.5603534778893964,False
train/Malignant/ISPY2-128051/p-059,Malignant,True,train,4.003804392954768,entropy(z=-4.0),0.47634060759143654,False
train/Malignant/ISPY2-596079/p-103,Malignant,True,train,4.003620816599552,hf_energy_frac(z=+4.0),0.5615224655077903,False
train/Malignant/ISPY2-122795/p-021,Malignant,True,train,4.003015809571457,entropy(z=-4.0),0.5514215995220486,False
train/Malignant/ISPY2-828199/p-017,Malignant,True,train,4.000242629446853,aspect_ratio(z=+4.0),0.46724484767088514,False
train/Malignant/ISPY2-999264/p-012,Malignant,True,train,4.000106230210362,dynamic_range(z=-4.0),0.5078755291893227,False
train/Malignant/ISPY2-478484/p-023,Malignant,True,train,4.000106230210362,dynamic_range(z=-4.0),0.5058761999385969,False
train/Malignant/ISPY2-535569/p-048,Malignant,True,train,4.000106230210362,"entropy(z=-3.6),dynamic_range(z=-4.0)",0.5794144513961137,True
train/Malignant/ISPY2-266509/p-049,Malignant,True,train,4.000106230210362,dynamic_range(z=-4.0),0.5341254682042919,False
train/Malignant/ISPY2-598798/p-084,Malignant,True,train,3.9998103881436724,sharpness_lapvar(z=+4.0),0.5249413714080554,False
train/Malignant/ISPY2-824512/p-066,Malignant,True,train,3.9978664854948542,hf_energy_frac(z=+4.0),0.5681832488947453,False
train/Malignant/ISPY2-202956/p-016,Malignant,True,train,3.9949179285442984,dynamic_range(z=-4.0),0.5513412935378521,False
val/Malignant/ISPY2-345483/p-081,Malignant,True,val,3.9949179285442984,"dynamic_range(z=-4.0),aspect_ratio(z=+3.1)",0.560179993628894,False
train/Malignant/ISPY2-797499/p-051,Malignant,True,train,3.9949179285442984,dynamic_range(z=-4.0),0.480599577942089,False
train/Malignant/ISPY2-570685/p-032,Malignant,True,train,3.9949179285442984,dynamic_range(z=-4.0),0.5221464265322648,False
train/Malignant/ISPY2-116165/p-050,Malignant,True,train,3.9949179285442984,dynamic_range(z=-4.0),0.542438347982143,False
val/Malignant/ACRIN-6698-928815/p-071,Malignant,True,val,3.9934570826845084,snr(z=+4.0),0.5098108248348143,False
train/Malignant/ACRIN-6698-863161/p-091,Malignant,True,train,3.9927641646385545,sharpness_lapvar(z=+4.0),0.5188429454041409,False
train/Malignant/ACRIN-6698-169918/p-032,Malignant,True,train,3.990896782402503,aspect_ratio(z=+4.0),0.4920867646462658,False
train/Malignant/ISPY2-742477/p-071,Malignant,True,train,3.990896782402503,aspect_ratio(z=+4.0),0.5850716456718816,True
train/Malignant/ISPY2-515141/p-027,Malignant,True,train,3.9901750326127714,noise_sigma(z=+4.0),0.5934302423323989,True
train/Malignant/ACRIN-6698-280375/p-042,Malignant,True,train,3.9897303393612984,"contrast(z=-3.0),dynamic_range(z=-4.0)",0.576163588170966,False
train/Malignant/ISPY2-637051/p-048,Malignant,True,train,3.989729626878235,dynamic_range(z=-4.0),0.4945560202017418,False
train/Malignant/ACRIN-6698-522140/p-037,Malignant,True,train,3.989729626878235,dynamic_range(z=-4.0),0.5660836403033258,False
train/Malignant/ISPY2-341238/p-053,Malignant,True,train,3.989729626878235,dynamic_range(z=-4.0),0.5323931682866611,False
train/Malignant/ISPY2-520986/p-064,Malignant,True,train,3.9890747635485755,entropy(z=-4.0),0.48566322133007545,False
train/Malignant/ISPY2-729270/p-077,Malignant,True,train,3.987456553445481,"sharpness_lapvar(z=+4.0),hf_energy_frac(z=+3.0)",0.5732736254370984,False
train/Malignant/ISPY2-729270/p-069,Malignant,True,train,3.9864811970369938,sharpness_lapvar(z=+4.0),0.5171686033241321,False
train/Malignant/ISPY2-527320/p-113,Malignant,True,train,3.9864270294682487,aspect_ratio(z=+4.0),0.5216261317783577,False
train/Malignant/ISPY2-567907/p-045,Malignant,True,train,3.985993233958548,entropy(z=-4.0),0.5021848678983257,False
train/Malignant/ISPY2-531672/p-087,Malignant,True,train,3.985384494666552,"sharpness_lapvar(z=+4.0),noise_sigma(z=+3.9)",0.5564621014515083,False
train/Malignant/ISPY2-489973/p-029,Malignant,True,train,3.9845420376952356,"brightness(z=-3.1),contrast(z=-3.2),dynamic_range(z=-4.0)",0.6100953560933464,True
train/Malignant/ISPY2-102011/p-034,Malignant,True,train,3.9845413252121724,dynamic_range(z=-4.0),0.5204870594104746,False
train/Malignant/ACRIN-6698-188700/p-054,Malignant,True,train,3.9845413252121724,dynamic_range(z=-4.0),0.5104169293787896,False
train/Malignant/ACRIN-6698-663144/p-064,Malignant,True,train,3.9829887579803605,aspect_ratio(z=+4.0),0.45952041760417306,False
val/Malignant/ISPY2-157463/p-036,Malignant,True,val,3.9829051937964413,snr(z=+4.0),0.5247700273573245,False
train/Malignant/ACRIN-6698-987914/p-045,Malignant,True,train,3.9793544485122356,dynamic_range(z=-4.0),0.5248505880554155,False
train/Malignant/ACRIN-6698-563681/p-070,Malignant,True,train,3.9793537360291724,dynamic_range(z=-4.0),0.5348149421292605,False
train/Malignant/ISPY2-177795/p-021,Malignant,True,train,3.9793537360291724,dynamic_range(z=-4.0),0.5029474581337349,False
train/Malignant/ACRIN-6698-929980/p-031,Malignant,True,train,3.9793537360291724,dynamic_range(z=-4.0),0.5033628992758759,False
train/Malignant/ISPY2-733276/p-034,Malignant,True,train,3.9793537360291724,dynamic_range(z=-4.0),0.5253839414878511,False
train/Malignant/ISPY2-573881/p-062,Malignant,True,train,3.978569746231718,sharpness_lapvar(z=+4.0),0.517914096292954,False
train/Malignant/ISPY2-957408/p-035,Malignant,True,train,3.9784967786483723,entropy(z=-4.0),0.5605203983554009,False
train/Malignant/ACRIN-6698-901705/p-050,Malignant,True,train,3.97621045133281,aspect_ratio(z=+4.0),0.5313928640830712,False
train/Malignant/ISPY2-188511/p-087,Malignant,True,train,3.9746968334726547,"sharpness_lapvar(z=+3.6),noise_sigma(z=+4.0)",0.5467283390271437,False
train/Malignant/ISPY2-729270/p-074,Malignant,True,train,3.973689395190402,"sharpness_lapvar(z=+4.0),hf_energy_frac(z=+3.9)",0.5885288587924178,True
train/Malignant/ISPY2-520986/p-072,Malignant,True,train,3.9731041477607203,entropy(z=-4.0),0.47951330696578454,False
train/Malignant/ACRIN-6698-241998/p-039,Malignant,True,train,3.9722050883138014,aspect_ratio(z=+4.0),0.5049257751494967,False
train/Malignant/ISPY2-318569/p-067,Malignant,True,train,3.969560037263514,aspect_ratio(z=+4.0),0.49086356300802264,False
train/Malignant/ACRIN-6698-412772/p-042,Malignant,True,train,3.968977845180109,dynamic_range(z=-4.0),0.4847722784398048,False
train/Malignant/ACRIN-6698-263143/p-008,Malignant,True,train,3.968977132697046,dynamic_range(z=-4.0),0.6314784297614077,True
train/Malignant/ISPY2-299840/p-043,Malignant,True,train,3.9676829042600836,aspect_ratio(z=+4.0),0.47860318748596875,False
train/Malignant/ISPY2-601489/p-072,Malignant,True,train,3.96464099212956,width(z=+4.0),0.5196997166264585,False
train/Malignant/ISPY2-601489/p-070,Malignant,True,train,3.96464099212956,width(z=+4.0),0.5196997166264585,False
train/Malignant/ISPY2-601489/p-067,Malignant,True,train,3.96464099212956,width(z=+4.0),0.5170020258014691,False
train/Malignant/ISPY2-598798/p-072,Malignant,True,train,3.9641224387613114,sharpness_lapvar(z=+4.0),0.5254747030972197,False
train/Malignant/ISPY2-768214/p-061,Malignant,True,train,3.963789543514046,dynamic_range(z=-4.0),0.48745455433717577,False
train/Malignant/ISPY2-797499/p-050,Malignant,True,train,3.963788831030983,dynamic_range(z=-4.0),0.489716975922749,False
train/Malignant/ACRIN-6698-755914/p-082,Malignant,True,train,3.963785719235445,snr(z=+4.0),0.5022524708676449,False
train/Malignant/ISPY2-418593/p-105,Malignant,True,train,3.9629857319366906,hf_energy_frac(z=+4.0),0.5257910133355288,False
train/Malignant/ISPY2-916586/p-078,Malignant,True,train,3.9628191731496374,hf_energy_frac(z=+4.0),0.49639686911709147,False
train/Malignant/ISPY2-782334/p-116,Malignant,True,train,3.959804389857867,hf_energy_frac(z=+4.0),0.5184112799338212,False
train/Malignant/ISPY2-573881/p-069,Malignant,True,train,3.959404732097574,sharpness_lapvar(z=+4.0),0.4896696471106584,False
train/Malignant/ISPY2-605713/p-022,Malignant,True,train,3.9591894938398635,snr(z=+4.0),0.49976164773690507,False
val/Malignant/ISPY2-345483/p-022,Malignant,True,val,3.958702674243379,entropy(z=-4.0),0.5274284603405042,False
train/Malignant/ISPY2-151980/p-093,Malignant,True,train,3.9581289685339853,hf_energy_frac(z=+4.0),0.5040060517755042,False
train/Malignant/ISPY2-791321/p-089,Malignant,True,train,3.956522961427875,entropy(z=-4.0),0.4928694616103119,False
train/Malignant/ISPY2-301968/p-069,Malignant,True,train,3.9564305127226045,entropy(z=-4.0),0.49074189329312606,False
train/Malignant/ISPY2-341238/p-048,Malignant,True,train,3.95341294018192,dynamic_range(z=-4.0),0.5087705991150916,False
train/Malignant/ISPY2-575372/p-059,Malignant,True,train,3.95341294018192,dynamic_range(z=-4.0),0.46772569338016645,False
train/Malignant/ISPY2-616994/p-017,Malignant,True,train,3.95341294018192,dynamic_range(z=-4.0),0.5372270557619816,False
train/Malignant/ISPY2-804233/p-039,Malignant,True,train,3.95341294018192,dynamic_range(z=-4.0),0.4955950756149094,False
train/Malignant/ISPY2-112606/p-102,Malignant,True,train,3.95341294018192,dynamic_range(z=-4.0),0.5122943310164306,False
val/Malignant/ISPY2-157463/p-044,Malignant,True,val,3.95341294018192,"dynamic_range(z=-4.0),snr(z=+3.6)",0.5590971966762736,False
train/Malignant/ISPY2-832056/p-075,Malignant,True,train,3.950011740988016,hf_energy_frac(z=+4.0),0.4705701791054175,False
train/Malignant/ISPY2-220664/p-047,Malignant,True,train,3.949775055407362,aspect_ratio(z=+3.9),0.4879761953932452,False
train/Malignant/ISPY2-572731/p-069,Malignant,True,train,3.9482706019807106,aspect_ratio(z=+3.9),0.45394486602730444,False
train/Malignant/ACRIN-6698-412772/p-035,Malignant,True,train,3.948224638515857,dynamic_range(z=-3.9),0.4948388811462427,False
train/Malignant/ACRIN-6698-755914/p-076,Malignant,True,train,3.948224638515857,"dynamic_range(z=-3.9),snr(z=+3.4)",0.5407963835119481,False
val/Malignant/ISPY2-157463/p-023,Malignant,True,val,3.948224638515857,"dynamic_range(z=-3.9),snr(z=+3.9)",0.5509967935251526,False
train/Malignant/ISPY2-904269/p-046,Malignant,True,train,3.948224638515857,dynamic_range(z=-3.9),0.5684682995860346,False
train/Malignant/ISPY2-456432/p-045,Malignant,True,train,3.948224638515857,"contrast(z=-3.1),dynamic_range(z=-3.9),aspect_ratio(z=+3.8)",0.5889673270101825,True
train/Malignant/ISPY2-229824/p-016,Malignant,True,train,3.94781782596534,hf_energy_frac(z=+3.9),0.5236125755803954,False
train/Malignant/ISPY2-318569/p-056,Malignant,True,train,3.9472401544282087,aspect_ratio(z=+3.9),0.4927979089231919,False
train/Malignant/ISPY2-791321/p-088,Malignant,True,train,3.9455624296961016,entropy(z=-3.9),0.484430539360928,False
train/Malignant/ISPY2-255577/p-035,Malignant,True,train,3.9442274574481324,snr(z=+3.9),0.4931832144618378,False
train/Malignant/ACRIN-6698-629606/p-102,Malignant,True,train,3.943495154799911,sharpness_lapvar(z=+3.9),0.514385614714886,False
val/Malignant/ISPY2-157463/p-067,Malignant,True,val,3.9434647573504433,snr(z=+3.9),0.4917512373946504,False
train/Malignant/ACRIN-6698-323721/p-050,Malignant,True,train,3.9430363368497936,dynamic_range(z=-3.9),0.5256622481615901,False
train/Malignant/ISPY2-728287/p-117,Malignant,True,train,3.9417295001257036,aspect_ratio(z=+3.9),0.49021071350961953,False
train/Malignant/ISPY2-622078/p-121,Malignant,True,train,3.9417295001257036,aspect_ratio(z=+3.9),0.48010701140997236,False
train/Malignant/ISPY2-489194/p-056,Malignant,True,train,3.9417295001257036,aspect_ratio(z=+3.9),0.4690700860121343,False
train/Malignant/ACRIN-6698-894673/p-100,Malignant,True,train,3.9417295001257036,aspect_ratio(z=+3.9),0.5495240136079776,False
train/Malignant/ACRIN-6698-571995/p-054,Malignant,True,train,3.9405265412475177,snr(z=+3.9),0.5050053348970392,False
train/Malignant/ACRIN-6698-547892/p-036,Malignant,True,train,3.940266041909823,entropy(z=-3.9),0.49614974806546985,False
train/Malignant/ACRIN-6698-317641/p-035,Malignant,True,train,3.9395879757088217,"entropy(z=-3.9),snr(z=+3.1)",0.5569107017901995,False
train/Malignant/ISPY2-607047/p-095,Malignant,True,train,3.939195879817514,hf_energy_frac(z=+3.9),0.4922755974456653,False
train/Malignant/ISPY2-601489/p-092,Malignant,True,train,3.939134801377628,width(z=+3.9),0.5234965767100357,False
train/Malignant/ISPY2-601489/p-079,Malignant,True,train,3.939134801377628,width(z=+3.9),0.5152824067037861,False
train/Malignant/ISPY2-601489/p-074,Malignant,True,train,3.939134801377628,width(z=+3.9),0.5174714685871904,False
train/Malignant/ISPY2-601489/p-078,Malignant,True,train,3.939134801377628,width(z=+3.9),0.5172384481785066,False
train/Malignant/ISPY2-601489/p-073,Malignant,True,train,3.939134801377628,width(z=+3.9),0.5191302681910107,False
train/Malignant/ISPY2-845663/p-047,Malignant,True,train,3.9381053761249567,aspect_ratio(z=+3.9),0.4904090551408869,False
train/Malignant/ISPY2-637051/p-038,Malignant,True,train,3.9378480351837304,dynamic_range(z=-3.9),0.5020140133210849,False
val/Malignant/ISPY2-157463/p-042,Malignant,True,val,3.9378480351837304,dynamic_range(z=-3.9),0.5293385726327735,False
train/Malignant/ISPY2-520986/p-066,Malignant,True,train,3.9372553518229236,entropy(z=-3.9),0.4838931166228084,False
train/Malignant/ISPY2-122795/p-044,Malignant,True,train,3.9371548440657884,entropy(z=-3.9),0.5250426894405041,False
train/Malignant/ISPY2-729270/p-075,Malignant,True,train,3.9367247639225984,"sharpness_lapvar(z=+3.9),hf_energy_frac(z=+3.3)",0.5873349944741785,True
train/Malignant/ISPY2-873686/p-092,Malignant,True,train,3.935442983467326,"sharpness_lapvar(z=+3.9),noise_sigma(z=+3.6)",0.5402376152365893,False
train/Malignant/ISPY2-350331/p-056,Malignant,True,train,3.933544965050546,entropy(z=-3.9),0.48314997779005975,False
train/Malignant/ISPY2-575372/p-062,Malignant,True,train,3.932660446000731,dynamic_range(z=-3.9),0.47579276227574463,False
val/Malignant/ISPY2-896939/p-123,Malignant,True,val,3.9326514292214276,hf_energy_frac(z=+3.9),0.5222008590371328,False
train/Malignant/ISPY2-318438/p-085,Malignant,True,train,3.932181428347048,sharpness_lapvar(z=+3.9),0.5276905899805778,False
train/Malignant/ISPY2-282082/p-115,Malignant,True,train,3.931806702619489,hf_energy_frac(z=+3.9),0.520191473829762,False
train/Malignant/ISPY2-836983/p-045,Malignant,True,train,3.9317567174802055,sharpness_lapvar(z=+3.9),0.5002668734739236,False
train/Malignant/ISPY2-953262/p-107,Malignant,True,train,3.9303284088465706,"sharpness_lapvar(z=+3.8),hf_energy_frac(z=+3.9)",0.5375945172024311,False
train/Malignant/ISPY2-491779/p-096,Malignant,True,train,3.9301472590628754,hf_energy_frac(z=+3.9),0.5569103564544339,False
train/Malignant/ACRIN-6698-760901/p-065,Malignant,True,train,3.9290569703923013,hf_energy_frac(z=+3.9),0.5163938087957021,False
train/Malignant/ACRIN-6698-188700/p-056,Malignant,True,train,3.9274721443346676,dynamic_range(z=-3.9),0.506946108767548,False
train/Malignant/ISPY2-568953/p-047,Malignant,True,train,3.9274721443346676,"dynamic_range(z=-3.9),snr(z=+3.4)",0.5856915117036721,True
train/Malignant/ISPY2-233832/p-020,Malignant,True,train,3.9274721443346676,dynamic_range(z=-3.9),0.5553375682875953,False
train/Malignant/ISPY2-768214/p-054,Malignant,True,train,3.9274721443346676,dynamic_range(z=-3.9),0.5244670846433397,False
train/Malignant/ACRIN-6698-218503/p-024,Malignant,True,train,3.9274721443346676,dynamic_range(z=-3.9),0.4950882714739904,False
train/Malignant/ISPY2-797499/p-046,Malignant,True,train,3.9274721443346676,dynamic_range(z=-3.9),0.49155440581764387,False
train/Malignant/ISPY2-768214/p-044,Malignant,True,train,3.9274721443346676,dynamic_range(z=-3.9),0.5515319466329892,False
train/Malignant/ISPY2-309830/p-120,Malignant,True,train,3.9267819168321814,hf_energy_frac(z=+3.9),0.48231086447184973,False
train/Malignant/ISPY2-791321/p-087,Malignant,True,train,3.926237176085555,entropy(z=-3.9),0.49608046221446,False
train/Malignant/ACRIN-6698-863161/p-090,Malignant,True,train,3.925923953594638,sharpness_lapvar(z=+3.9),0.5211753219650322,False
train/Malignant/ACRIN-6698-373346/p-059,Malignant,True,train,3.92547585309205,"hf_energy_frac(z=+3.7),aspect_ratio(z=+3.9)",0.5918984403615666,True
train/Malignant/ISPY2-115638/p-057,Malignant,True,train,3.92547585309205,aspect_ratio(z=+3.9),0.5402992990554182,False
train/Malignant/ISPY2-122795/p-042,Malignant,True,train,3.924433714789661,entropy(z=-3.9),0.5315459045000546,False
train/Malignant/ACRIN-6698-890372/p-051,Malignant,True,train,3.9222845551516676,dynamic_range(z=-3.9),0.5270207879346976,False
train/Malignant/ISPY2-746731/p-019,Malignant,True,train,3.9222845551516676,dynamic_range(z=-3.9),0.5123547711202925,False
train/Malignant/ISPY2-953262/p-084,Malignant,True,train,3.921594757951949,"sharpness_lapvar(z=+3.9),noise_sigma(z=+3.0),hf_energy_frac(z=+3.6)",0.5442440456434569,False
train/Malignant/ISPY2-845663/p-052,Malignant,True,train,3.920556986226604,aspect_ratio(z=+3.9),0.47218082309598086,False
train/Malignant/ISPY2-294265/p-018,Malignant,True,train,3.920556986226604,aspect_ratio(z=+3.9),0.47188626186397264,False
train/Malignant/ISPY2-905264/p-041,Malignant,True,train,3.918033079430338,entropy(z=-3.9),0.4980489513915726,False
train/Malignant/ISPY2-262131/p-128,Malignant,True,train,3.917938879669187,aspect_ratio(z=+3.9),0.5089558700933483,False
train/Malignant/ACRIN-6698-323721/p-040,Malignant,True,train,3.9170962534856044,dynamic_range(z=-3.9),0.47488567396236847,False
train/Malignant/ISPY2-836983/p-042,Malignant,True,train,3.9162733806203347,"sharpness_lapvar(z=+3.9),noise_sigma(z=+3.4)",0.5073399061505824,False
train/Malignant/ISPY2-531672/p-092,Malignant,True,train,3.9142869739574637,"sharpness_lapvar(z=+3.5),noise_sigma(z=+3.9)",0.5494674256726877,False
train/Malignant/ISPY2-865416/p-059,Malignant,True,train,3.9141662467936515,hf_energy_frac(z=+3.9),0.5351747566640384,False
train/Malignant/ISPY2-601489/p-090,Malignant,True,train,3.9136286106256954,width(z=+3.9),0.5228411482044456,False
train/Malignant/ISPY2-601489/p-077,Malignant,True,train,3.9136286106256954,width(z=+3.9),0.5147863024796272,False
train/Malignant/ISPY2-601489/p-066,Malignant,True,train,3.9136286106256954,width(z=+3.9),0.5156047314527019,False
train/Malignant/ISPY2-601489/p-071,Malignant,True,train,3.9136286106256954,width(z=+3.9),0.5195544425650871,False
train/Malignant/ISPY2-601489/p-091,Malignant,True,train,3.9136286106256954,width(z=+3.9),0.5224875206818752,False
val/Malignant/ISPY2-453596/p-042,Malignant,True,val,3.911907951819541,"dynamic_range(z=-3.9),snr(z=+3.3)",0.5488283207311986,False
train/Malignant/ACRIN-6698-899692/p-039,Malignant,True,train,3.911907951819541,dynamic_range(z=-3.9),0.5158200989026566,False
train/Malignant/ISPY2-500826/p-030,Malignant,True,train,3.9093623237052397,"dynamic_range(z=-3.2),aspect_ratio(z=+3.9)",0.5782645280440746,False
train/Malignant/ISPY2-532183/p-031,Malignant,True,train,3.9093623237052397,aspect_ratio(z=+3.9),0.4992534742050773,False
train/Malignant/ISPY2-208265/p-063,Malignant,True,train,3.9093623237052397,aspect_ratio(z=+3.9),0.4815996133749496,False
train/Malignant/ISPY2-783771/p-022,Malignant,True,train,3.9092377199813924,"entropy(z=-3.9),snr(z=+3.6)",0.593641164925093,True
train/Malignant/ISPY2-303947/p-101,Malignant,True,train,3.9088133141826154,"sharpness_lapvar(z=+3.5),hf_energy_frac(z=+3.9)",0.5517394455360789,False
train/Malignant/ACRIN-6698-317641/p-047,Malignant,True,train,3.9084661071015727,snr(z=+3.9),0.4882760361869836,False
train/Malignant/ISPY2-235995/p-020,Malignant,True,train,3.907605450427804,entropy(z=-3.9),0.4811717810090351,False
train/Malignant/ACRIN-6698-580541/p-028,Malignant,True,train,3.9067196501534784,"dynamic_range(z=-3.9),hf_energy_frac(z=+3.5)",0.5515555562327247,False
train/Malignant/ISPY2-311316/p-020,Malignant,True,train,3.9067196501534784,dynamic_range(z=-3.9),0.49104737305850965,False
train/Malignant/ISPY2-177795/p-030,Malignant,True,train,3.9067196501534784,dynamic_range(z=-3.9),0.5053999768722623,False
train/Malignant/ISPY2-575372/p-058,Malignant,True,train,3.9067196501534784,dynamic_range(z=-3.9),0.46329402960802385,False
train/Malignant/ISPY2-116165/p-049,Malignant,True,train,3.9067196501534784,dynamic_range(z=-3.9),0.4985076705188298,False
train/Malignant/ISPY2-836983/p-034,Malignant,True,train,3.905633685099003,"sharpness_lapvar(z=+3.9),noise_sigma(z=+3.1)",0.506856818621562,False
train/Malignant/ISPY2-676630/p-084,Malignant,True,train,3.904811763321421,entropy(z=-3.9),0.510975423389932,False
train/Malignant/ISPY2-832056/p-087,Malignant,True,train,3.9040128783770207,hf_energy_frac(z=+3.9),0.47855776094152525,False
train/Malignant/ISPY2-421829/p-167,Malignant,True,train,3.902459033586915,hf_energy_frac(z=+3.9),0.4967447738384728,False
train/Malignant/ISPY2-876511/p-050,Malignant,True,train,3.9019553865513563,hf_energy_frac(z=+3.9),0.5059421769811756,False
train/Malignant/ISPY2-233832/p-032,Malignant,True,train,3.9015313484874152,dynamic_range(z=-3.9),0.5678691920176994,False
train/Malignant/ACRIN-6698-890372/p-055,Malignant,True,train,3.9015313484874152,dynamic_range(z=-3.9),0.48728438837157445,False
train/Malignant/ISPY2-797499/p-043,Malignant,True,train,3.9015313484874152,"dynamic_range(z=-3.9),snr(z=+3.5)",0.5469975516578249,False
train/Malignant/ISPY2-999264/p-024,Malignant,True,train,3.9015313484874152,dynamic_range(z=-3.9),0.5176582275609085,False
train/Malignant/ISPY2-836983/p-053,Malignant,True,train,3.9010072428352234,sharpness_lapvar(z=+3.9),0.4960479785304796,False
train/Malignant/ISPY2-520986/p-067,Malignant,True,train,3.9000034164231785,entropy(z=-3.9),0.488144763806051,False
train/Malignant/ISPY2-350331/p-051,Malignant,True,train,3.8987389193543813,entropy(z=-3.9),0.507524791332487,False
train/Malignant/ISPY2-598798/p-083,Malignant,True,train,3.897204219598995,sharpness_lapvar(z=+3.9),0.5362116403020655,False
train/Malignant/ISPY2-567907/p-057,Malignant,True,train,3.896846041050775,entropy(z=-3.9),0.46373968678048544,False
train/Malignant/ACRIN-6698-323721/p-041,Malignant,True,train,3.896343046821352,dynamic_range(z=-3.9),0.4976934042497663,False
train/Malignant/ISPY2-568953/p-043,Malignant,True,train,3.896343046821352,dynamic_range(z=-3.9),0.5737718471824111,False
train/Malignant/ISPY2-746265/p-017,Malignant,True,train,3.896343046821352,dynamic_range(z=-3.9),0.5707386346127125,False
train/Malignant/ISPY2-660534/p-028,Malignant,True,train,3.894195014495884,snr(z=+3.9),0.5224564656578778,False
train/Malignant/ISPY2-916586/p-048,Malignant,True,train,3.893002422147474,hf_energy_frac(z=+3.9),0.5512173391100267,False
val/Malignant/ISPY2-157463/p-032,Malignant,True,val,3.8916870823158725,snr(z=+3.9),0.5021458398749186,False
train/Malignant/ISPY2-960490/p-103,Malignant,True,train,3.8911815910260734,hf_energy_frac(z=+3.9),0.5301982978002057,False
train/Malignant/ISPY2-116165/p-045,Malignant,True,train,3.891155457638352,dynamic_range(z=-3.9),0.46608756650109423,False
train/Malignant/ACRIN-6698-580541/p-032,Malignant,True,train,3.891154745155289,dynamic_range(z=-3.9),0.46221416380542235,False
train/Malignant/ISPY2-116165/p-031,Malignant,True,train,3.891154745155289,dynamic_range(z=-3.9),0.4628694109893866,False
train/Malignant/ISPY2-167271/p-051,Malignant,True,train,3.891154745155289,dynamic_range(z=-3.9),0.48535443548973145,False
train/Malignant/ISPY2-791321/p-084,Malignant,True,train,3.8906059444933168,entropy(z=-3.9),0.5084314508107824,False
train/Malignant/ACRIN-6698-326433/p-099,Malignant,True,train,3.890145249669302,"sharpness_lapvar(z=+3.9),noise_sigma(z=+3.1)",0.539605743031168,False
val/Malignant/ISPY2-896939/p-054,Malignant,True,val,3.888234481309018,hf_energy_frac(z=+3.9),0.5426776118690004,False
train/Malignant/ISPY2-188511/p-085,Malignant,True,train,3.8882209848558302,"sharpness_lapvar(z=+3.4),noise_sigma(z=+3.9)",0.5451090804725366,False
train/Malignant/ISPY2-601489/p-063,Malignant,True,train,3.888122419873763,width(z=+3.9),0.5152063063875991,False
train/Malignant/ISPY2-601489/p-062,Malignant,True,train,3.888122419873763,width(z=+3.9),0.5152063063875991,False
train/Malignant/ISPY2-601489/p-064,Malignant,True,train,3.888122419873763,width(z=+3.9),0.5159763374812152,False
train/Malignant/ISPY2-601489/p-065,Malignant,True,train,3.888122419873763,width(z=+3.9),0.5182308333394186,False
train/Malignant/ISPY2-601489/p-093,Malignant,True,train,3.888122419873763,width(z=+3.9),0.5227530551891464,False
train/Malignant/ISPY2-790722/p-061,Malignant,True,train,3.88809246491465,aspect_ratio(z=+3.9),0.48661735513122734,False
train/Malignant/ISPY2-622078/p-123,Malignant,True,train,3.88809246491465,aspect_ratio(z=+3.9),0.4847617683115772,False
train/Malignant/ISPY2-997702/p-053,Malignant,True,train,3.887296010975746,entropy(z=-3.9),0.5479269353892359,False
train/Malignant/ISPY2-999264/p-021,Malignant,True,train,3.885967155972289,dynamic_range(z=-3.9),0.5091785110315372,False
train/Malignant/ACRIN-6698-890372/p-047,Malignant,True,train,3.885967155972289,dynamic_range(z=-3.9),0.5233814613591395,False
val/Malignant/ACRIN-6698-928815/p-069,Malignant,True,val,3.885010747999302,snr(z=+3.9),0.5008685209451669,False
train/Malignant/ISPY2-729270/p-067,Malignant,True,train,3.8843609221971196,sharpness_lapvar(z=+3.9),0.506794750667909,False
train/Malignant/ISPY2-116165/p-028,Malignant,True,train,3.880779566789289,dynamic_range(z=-3.9),0.5337594340213665,False
val/Malignant/ISPY2-712276/p-051,Malignant,True,val,3.880778854306226,dynamic_range(z=-3.9),0.5334621132107259,False
train/Malignant/ACRIN-6698-188700/p-049,Malignant,True,train,3.880778854306226,dynamic_range(z=-3.9),0.5212624451944237,False
train/Malignant/ISPY2-637051/p-036,Malignant,True,train,3.880778141823163,dynamic_range(z=-3.9),0.5185713163193711,False
train/Malignant/ISPY2-607047/p-050,Malignant,True,train,3.879800266599429,hf_energy_frac(z=+3.9),0.5145109364887818,False
train/Malignant/ACRIN-6698-711476/p-052,Malignant,True,train,3.8776613890006586,entropy(z=-3.9),0.48259081114083097,False
train/Malignant/ISPY2-836983/p-044,Malignant,True,train,3.876724284305683,"sharpness_lapvar(z=+3.9),noise_sigma(z=+3.1)",0.49855064640993946,False
train/Malignant/ISPY2-220664/p-048,Malignant,True,train,3.875997839327844,aspect_ratio(z=+3.9),0.4820346768558444,False
train/Malignant/ISPY2-552313/p-095,Malignant,True,train,3.8723124015533084,noise_sigma(z=+3.9),0.5506305148177201,False
train/Malignant/ACRIN-6698-863161/p-073,Malignant,True,train,3.872089174473192,"sharpness_lapvar(z=+3.9),noise_sigma(z=+3.0)",0.5046877603782893,False
train/Malignant/ACRIN-6698-901705/p-049,Malignant,True,train,3.8709584120000082,aspect_ratio(z=+3.9),0.52326644335756,False
train/Malignant/ACRIN-6698-783764/p-027,Malignant,True,train,3.8709584120000082,aspect_ratio(z=+3.9),0.5149913580069729,False
train/Malignant/ISPY2-350331/p-050,Malignant,True,train,3.8709540654241077,entropy(z=-3.9),0.5123938244209418,False
train/Malignant/ISPY2-575372/p-060,Malignant,True,train,3.870402963457163,dynamic_range(z=-3.9),0.4722892222658994,False
train/Malignant/ACRIN-6698-412772/p-043,Malignant,True,train,3.870402963457163,dynamic_range(z=-3.9),0.47755719023142423,False
train/Malignant/ISPY2-851180/p-063,Malignant,True,train,3.868417916015594,hf_energy_frac(z=+3.9),0.4951108746999212,False
train/Malignant/ISPY2-111344/p-074,Malignant,True,train,3.8680331503921246,hf_energy_frac(z=+3.9),0.5183683723625758,False
train/Malignant/ISPY2-885590/p-096,Malignant,True,train,3.8668117163294298,hf_energy_frac(z=+3.9),0.49112821410302127,False
train/Malignant/ISPY2-485637/p-120,Malignant,True,train,3.8667773134213164,hf_energy_frac(z=+3.9),0.4798049093258666,False
train/Malignant/ISPY2-575372/p-063,Malignant,True,train,3.8652146617910996,dynamic_range(z=-3.9),0.4830762640171948,False
train/Malignant/ISPY2-264678/p-045,Malignant,True,train,3.864902981838202,hf_energy_frac(z=+3.9),0.5158327806558767,False
train/Malignant/ISPY2-876511/p-055,Malignant,True,train,3.864712857584777,hf_energy_frac(z=+3.9),0.5046639885942941,False
train/Malignant/ISPY2-640463/p-067,Malignant,True,train,3.864443869013044,"sharpness_lapvar(z=+3.9),noise_sigma(z=+3.3)",0.49838470415995073,False
train/Malignant/ISPY2-573586/p-117,Malignant,True,train,3.8643683916482225,aspect_ratio(z=+3.9),0.5131843934857339,False
train/Malignant/ISPY2-318438/p-084,Malignant,True,train,3.864319463909191,"sharpness_lapvar(z=+3.9),noise_sigma(z=+3.0)",0.5182859327258468,False
val/Malignant/ACRIN-6698-928815/p-068,Malignant,True,val,3.86393805945583,snr(z=+3.9),0.4972737209532235,False
train/Malignant/ISPY2-729270/p-029,Malignant,True,train,3.863695398961994,"sharpness_lapvar(z=+3.9),noise_sigma(z=+3.1)",0.5551522831871213,False
train/Malignant/ISPY2-729270/p-066,Malignant,True,train,3.8632553923856614,sharpness_lapvar(z=+3.9),0.5119134284629613,False
train/Malignant/ISPY2-601489/p-059,Malignant,True,train,3.8626162291218304,width(z=+3.9),0.5151188005381888,False
train/Malignant/ISPY2-601489/p-058,Malignant,True,train,3.8626162291218304,width(z=+3.9),0.5161579099169581,False
train/Malignant/ISPY2-601489/p-054,Malignant,True,train,3.8626162291218304,width(z=+3.9),0.5196838247025265,False
train/Malignant/ISPY2-601489/p-096,Malignant,True,train,3.8626162291218304,width(z=+3.9),0.5216930686217677,False
train/Malignant/ISPY2-601489/p-051,Malignant,True,train,3.8626162291218304,width(z=+3.9),0.5160997157654449,False
train/Malignant/ISPY2-601489/p-094,Malignant,True,train,3.8626162291218304,width(z=+3.9),0.5214089425869601,False
train/Malignant/ISPY2-601489/p-095,Malignant,True,train,3.8626162291218304,width(z=+3.9),0.5214089425869601,False
train/Malignant/ISPY2-601489/p-061,Malignant,True,train,3.8626162291218304,width(z=+3.9),0.5152063063875991,False
train/Malignant/ACRIN-6698-755914/p-083,Malignant,True,train,3.861212146521484,snr(z=+3.9),0.5021907327254662,False
train/Malignant/ISPY2-916586/p-047,Malignant,True,train,3.860757971612782,hf_energy_frac(z=+3.9),0.5541798738933219,False
train/Malignant/ISPY2-451482/p-073,Malignant,True,train,3.8606352373500026,"sharpness_lapvar(z=+3.9),noise_sigma(z=+3.7)",0.5766509809510405,False
train/Malignant/ACRIN-6698-783764/p-045,Malignant,True,train,3.8600263601250364,"contrast(z=-3.4),entropy(z=-3.8),dynamic_range(z=-3.9)",0.6220190960077708,True
train/Malignant/ISPY2-999264/p-022,Malignant,True,train,3.8600263601250364,dynamic_range(z=-3.9),0.5088530585151313,False
train/Malignant/ACRIN-6698-280375/p-037,Malignant,True,train,3.8600263601250364,dynamic_range(z=-3.9),0.5201489775111251,False
train/Malignant/ISPY2-767081/p-036,Malignant,True,train,3.8600263601250364,dynamic_range(z=-3.9),0.5377823371737109,False
train/Malignant/ISPY2-685753/p-048,Malignant,True,train,3.8600263601250364,dynamic_range(z=-3.9),0.5852550435333881,True
train/Malignant/ISPY2-834418/p-032,Malignant,True,train,3.858719802775264,aspect_ratio(z=+3.9),0.510631851255372,False
train/Malignant/ISPY2-223526/p-037,Malignant,True,train,3.858707977954247,sharpness_lapvar(z=+3.9),0.5449095820497409,False
train/Malignant/ISPY2-136536/p-015,Malignant,True,train,3.8582536953823903,"sharpness_lapvar(z=+3.9),noise_sigma(z=+3.8)",0.5820555988264376,True
train/Malignant/ISPY2-318438/p-105,Malignant,True,train,3.85778870581389,"sharpness_lapvar(z=+3.9),noise_sigma(z=+3.7)",0.5585050506682637,False
train/Malignant/ISPY2-836983/p-065,Malignant,True,train,3.8577030498407456,"sharpness_lapvar(z=+3.9),noise_sigma(z=+3.2)",0.5351761251093924,False
train/Malignant/ISPY2-248255/p-064,Malignant,True,train,3.8570706642343797,entropy(z=-3.9),0.550249773102569,False
train/Malignant/ACRIN-6698-218503/p-021,Malignant,True,train,3.8548380584589736,dynamic_range(z=-3.9),0.4847707387697997,False
train/Malignant/ISPY2-188091/p-061,Malignant,True,train,3.8548380584589736,dynamic_range(z=-3.9),0.4842307649045955,False
train/Malignant/ISPY2-342142/p-036,Malignant,True,train,3.8548380584589736,"dynamic_range(z=-3.9),snr(z=+3.5)",0.5492929606014499,False
train/Malignant/ISPY2-797499/p-044,Malignant,True,train,3.8548380584589736,dynamic_range(z=-3.9),0.5126136902493549,False
train/Malignant/ISPY2-104384/p-022,Malignant,True,train,3.8547505241077777,aspect_ratio(z=+3.9),0.47486848157037087,False
train/Malignant/ISPY2-572731/p-070,Malignant,True,train,3.8547505241077777,aspect_ratio(z=+3.9),0.4566196321462871,False
train/Malignant/ACRIN-6698-317641/p-048,Malignant,True,train,3.851273698916498,snr(z=+3.9),0.48847082492452104,False
train/Malignant/ISPY2-466267/p-025,Malignant,True,train,3.8507611608560386,entropy(z=-3.9),0.5640384002583032,False
train/Malignant/ISPY2-613961/p-029,Malignant,True,train,3.8496497567929104,dynamic_range(z=-3.8),0.49966378268835,False
train/Malignant/ISPY2-768214/p-055,Malignant,True,train,3.8496497567929104,dynamic_range(z=-3.8),0.5188406617511371,False
train/Malignant/ISPY2-208265/p-124,Malignant,True,train,3.849540845856705,aspect_ratio(z=+3.8),0.5185851233687749,False
train/Malignant/ACRIN-6698-580541/p-020,Malignant,True,train,3.849540845856705,aspect_ratio(z=+3.8),0.5167654050434848,False
train/Malignant/ISPY2-953262/p-083,Malignant,True,train,3.8493745360233724,sharpness_lapvar(z=+3.8),0.5405248496977292,False
train/Malignant/ISPY2-685753/p-046,Malignant,True,train,3.8489114271094107,entropy(z=-3.8),0.5413868159868083,False
train/Malignant/ISPY2-598798/p-037,Malignant,True,train,3.8462669577119617,sharpness_lapvar(z=+3.8),0.6086763099945923,True
train/Malignant/ISPY2-136536/p-019,Malignant,True,train,3.846144592036041,"sharpness_lapvar(z=+3.8),noise_sigma(z=+3.5)",0.5542564279186203,False
train/Malignant/ACRIN-6698-863161/p-074,Malignant,True,train,3.845695408034014,"sharpness_lapvar(z=+3.8),noise_sigma(z=+3.1)",0.5030190845181917,False
train/Malignant/ACRIN-6698-580541/p-033,Malignant,True,train,3.8444614551268472,dynamic_range(z=-3.8),0.4682549877872761,False
train/Malignant/ACRIN-6698-188700/p-053,Malignant,True,train,3.8444614551268472,dynamic_range(z=-3.8),0.50362576392871,False
train/Malignant/ACRIN-6698-531988/p-026,Malignant,True,train,3.844100918704787,snr(z=+3.8),0.5012945606882268,False
train/Malignant/ISPY2-824512/p-089,Malignant,True,train,3.8440518987099916,hf_energy_frac(z=+3.8),0.5254048598026672,False
train/Malignant/ISPY2-485637/p-132,Malignant,True,train,3.843929879559898,"sharpness_lapvar(z=+3.1),hf_energy_frac(z=+3.8)",0.5118326780752811,False
val/Malignant/ISPY2-157463/p-039,Malignant,True,val,3.8437668981524316,snr(z=+3.8),0.5241178564436851,False
train/Malignant/ACRIN-6698-571995/p-059,Malignant,True,train,3.8437243657880042,snr(z=+3.8),0.5004859362806056,False
train/Malignant/ISPY2-166412/p-105,Malignant,True,train,3.84240165714227,aspect_ratio(z=+3.8),0.49101134663764867,False
train/Malignant/ISPY2-188511/p-067,Malignant,True,train,3.8412129588915844,"sharpness_lapvar(z=+3.3),noise_sigma(z=+3.7),hf_energy_frac(z=+3.8)",0.5652108169547139,False
train/Malignant/ACRIN-6698-609151/p-035,Malignant,True,train,3.8408936173156625,entropy(z=-3.8),0.5243576282412278,False
train/Malignant/ACRIN-6698-786753/p-051,Malignant,True,train,3.8400600828516653,hf_energy_frac(z=+3.8),0.4730981855812426,False
train/Malignant/ISPY2-934459/p-061,Malignant,True,train,3.8394637570109595,hf_energy_frac(z=+3.8),0.5080313755506909,False
train/Malignant/ISPY2-342142/p-040,Malignant,True,train,3.8392738659438472,"dynamic_range(z=-3.8),snr(z=+3.2)",0.5373313601804175,False
train/Malignant/ISPY2-637051/p-047,Malignant,True,train,3.8392738659438472,dynamic_range(z=-3.8),0.4769344399339634,False
train/Malignant/ISPY2-689188/p-017,Malignant,True,train,3.8392738659438472,"dynamic_range(z=-3.8),snr(z=+3.2)",0.5524928517367806,False
train/Malignant/ACRIN-6698-317641/p-045,Malignant,True,train,3.8390499929232997,snr(z=+3.8),0.49011897737548693,False
train/Malignant/ISPY2-640463/p-066,Malignant,True,train,3.8377859966566703,"sharpness_lapvar(z=+3.8),noise_sigma(z=+3.2)",0.501347184991463,False
train/Malignant/ISPY2-601489/p-050,Malignant,True,train,3.837110038369898,width(z=+3.8),0.5209891614233837,False
train/Malignant/ISPY2-601489/p-057,Malignant,True,train,3.837110038369898,width(z=+3.8),0.5147598282402711,False
train/Malignant/ISPY2-601489/p-060,Malignant,True,train,3.837110038369898,width(z=+3.8),0.515914532695328,False
train/Malignant/ACRIN-6698-755914/p-088,Malignant,True,train,3.836939864877593,snr(z=+3.8),0.518973505932159,False
train/Malignant/ISPY2-637051/p-049,Malignant,True,train,3.834084851794721,dynamic_range(z=-3.8),0.5186245492364843,False
train/Malignant/ISPY2-208265/p-123,Malignant,True,train,3.8320173826485475,aspect_ratio(z=+3.8),0.5126215948993649,False
train/Malignant/ISPY2-567907/p-043,Malignant,True,train,3.8317941277713565,entropy(z=-3.8),0.5006607108483733,False
train/Malignant/ISPY2-640463/p-051,Malignant,True,train,3.831646287734375,"sharpness_lapvar(z=+3.2),noise_sigma(z=+3.2),hf_energy_frac(z=+3.8)",0.5478701770432868,False
train/Malignant/ISPY2-797499/p-042,Malignant,True,train,3.8311251209547192,"dynamic_range(z=-3.6),snr(z=+3.8)",0.5446155169935354,False
train/Malignant/ACRIN-6698-690089/p-036,Malignant,True,train,3.8305540394095123,snr(z=+3.8),0.5524556214636824,False
train/Malignant/ACRIN-6698-890372/p-049,Malignant,True,train,3.828897975094784,dynamic_range(z=-3.8),0.5451321815615499,False
train/Malignant/ACRIN-6698-870077/p-020,Malignant,True,train,3.828897975094784,dynamic_range(z=-3.8),0.5139127669281663,False
train/Malignant/ISPY2-904269/p-055,Malignant,True,train,3.828897975094784,dynamic_range(z=-3.8),0.48487434451709444,False
train/Malignant/ISPY2-112606/p-067,Malignant,True,train,3.828897975094784,dynamic_range(z=-3.8),0.4923333653351814,False
train/Malignant/ISPY2-341238/p-058,Malignant,True,train,3.8288972626117213,dynamic_range(z=-3.8),0.5283372791903084,False
train/Malignant/ISPY2-188511/p-086,Malignant,True,train,3.827522375568656,"sharpness_lapvar(z=+3.4),noise_sigma(z=+3.8)",0.5562361485561017,False
train/Malignant/ISPY2-491779/p-090,Malignant,True,train,3.825333918053549,hf_energy_frac(z=+3.8),0.5678033271421458,False
train/Malignant/ISPY2-531672/p-088,Malignant,True,train,3.8253294323174005,"sharpness_lapvar(z=+3.8),noise_sigma(z=+3.8)",0.5389972158365471,False
train/Malignant/ISPY2-832056/p-074,Malignant,True,train,3.82455969944661,hf_energy_frac(z=+3.8),0.4699810155406724,False
train/Malignant/ISPY2-318438/p-107,Malignant,True,train,3.823833149397474,"sharpness_lapvar(z=+3.5),noise_sigma(z=+3.6),hf_energy_frac(z=+3.8)",0.5595071480038787,False
train/Malignant/ISPY2-466267/p-015,Malignant,True,train,3.823822945857395,entropy(z=-3.8),0.5935975615064101,True
train/Malignant/ACRIN-6698-412772/p-034,Malignant,True,train,3.8237096734287213,dynamic_range(z=-3.8),0.4998394847360713,False
val/Malignant/ISPY2-712276/p-052,Malignant,True,val,3.823708960945658,dynamic_range(z=-3.8),0.5355136007473239,False
train/Malignant/ISPY2-248255/p-067,Malignant,True,train,3.8225636963702088,entropy(z=-3.8),0.5537836736323428,False
train/Malignant/ISPY2-905264/p-049,Malignant,True,train,3.8221665279823367,"sharpness_lapvar(z=+3.8),noise_sigma(z=+3.3)",0.5617845426307679,False
train/Malignant/ACRIN-6698-115987/p-068,Malignant,True,train,3.8220039751010293,aspect_ratio(z=+3.8),0.5312403312039004,False
train/Malignant/ACRIN-6698-467686/p-051,Malignant,True,train,3.8210183933133166,snr(z=+3.8),0.5006635687692345,False
train/Malignant/ACRIN-6698-467686/p-055,Malignant,True,train,3.8193247006143687,snr(z=+3.8),0.5380122933309853,False
train/Malignant/ACRIN-6698-506623/p-070,Malignant,True,train,3.8187298317207428,hf_energy_frac(z=+3.8),0.5242889699365894,False
train/Malignant/ACRIN-6698-783764/p-046,Malignant,True,train,3.818521371762658,"contrast(z=-3.3),entropy(z=-3.4),dynamic_range(z=-3.8)",0.59541123288713,True
train/Malignant/ISPY2-872188/p-025,Malignant,True,train,3.818521371762658,dynamic_range(z=-3.8),0.5388008708333748,False
train/Malignant/ISPY2-116165/p-044,Malignant,True,train,3.818521371762658,dynamic_range(z=-3.8),0.4944207454703708,False
train/Malignant/ISPY2-836983/p-063,Malignant,True,train,3.8159238390824335,"sharpness_lapvar(z=+3.8),noise_sigma(z=+3.1)",0.5124593541748741,False
train/Malignant/ACRIN-6698-775346/p-029,Malignant,True,train,3.8151895824705866,snr(z=+3.8),0.49564100754818646,False
train/Malignant/ISPY2-212307/p-052,Malignant,True,train,3.8138647662953153,"sharpness_lapvar(z=+3.4),noise_sigma(z=+3.8)",0.5465526946818211,False
train/Malignant/ISPY2-802778/p-026,Malignant,True,train,3.813333070096595,dynamic_range(z=-3.8),0.5029830205109075,False
train/Malignant/ACRIN-6698-580541/p-030,Malignant,True,train,3.813333070096595,dynamic_range(z=-3.8),0.5281294165542394,False
train/Malignant/ISPY2-236470/p-087,Malignant,True,train,3.813333070096595,dynamic_range(z=-3.8),0.552513921502803,False
train/Malignant/ISPY2-527320/p-116,Malignant,True,train,3.8123419151867584,aspect_ratio(z=+3.8),0.48963393072226635,False
train/Malignant/ISPY2-601489/p-056,Malignant,True,train,3.811603847617966,width(z=+3.8),0.515467440798584,False
train/Malignant/ISPY2-601489/p-052,Malignant,True,train,3.811603847617966,width(z=+3.8),0.5157400598943539,False
train/Malignant/ISPY2-601489/p-053,Malignant,True,train,3.811603847617966,width(z=+3.8),0.5184882900694359,False
train/Malignant/ISPY2-601489/p-055,Malignant,True,train,3.811603847617966,width(z=+3.8),0.5183540377940247,False
train/Malignant/ISPY2-924868/p-054,Malignant,True,train,3.8114638829811622,hf_energy_frac(z=+3.8),0.4869066983648033,False
train/Malignant/ISPY2-515141/p-058,Malignant,True,train,3.8106849319609917,entropy(z=-3.8),0.5433644528772129,False
train/Malignant/ISPY2-573881/p-072,Malignant,True,train,3.8105300620592324,sharpness_lapvar(z=+3.8),0.48681829881753663,False
train/Malignant/ISPY2-905264/p-042,Malignant,True,train,3.808581651534206,entropy(z=-3.8),0.4938504246382212,False
train/Malignant/ACRIN-6698-323721/p-049,Malignant,True,train,3.8081447684305316,dynamic_range(z=-3.8),0.5139323581433963,False
train/Malignant/ACRIN-6698-218503/p-019,Malignant,True,train,3.8081447684305316,dynamic_range(z=-3.8),0.5145005504995328,False
train/Malignant/ACRIN-6698-241998/p-040,Malignant,True,train,3.8076369120980686,"dynamic_range(z=-3.1),aspect_ratio(z=+3.8)",0.5266624252289894,False
train/Malignant/ACRIN-6698-894673/p-099,Malignant,True,train,3.8076369120980686,aspect_ratio(z=+3.8),0.5423517300025209,False
train/Malignant/ISPY2-605713/p-059,Malignant,True,train,3.8068105203814757,snr(z=+3.8),0.47731937042593303,False
train/Malignant/ACRIN-6698-345907/p-023,Malignant,True,train,3.805876664118226,"entropy(z=-3.2),snr(z=+3.8)",0.606216472657072,True
train/Malignant/ISPY2-596458/p-064,Malignant,True,train,3.8057776851206504,sharpness_lapvar(z=+3.8),0.5052498440246516,False
train/Malignant/ISPY2-218249/p-069,Malignant,True,train,3.805743524702789,sharpness_lapvar(z=+3.8),0.5680895834278895,False
train/Malignant/ISPY2-974618/p-032,Malignant,True,train,3.8030130297522886,aspect_ratio(z=+3.8),0.4859877382512617,False
train/Malignant/ISPY2-266509/p-050,Malignant,True,train,3.802956466764469,dynamic_range(z=-3.8),0.49875191570290917,False
train/Malignant/ISPY2-233832/p-025,Malignant,True,train,3.802956466764469,"dynamic_range(z=-3.8),snr(z=+3.0)",0.6008751884753339,True
train/Malignant/ACRIN-6698-490023/p-068,Malignant,True,train,3.802956466764469,dynamic_range(z=-3.8),0.518902097027832,False
train/Malignant/ISPY2-414971/p-042,Malignant,True,train,3.80244780916465,"sharpness_lapvar(z=+3.8),noise_sigma(z=+3.5)",0.5404114077286375,False
train/Malignant/ISPY2-437162/p-052,Malignant,True,train,3.800414284154265,entropy(z=-3.8),0.47094959995923275,False
train/Malignant/ACRIN-6698-973837/p-062,Malignant,True,train,3.7999744784964893,aspect_ratio(z=+3.8),0.48015488353830044,False
train/Malignant/ISPY2-155171/p-109,Malignant,True,train,3.7999744784964893,aspect_ratio(z=+3.8),0.46370386013724624,False
train/Malignant/ACRIN-6698-506623/p-068,Malignant,True,train,3.7997809146544865,hf_energy_frac(z=+3.8),0.4981342813045884,False
train/Malignant/ISPY2-845663/p-050,Malignant,True,train,3.7978252593155597,aspect_ratio(z=+3.8),0.4699087425165295,False
val/Malignant/ISPY2-282644/p-051,Malignant,True,val,3.7977681650984056,dynamic_range(z=-3.8),0.4903112641348894,False
train/Malignant/ISPY2-598798/p-033,Malignant,True,train,3.797348219620642,sharpness_lapvar(z=+3.8),0.5732822728961768,False
train/Malignant/ISPY2-932200/p-039,Malignant,True,train,3.7970774195069197,snr(z=+3.8),0.507869834770758,False
train/Malignant/ISPY2-832056/p-088,Malignant,True,train,3.793869213624843,hf_energy_frac(z=+3.8),0.47692253478307467,False
train/Malignant/ISPY2-266509/p-052,Malignant,True,train,3.7925805759154056,dynamic_range(z=-3.8),0.49876641918618564,False
train/Malignant/ACRIN-6698-783764/p-043,Malignant,True,train,3.7925798634323424,"contrast(z=-3.6),entropy(z=-3.7),dynamic_range(z=-3.8)",0.6283547857165126,True
train/Malignant/ISPY2-380972/p-022,Malignant,True,train,3.7919583253361377,snr(z=+3.8),0.5078764409205577,False
train/Malignant/ISPY2-598798/p-036,Malignant,True,train,3.791837685348333,sharpness_lapvar(z=+3.8),0.6062100113916529,True
train/Malignant/ISPY2-166782/p-048,Malignant,True,train,3.7911915439843695,hf_energy_frac(z=+3.8),0.5381714776735115,False
train/Malignant/ISPY2-627981/p-114,Malignant,True,train,3.7901954360060763,"sharpness_lapvar(z=+3.8),noise_sigma(z=+3.4)",0.5370619062339064,False
train/Malignant/ACRIN-6698-753109/p-075,Malignant,True,train,3.7883018695699553,entropy(z=-3.8),0.5187230202577929,False
val/Malignant/ISPY2-157463/p-037,Malignant,True,val,3.78758758013058,"dynamic_range(z=-3.7),snr(z=+3.8)",0.5519221401749095,False
train/Malignant/ACRIN-6698-165925/p-008,Malignant,True,train,3.7873929867324057,dynamic_range(z=-3.8),0.526779552087854,False
train/Malignant/ISPY2-473365/p-008,Malignant,True,train,3.7873929867324057,dynamic_range(z=-3.8),0.5436775491645053,False
val/Malignant/ISPY2-318293/p-048,Malignant,True,val,3.787347374899015,"sharpness_lapvar(z=+3.8),noise_sigma(z=+3.0)",0.5486832887146021,False
train/Malignant/ISPY2-791321/p-086,Malignant,True,train,3.7870982160421383,entropy(z=-3.8),0.49026026927126465,False
train/Malignant/ISPY2-601489/p-047,Malignant,True,train,3.7860976568660334,width(z=+3.8),0.5224593938638514,False
train/Malignant/ISPY2-601489/p-046,Malignant,True,train,3.7860976568660334,width(z=+3.8),0.5221060245436856,False
train/Malignant/ISPY2-601489/p-101,Malignant,True,train,3.7860976568660334,width(z=+3.8),0.5264735520026408,False
train/Malignant/ISPY2-781335/p-051,Malignant,True,train,3.7860976568660334,width(z=+3.8),0.49489255433726115,False
train/Malignant/ISPY2-781335/p-047,Malignant,True,train,3.7860976568660334,width(z=+3.8),0.49924356461411235,False
train/Malignant/ISPY2-781335/p-048,Malignant,True,train,3.7860976568660334,width(z=+3.8),0.49878005527276603,False
train/Malignant/ISPY2-781335/p-046,Malignant,True,train,3.7860976568660334,width(z=+3.8),0.4993067125399136,False
train/Malignant/ISPY2-781335/p-050,Malignant,True,train,3.7860976568660334,width(z=+3.8),0.4954728388061835,False
train/Malignant/ISPY2-781335/p-052,Malignant,True,train,3.7860976568660334,width(z=+3.8),0.4970052725287449,False
train/Malignant/ISPY2-781335/p-045,Malignant,True,train,3.7860976568660334,width(z=+3.8),0.4915077380036038,False
train/Malignant/ISPY2-349639/p-112,Malignant,True,train,3.7853617252050245,"sharpness_lapvar(z=+3.2),noise_sigma(z=+3.1),hf_energy_frac(z=+3.8)",0.5387357599931404,False
train/Malignant/ISPY2-590299/p-096,Malignant,True,train,3.785288147426796,aspect_ratio(z=+3.8),0.5030180344096954,False
train/Malignant/ACRIN-6698-962153/p-096,Malignant,True,train,3.785288147426796,aspect_ratio(z=+3.8),0.4804320836062959,False
train/Malignant/ACRIN-6698-863161/p-072,Malignant,True,train,3.7827775267603485,sharpness_lapvar(z=+3.8),0.5048446282065431,False
train/Malignant/ISPY2-363669/p-041,Malignant,True,train,3.7822046850663424,dynamic_range(z=-3.8),0.4936818005747879,False
train/Malignant/ISPY2-756412/p-030,Malignant,True,train,3.7822046850663424,dynamic_range(z=-3.8),0.5479048870709726,False
train/Malignant/ISPY2-461824/p-032,Malignant,True,train,3.7822046850663424,dynamic_range(z=-3.8),0.5589790697270454,False
train/Malignant/ISPY2-568953/p-034,Malignant,True,train,3.7822046850663424,dynamic_range(z=-3.8),0.5005448397254718,False
train/Malignant/ISPY2-112606/p-062,Malignant,True,train,3.7822046850663424,dynamic_range(z=-3.8),0.5329677437594578,False
train/Malignant/ACRIN-6698-218503/p-020,Malignant,True,train,3.7822039725832792,dynamic_range(z=-3.8),0.5031447673092169,False
train/Malignant/ISPY2-831702/p-049,Malignant,True,train,3.7821992789040686,hf_energy_frac(z=+3.8),0.5108157286462457,False
train/Malignant/ISPY2-473505/p-057,Malignant,True,train,3.781560749795763,hf_energy_frac(z=+3.8),0.527333446543629,False
train/Malignant/ACRIN-6698-775346/p-037,Malignant,True,train,3.781079180685559,snr(z=+3.8),0.47994872556340773,False
train/Malignant/ISPY2-640463/p-068,Malignant,True,train,3.7792727698591775,"sharpness_lapvar(z=+3.8),noise_sigma(z=+3.2)",0.4955498093623119,False
train/Malignant/ISPY2-218249/p-068,Malignant,True,train,3.778560499653921,sharpness_lapvar(z=+3.8),0.586681866112004,True
train/Malignant/ISPY2-493519/p-057,Malignant,True,train,3.777852918739272,hf_energy_frac(z=+3.8),0.5259765378235535,False
train/Malignant/ISPY2-515105/p-096,Malignant,True,train,3.7776914667867234,hf_energy_frac(z=+3.8),0.49524439767618317,False
val/Malignant/ISPY2-353318/p-030,Malignant,True,val,3.7776569481141853,snr(z=+3.8),0.5330197765129545,False
train/Malignant/ACRIN-6698-317641/p-043,Malignant,True,train,3.7776007423135325,snr(z=+3.8),0.48788969669031124,False
train/Malignant/ACRIN-6698-102212/p-018,Malignant,True,train,3.776121450995442,snr(z=+3.8),0.5504420695091619,False
train/Malignant/ISPY2-832056/p-076,Malignant,True,train,3.775601279350893,hf_energy_frac(z=+3.8),0.4705701791054175,False
train/Malignant/ACRIN-6698-520471/p-098,Malignant,True,train,3.7751011200242375,sharpness_lapvar(z=+3.8),0.5543784472656103,False
val/Malignant/ISPY2-896939/p-053,Malignant,True,val,3.774895103024988,hf_energy_frac(z=+3.8),0.539142542200657,False
train/Malignant/ACRIN-6698-317402/p-034,Malignant,True,train,3.7719836147365537,snr(z=+3.8),0.5510354376432662,False
train/Malignant/ISPY2-575372/p-065,Malignant,True,train,3.7718280817342165,dynamic_range(z=-3.8),0.5040522047765209,False
train/Malignant/ISPY2-233832/p-031,Malignant,True,train,3.7718280817342165,dynamic_range(z=-3.8),0.5809695149799212,True
train/Malignant/ACRIN-6698-899692/p-040,Malignant,True,train,3.7718280817342165,dynamic_range(z=-3.8),0.5064669948583266,False
train/Malignant/ISPY2-876511/p-056,Malignant,True,train,3.77168254628302,hf_energy_frac(z=+3.8),0.49752882835702394,False
train/Malignant/ISPY2-840501/p-105,Malignant,True,train,3.7705470489908626,hf_energy_frac(z=+3.8),0.47940408912021776,False
train/Malignant/ISPY2-596079/p-102,Malignant,True,train,3.7705348154031513,hf_energy_frac(z=+3.8),0.5537546687284959,False
train/Malignant/ISPY2-301968/p-070,Malignant,True,train,3.7694719820073845,entropy(z=-3.8),0.46257879176125344,False
val/Malignant/ISPY2-199960/p-115,Malignant,True,val,3.768706805896497,aspect_ratio(z=+3.8),0.46482695813632413,False
train/Malignant/ISPY2-414286/p-093,Malignant,True,train,3.7685575206861057,hf_energy_frac(z=+3.8),0.47851719262914927,False
train/Malignant/ISPY2-318438/p-103,Malignant,True,train,3.768212952183851,"sharpness_lapvar(z=+3.8),noise_sigma(z=+3.6)",0.5149581051785018,False
train/Malignant/ISPY2-515105/p-102,Malignant,True,train,3.7675843674159015,hf_energy_frac(z=+3.8),0.5221369981282638,False
train/Malignant/ISPY2-836983/p-057,Malignant,True,train,3.7673130546088487,sharpness_lapvar(z=+3.8),0.4913729742140913,False
train/Malignant/ACRIN-6698-863161/p-075,Malignant,True,train,3.7667879019163544,sharpness_lapvar(z=+3.8),0.49589088979774537,False
train/Malignant/ISPY2-573881/p-071,Malignant,True,train,3.766178112964681,sharpness_lapvar(z=+3.8),0.47806309395592667,False
train/Malignant/ISPY2-303947/p-115,Malignant,True,train,3.765527535454368,"sharpness_lapvar(z=+3.8),noise_sigma(z=+3.3)",0.5213370138227164,False
train/Malignant/ISPY2-836983/p-067,Malignant,True,train,3.7654597244756283,"sharpness_lapvar(z=+3.8),noise_sigma(z=+3.3)",0.4966021353237786,False
train/Malignant/ISPY2-934459/p-017,Malignant,True,train,3.7646733147025975,hf_energy_frac(z=+3.8),0.5167577758793709,False
train/Malignant/ISPY2-791321/p-085,Malignant,True,train,3.763862653060722,entropy(z=-3.8),0.4979220334576462,False
train/Malignant/ACRIN-6698-571995/p-053,Malignant,True,train,3.761984955097237,snr(z=+3.8),0.48925140694338554,False
train/Malignant/ACRIN-6698-943633/p-050,Malignant,True,train,3.76145147840209,dynamic_range(z=-3.8),0.5562417873762794,False
train/Malignant/ISPY2-439489/p-019,Malignant,True,train,3.76145147840209,dynamic_range(z=-3.8),0.4923178369123934,False
train/Malignant/ISPY2-601489/p-097,Malignant,True,train,3.760591466114101,width(z=+3.8),0.5216930686217677,False
train/Malignant/ISPY2-781335/p-053,Malignant,True,train,3.760591466114101,width(z=+3.8),0.49217589396227046,False
train/Malignant/ISPY2-781335/p-059,Malignant,True,train,3.760591466114101,width(z=+3.8),0.4903866988199067,False
train/Malignant/ISPY2-781335/p-058,Malignant,True,train,3.760591466114101,width(z=+3.8),0.4907004355353717,False
train/Malignant/ISPY2-781335/p-054,Malignant,True,train,3.760591466114101,width(z=+3.8),0.4952384085450665,False
train/Malignant/ISPY2-781335/p-057,Malignant,True,train,3.760591466114101,width(z=+3.8),0.4907004355353717,False
train/Malignant/ISPY2-781335/p-055,Malignant,True,train,3.760591466114101,width(z=+3.8),0.4912461478848716,False
train/Malignant/ISPY2-781335/p-049,Malignant,True,train,3.760591466114101,width(z=+3.8),0.49764470899214996,False
train/Malignant/ISPY2-781335/p-056,Malignant,True,train,3.760591466114101,width(z=+3.8),0.4940291235479816,False
train/Malignant/ISPY2-601489/p-048,Malignant,True,train,3.760591466114101,width(z=+3.8),0.5221060245436856,False
train/Malignant/ISPY2-601489/p-049,Malignant,True,train,3.760591466114101,width(z=+3.8),0.5221060245436856,False
train/Malignant/ISPY2-349639/p-120,Malignant,True,train,3.7598940556747924,hf_energy_frac(z=+3.8),0.5380110871999075,False
train/Malignant/ISPY2-451482/p-069,Malignant,True,train,3.758297451028428,"sharpness_lapvar(z=+3.2),noise_sigma(z=+3.8)",0.5753112781899087,False
train/Malignant/ISPY2-350331/p-057,Malignant,True,train,3.7564660345930077,entropy(z=-3.8),0.4860505587530566,False
train/Malignant/ISPY2-116165/p-026,Malignant,True,train,3.75626388921909,dynamic_range(z=-3.8),0.551842202273301,False
train/Malignant/ACRIN-6698-987914/p-030,Malignant,True,train,3.756263176736027,dynamic_range(z=-3.8),0.4564160667259877,False
train/Malignant/ISPY2-155171/p-108,Malignant,True,train,3.7559154852874097,aspect_ratio(z=+3.8),0.47091108259494685,False
train/Malignant/ISPY2-132463/p-071,Malignant,True,train,3.754434024383984,entropy(z=-3.8),0.4783119053931067,False
train/Malignant/ACRIN-6698-894673/p-105,Malignant,True,train,3.7531558557617712,sharpness_lapvar(z=+3.8),0.5305050758742424,False
train/Malignant/ISPY2-836983/p-064,Malignant,True,train,3.752108099661698,"sharpness_lapvar(z=+3.8),noise_sigma(z=+3.2)",0.512272229359324,False
train/Malignant/ISPY2-182346/p-050,Malignant,True,train,3.7516516173228225,"sharpness_lapvar(z=+3.0),noise_sigma(z=+3.1),hf_energy_frac(z=+3.8)",0.5719700007851187,False
train/Malignant/ISPY2-318438/p-080,Malignant,True,train,3.7515197247033107,sharpness_lapvar(z=+3.8),0.5338773112478458,False
train/Malignant/ACRIN-6698-895653/p-052,Malignant,True,train,3.751075587553027,dynamic_range(z=-3.8),0.46275013832581635,False
train/Malignant/ISPY2-196024/p-019,Malignant,True,train,3.751074875069964,"dynamic_range(z=-3.8),aspect_ratio(z=+3.5)",0.5284657939021764,False
train/Malignant/ISPY2-804233/p-037,Malignant,True,train,3.751074875069964,dynamic_range(z=-3.8),0.48749029360017765,False
train/Malignant/ACRIN-6698-384830/p-034,Malignant,True,train,3.751074875069964,dynamic_range(z=-3.8),0.5408331114225123,False
train/Malignant/ISPY2-485637/p-170,Malignant,True,train,3.7502661564460626,"sharpness_lapvar(z=+3.5),hf_energy_frac(z=+3.8)",0.5445151742431033,False
train/Malignant/ISPY2-994987/p-035,Malignant,True,train,3.749507530104255,snr(z=+3.7),0.5177527311126714,False
train/Malignant/ISPY2-303947/p-120,Malignant,True,train,3.747617279355397,"sharpness_lapvar(z=+3.7),noise_sigma(z=+3.2)",0.5307096837330875,False
val/Malignant/ISPY2-282644/p-050,Malignant,True,val,3.745887285886964,dynamic_range(z=-3.7),0.4817067739234452,False
train/Malignant/ISPY2-342142/p-041,Malignant,True,train,3.745887285886964,"dynamic_range(z=-3.7),snr(z=+3.2)",0.5345304594710482,False
train/Malignant/ACRIN-6698-218503/p-022,Malignant,True,train,3.745887285886964,dynamic_range(z=-3.7),0.48835386823827126,False
train/Malignant/ACRIN-6698-901705/p-053,Malignant,True,train,3.7457480253160833,aspect_ratio(z=+3.7),0.505388191076464,False
train/Malignant/ACRIN-6698-971492/p-015,Malignant,True,train,3.7457480253160833,aspect_ratio(z=+3.7),0.4692738065723314,False
train/Malignant/ISPY2-418593/p-101,Malignant,True,train,3.7454317906195147,hf_energy_frac(z=+3.7),0.4902509262571835,False
train/Malignant/ISPY2-832056/p-064,Malignant,True,train,3.74533074122985,hf_energy_frac(z=+3.7),0.4699751207149143,False
train/Malignant/ACRIN-6698-547892/p-038,Malignant,True,train,3.7436346525993005,entropy(z=-3.7),0.49661349859662424,False
train/Malignant/ACRIN-6698-629606/p-091,Malignant,True,train,3.7433329511272126,sharpness_lapvar(z=+3.7),0.47948649719336617,False
train/Malignant/ISPY2-567907/p-058,Malignant,True,train,3.742411303745209,entropy(z=-3.7),0.47064531833370965,False
train/Malignant/ISPY2-515105/p-014,Malignant,True,train,3.741764963075018,hf_energy_frac(z=+3.7),0.5077196764134561,False
train/Malignant/ISPY2-605713/p-064,Malignant,True,train,3.740843055099779,snr(z=+3.7),0.47255819043136504,False
train/Malignant/ISPY2-141782/p-082,Malignant,True,train,3.740699696703964,dynamic_range(z=-3.7),0.5900418790651716,True
train/Malignant/ACRIN-6698-688955/p-028,Malignant,True,train,3.740698984220901,dynamic_range(z=-3.7),0.4779754369222669,False
train/Malignant/ISPY2-342142/p-043,Malignant,True,train,3.740698984220901,dynamic_range(z=-3.7),0.5295565594011912,False
train/Malignant/ISPY2-436371/p-037,Malignant,True,train,3.740698984220901,dynamic_range(z=-3.7),0.5003094599157598,False
train/Malignant/ISPY2-264678/p-052,Malignant,True,train,3.739336031779962,hf_energy_frac(z=+3.7),0.48680791337990326,False
train/Malignant/ISPY2-640463/p-044,Malignant,True,train,3.7385313506625253,hf_energy_frac(z=+3.7),0.5136714643166753,False
train/Malignant/ISPY2-349639/p-113,Malignant,True,train,3.737926401533893,"sharpness_lapvar(z=+3.1),hf_energy_frac(z=+3.7)",0.5344658659682349,False
train/Malignant/ISPY2-573881/p-061,Malignant,True,train,3.7363861497337805,sharpness_lapvar(z=+3.7),0.5288948104038983,False
val/Malignant/ISPY2-282644/p-048,Malignant,True,val,3.735511395037901,dynamic_range(z=-3.7),0.4709611395149382,False
train/Malignant/ACRIN-6698-188700/p-058,Malignant,True,train,3.735511395037901,dynamic_range(z=-3.7),0.4861171213639157,False
train/Malignant/ACRIN-6698-384830/p-036,Malignant,True,train,3.7355106825548376,dynamic_range(z=-3.7),0.5291164899213331,False
train/Malignant/ACRIN-6698-584561/p-059,Malignant,True,train,3.7355106825548376,dynamic_range(z=-3.7),0.5698732620521235,False
train/Malignant/ISPY2-781335/p-061,Malignant,True,train,3.7350852753621684,width(z=+3.7),0.4822551985532446,False
train/Malignant/ISPY2-781335/p-060,Malignant,True,train,3.7350852753621684,width(z=+3.7),0.48606838523469426,False
train/Malignant/ISPY2-781335/p-043,Malignant,True,train,3.7350852753621684,width(z=+3.7),0.4956802755086056,False
train/Malignant/ISPY2-781335/p-044,Malignant,True,train,3.7350852753621684,width(z=+3.7),0.4924527682006009,False
train/Malignant/ISPY2-601489/p-045,Malignant,True,train,3.7350852753621684,width(z=+3.7),0.5184360040643565,False
train/Malignant/ISPY2-601489/p-042,Malignant,True,train,3.7350852753621684,width(z=+3.7),0.515785542151441,False
train/Malignant/ISPY2-781335/p-063,Malignant,True,train,3.7350852753621684,width(z=+3.7),0.49360299672093577,False
train/Malignant/ISPY2-601489/p-041,Malignant,True,train,3.7350852753621684,width(z=+3.7),0.515785542151441,False
train/Malignant/ISPY2-601489/p-102,Malignant,True,train,3.7350852753621684,width(z=+3.7),0.5247215433307708,False
train/Malignant/ISPY2-781335/p-062,Malignant,True,train,3.7350852753621684,width(z=+3.7),0.495656534879499,False
train/Malignant/ISPY2-418593/p-100,Malignant,True,train,3.7348022172307727,hf_energy_frac(z=+3.7),0.4926474356153882,False
train/Malignant/ISPY2-485637/p-136,Malignant,True,train,3.7345727375825732,"sharpness_lapvar(z=+3.1),hf_energy_frac(z=+3.7)",0.511270887886381,False
train/Malignant/ISPY2-759015/p-021,Malignant,True,train,3.7344149311667683,snr(z=+3.7),0.48189463168061747,False
train/Malignant/ISPY2-607047/p-035,Malignant,True,train,3.7343618523359545,hf_energy_frac(z=+3.7),0.503426740236651,False
train/Malignant/ISPY2-573586/p-116,Malignant,True,train,3.7338859886828697,aspect_ratio(z=+3.7),0.513751181081732,False
train/Malignant/ISPY2-212307/p-051,Malignant,True,train,3.7322609793586023,"sharpness_lapvar(z=+3.3),noise_sigma(z=+3.7),hf_energy_frac(z=+3.4)",0.5491945159427182,False
train/Malignant/ACRIN-6698-786753/p-058,Malignant,True,train,3.731624527891518,hf_energy_frac(z=+3.7),0.4817132622163181,False
train/Malignant/ACRIN-6698-775346/p-023,Malignant,True,train,3.730604999826875,aspect_ratio(z=+3.7),0.5174911241804732,False
train/Malignant/ISPY2-605713/p-062,Malignant,True,train,3.7304430731265836,snr(z=+3.7),0.4828340387138442,False
train/Malignant/ISPY2-944536/p-037,Malignant,True,train,3.7303230933718377,dynamic_range(z=-3.7),0.546319767676841,False
train/Malignant/ISPY2-202956/p-027,Malignant,True,train,3.7303230933718377,dynamic_range(z=-3.7),0.4777922437553932,False
train/Malignant/ISPY2-892390/p-038,Malignant,True,train,3.7293451420949304,hf_energy_frac(z=+3.7),0.4581001147296335,False
train/Malignant/ISPY2-350331/p-047,Malignant,True,train,3.7289224455945567,entropy(z=-3.7),0.5064024817935507,False
train/Malignant/ISPY2-318438/p-074,Malignant,True,train,3.7280204163566477,sharpness_lapvar(z=+3.7),0.5419092722700689,False
train/Malignant/ISPY2-676630/p-082,Malignant,True,train,3.72789522630844,entropy(z=-3.7),0.49421651652412874,False
train/Malignant/ISPY2-132463/p-070,Malignant,True,train,3.7270212911093057,entropy(z=-3.7),0.4742300040851779,False
train/Malignant/ISPY2-640463/p-090,Malignant,True,train,3.7265270452534285,sharpness_lapvar(z=+3.7),0.48629154351557563,False
train/Malignant/ISPY2-676630/p-085,Malignant,True,train,3.726163219596865,entropy(z=-3.7),0.516483165052392,False
train/Malignant/ISPY2-540539/p-112,Malignant,True,train,3.725741684965164,hf_energy_frac(z=+3.7),0.5012300458326682,False
train/Malignant/ACRIN-6698-899692/p-022,Malignant,True,train,3.7251347917057744,dynamic_range(z=-3.7),0.4980954279592054,False
train/Malignant/ACRIN-6698-384830/p-041,Malignant,True,train,3.7251347917057744,dynamic_range(z=-3.7),0.49738465006638893,False
train/Malignant/ACRIN-6698-412772/p-038,Malignant,True,train,3.7251347917057744,dynamic_range(z=-3.7),0.500678058397122,False
train/Malignant/ISPY2-182346/p-115,Malignant,True,train,3.725070028446583,hf_energy_frac(z=+3.7),0.49793545189121957,False
train/Malignant/ISPY2-255078/p-066,Malignant,True,train,3.724815019492765,aspect_ratio(z=+3.7),0.4619597760173731,False
train/Malignant/ISPY2-255078/p-067,Malignant,True,train,3.724815019492765,aspect_ratio(z=+3.7),0.4656278678158356,False
train/Malignant/ISPY2-836983/p-066,Malignant,True,train,3.7243071279494284,"sharpness_lapvar(z=+3.7),noise_sigma(z=+3.3)",0.49779453866381346,False
train/Malignant/ISPY2-451482/p-076,Malignant,True,train,3.7229020182483317,"sharpness_lapvar(z=+3.3),noise_sigma(z=+3.7)",0.5771495898456371,False
train/Malignant/ISPY2-804233/p-031,Malignant,True,train,3.7210704548016365,"dynamic_range(z=-3.6),snr(z=+3.7)",0.5461714557392955,False
train/Malignant/ISPY2-894128/p-084,Malignant,True,train,3.7199464900397117,dynamic_range(z=-3.7),0.560534178461239,False
train/Malignant/ACRIN-6698-748583/p-036,Malignant,True,train,3.7199464900397117,dynamic_range(z=-3.7),0.482014940741935,False
train/Malignant/ISPY2-865416/p-055,Malignant,True,train,3.7198219304069244,hf_energy_frac(z=+3.7),0.5055600195079691,False
train/Malignant/ISPY2-349639/p-115,Malignant,True,train,3.7196928339106856,"sharpness_lapvar(z=+3.2),noise_sigma(z=+3.1),hf_energy_frac(z=+3.7)",0.5625610449359529,False
val/Malignant/ISPY2-318293/p-044,Malignant,True,val,3.71951294273824,"sharpness_lapvar(z=+3.7),noise_sigma(z=+3.1)",0.5095488551877185,False
train/Malignant/ISPY2-640463/p-085,Malignant,True,train,3.7167622643149323,sharpness_lapvar(z=+3.7),0.519704947738593,False
train/Malignant/ISPY2-836983/p-033,Malignant,True,train,3.7155503342663314,"sharpness_lapvar(z=+3.7),noise_sigma(z=+3.0)",0.4977390293958667,False
train/Malignant/ISPY2-132463/p-080,Malignant,True,train,3.715059846579429,entropy(z=-3.7),0.4827787948696848,False
train/Malignant/ISPY2-768214/p-046,Malignant,True,train,3.7147581883736485,dynamic_range(z=-3.7),0.5429228081870596,False
train/Malignant/ISPY2-250274/p-031,Malignant,True,train,3.7147581883736485,dynamic_range(z=-3.7),0.4859713094253444,False
train/Malignant/ACRIN-6698-383456/p-042,Malignant,True,train,3.7147581883736485,dynamic_range(z=-3.7),0.5211158709149671,False
train/Malignant/ACRIN-6698-688955/p-029,Malignant,True,train,3.7147581883736485,dynamic_range(z=-3.7),0.45702292658813487,False
train/Malignant/ACRIN-6698-711476/p-051,Malignant,True,train,3.7147581883736485,dynamic_range(z=-3.7),0.5029398860591208,False
train/Malignant/ISPY2-797499/p-045,Malignant,True,train,3.7147581883736485,dynamic_range(z=-3.7),0.4874899577096023,False
train/Malignant/ISPY2-572444/p-084,Malignant,True,train,3.7134345759638854,"sharpness_lapvar(z=+3.2),noise_sigma(z=+3.7)",0.5583319954750388,False
train/Malignant/ISPY2-836983/p-035,Malignant,True,train,3.712427460245431,"sharpness_lapvar(z=+3.7),noise_sigma(z=+3.0)",0.4997381896605057,False
train/Malignant/ISPY2-318438/p-067,Malignant,True,train,3.7120894250656993,sharpness_lapvar(z=+3.7),0.5045948287512546,False
train/Malignant/ISPY2-564234/p-110,Malignant,True,train,3.7118564920783297,aspect_ratio(z=+3.7),0.49082723361335345,False
train/Malignant/ACRIN-6698-711476/p-053,Malignant,True,train,3.711230201682631,entropy(z=-3.7),0.4927610368384457,False
train/Malignant/ISPY2-781335/p-065,Malignant,True,train,3.709579084610236,width(z=+3.7),0.49705064342708666,False
train/Malignant/ISPY2-781335/p-064,Malignant,True,train,3.709579084610236,width(z=+3.7),0.4929932871416002,False
train/Malignant/ISPY2-559021/p-066,Malignant,True,train,3.709579084610236,width(z=+3.7),0.48634871437080446,False
train/Malignant/ISPY2-559021/p-055,Malignant,True,train,3.709579084610236,width(z=+3.7),0.5011270305592981,False
train/Malignant/ISPY2-559021/p-064,Malignant,True,train,3.709579084610236,width(z=+3.7),0.48828322047480455,False
train/Malignant/ISPY2-559021/p-063,Malignant,True,train,3.709579084610236,width(z=+3.7),0.5040265042121373,False
train/Malignant/ISPY2-559021/p-054,Malignant,True,train,3.709579084610236,width(z=+3.7),0.5012136970708387,False
train/Malignant/ISPY2-601489/p-043,Malignant,True,train,3.709579084610236,width(z=+3.7),0.5174310367999384,False
train/Malignant/ISPY2-781335/p-066,Malignant,True,train,3.709579084610236,width(z=+3.7),0.49268254909901976,False
train/Malignant/ISPY2-601489/p-044,Malignant,True,train,3.709579084610236,width(z=+3.7),0.5176940015406545,False
train/Malignant/ISPY2-559021/p-058,Malignant,True,train,3.709579084610236,width(z=+3.7),0.5018463452797269,False
train/Malignant/ISPY2-559021/p-065,Malignant,True,train,3.709579084610236,width(z=+3.7),0.48607701116556734,False
train/Malignant/ISPY2-781335/p-042,Malignant,True,train,3.709579084610236,width(z=+3.7),0.4914135718799306,False
train/Malignant/ISPY2-601489/p-103,Malignant,True,train,3.709579084610236,width(z=+3.7),0.521744545844114,False
train/Malignant/ISPY2-601489/p-104,Malignant,True,train,3.709579084610236,width(z=+3.7),0.5186907450045558,False
train/Malignant/ACRIN-6698-384830/p-042,Malignant,True,train,3.7095698867075853,dynamic_range(z=-3.7),0.49927053373677666,False
train/Malignant/ACRIN-6698-317641/p-050,Malignant,True,train,3.709504099664818,snr(z=+3.7),0.49268190669120276,False
train/Malignant/ACRIN-6698-571995/p-049,Malignant,True,train,3.709323859401422,snr(z=+3.7),0.5050244079457418,False
train/Malignant/ISPY2-679787/p-139,Malignant,True,train,3.7090147482440097,hf_energy_frac(z=+3.7),0.4837302508968821,False
train/Malignant/ISPY2-685753/p-045,Malignant,True,train,3.708805625280897,entropy(z=-3.7),0.5213046942353021,False
train/Malignant/ISPY2-836983/p-052,Malignant,True,train,3.708280793402658,sharpness_lapvar(z=+3.7),0.4770422102044271,False
train/Malignant/ISPY2-701790/p-064,Malignant,True,train,3.7076013609523897,entropy(z=-3.7),0.550450757505624,False
train/Malignant/ISPY2-953262/p-090,Malignant,True,train,3.7049774300097735,sharpness_lapvar(z=+3.7),0.5420956837688397,False
val/Malignant/ISPY2-199960/p-096,Malignant,True,val,3.7049722743894113,aspect_ratio(z=+3.7),0.5185053146720099,False
train/Malignant/ISPY2-167271/p-054,Malignant,True,train,3.704381585041522,dynamic_range(z=-3.7),0.5191804723870149,False
train/Malignant/ISPY2-833536/p-076,Malignant,True,train,3.7043256896362995,hf_energy_frac(z=+3.7),0.4879309241367457,False
train/Malignant/ISPY2-836983/p-058,Malignant,True,train,3.7039934060325757,sharpness_lapvar(z=+3.7),0.5016657622027253,False
train/Malignant/ISPY2-824512/p-062,Malignant,True,train,3.7025097819380486,"entropy(z=-3.0),hf_energy_frac(z=+3.7)",0.5725077175967509,False
train/Malignant/ISPY2-122795/p-043,Malignant,True,train,3.7012069395701155,entropy(z=-3.7),0.5363048742465124,False
val/Malignant/ACRIN-6698-375954/p-117,Malignant,True,val,3.701022941096802,hf_energy_frac(z=+3.7),0.5452518957435898,False
train/Malignant/ISPY2-567907/p-040,Malignant,True,train,3.6998908948057396,entropy(z=-3.7),0.5095134383755225,False
train/Malignant/ISPY2-218249/p-058,Malignant,True,train,3.69940009665481,hf_energy_frac(z=+3.7),0.5164333140974043,False
train/Malignant/ISPY2-746265/p-059,Malignant,True,train,3.6991947083415853,dynamic_range(z=-3.7),0.48869805424981066,False
val/Malignant/ISPY2-157463/p-045,Malignant,True,val,3.699193995858522,"dynamic_range(z=-3.7),snr(z=+3.2)",0.5498278908116608,False
train/Malignant/ISPY2-836983/p-062,Malignant,True,train,3.6991798462560332,sharpness_lapvar(z=+3.7),0.4851307692964759,False
train/Malignant/ISPY2-282082/p-112,Malignant,True,train,3.6976951002463347,hf_energy_frac(z=+3.7),0.4837050369171223,False
train/Malignant/ISPY2-640463/p-046,Malignant,True,train,3.6975934514405235,hf_energy_frac(z=+3.7),0.5405749785037751,False
train/Malignant/ACRIN-6698-571995/p-061,Malignant,True,train,3.696466116862873,snr(z=+3.7),0.5241803903204783,False
train/Malignant/ISPY2-607047/p-051,Malignant,True,train,3.6949076655329924,hf_energy_frac(z=+3.7),0.5104886677044016,False
train/Malignant/ACRIN-6698-663144/p-034,Malignant,True,train,3.6945784555257495,aspect_ratio(z=+3.7),0.47684130827802973,False
train/Malignant/ISPY2-182346/p-098,Malignant,True,train,3.6945784555257495,aspect_ratio(z=+3.7),0.497629783679141,False
train/Malignant/ISPY2-318438/p-077,Malignant,True,train,3.694272472794618,sharpness_lapvar(z=+3.7),0.520919655067339,False
val/Malignant/ISPY2-542392/p-095,Malignant,True,val,3.6941071270625137,hf_energy_frac(z=+3.7),0.5634425242587049,False
train/Malignant/ISPY2-188511/p-093,Malignant,True,train,3.693578557440749,"sharpness_lapvar(z=+3.7),noise_sigma(z=+3.4)",0.5154867215418399,False
train/Malignant/ISPY2-627981/p-127,Malignant,True,train,3.693472412633715,"sharpness_lapvar(z=+3.1),noise_sigma(z=+3.7)",0.5459027515606935,False
train/Malignant/ISPY2-115638/p-110,Malignant,True,train,3.693276666562126,hf_energy_frac(z=+3.7),0.5035438005966382,False
train/Malignant/ISPY2-605713/p-060,Malignant,True,train,3.6895680171613963,snr(z=+3.7),0.4788107988685431,False
train/Malignant/ISPY2-836983/p-059,Malignant,True,train,3.6889709798853403,sharpness_lapvar(z=+3.7),0.4927445715904617,False
train/Malignant/ISPY2-999264/p-015,Malignant,True,train,3.6888181050094593,dynamic_range(z=-3.7),0.48730933204003646,False
train/Malignant/ISPY2-442669/p-025,Malignant,True,train,3.6888181050094593,dynamic_range(z=-3.7),0.5159264670878206,False
train/Malignant/ACRIN-6698-688955/p-026,Malignant,True,train,3.688817392526396,dynamic_range(z=-3.7),0.489316238651821,False
train/Malignant/ISPY2-141782/p-110,Malignant,True,train,3.6870155452322697,noise_sigma(z=+3.7),0.5368231731078384,False
train/Malignant/ACRIN-6698-755914/p-091,Malignant,True,train,3.686949788720667,snr(z=+3.7),0.4990516300563836,False
train/Malignant/ISPY2-994987/p-041,Malignant,True,train,3.68649230697851,"entropy(z=-3.6),snr(z=+3.7)",0.5339521835845911,False
train/Malignant/ISPY2-141782/p-117,Malignant,True,train,3.6857711867463743,noise_sigma(z=+3.7),0.5480465551664419,False
train/Malignant/ISPY2-350331/p-027,Malignant,True,train,3.685567218158533,"entropy(z=-3.7),noise_sigma(z=+3.2)",0.6017313708105987,True
train/Malignant/ISPY2-769972/p-027,Malignant,True,train,3.6855413360625966,snr(z=+3.7),0.528811181579794,False
train/Malignant/ISPY2-128051/p-065,Malignant,True,train,3.6844695454443297,entropy(z=-3.7),0.4869318717704062,False
train/Malignant/ISPY2-836983/p-032,Malignant,True,train,3.6844669032974813,sharpness_lapvar(z=+3.7),0.4989708330126063,False
train/Malignant/ISPY2-781335/p-068,Malignant,True,train,3.684072893858304,width(z=+3.7),0.4836021508501488,False
train/Malignant/ISPY2-601489/p-100,Malignant,True,train,3.684072893858304,width(z=+3.7),0.5173254464383049,False
train/Malignant/ISPY2-601489/p-040,Malignant,True,train,3.684072893858304,width(z=+3.7),0.5136222458444277,False
train/Malignant/ISPY2-601489/p-098,Malignant,True,train,3.684072893858304,width(z=+3.7),0.5186632713092483,False
train/Malignant/ISPY2-781335/p-067,Malignant,True,train,3.684072893858304,width(z=+3.7),0.4778990061684035,False
train/Malignant/ISPY2-781335/p-036,Malignant,True,train,3.684072893858304,width(z=+3.7),0.5161135857790016,False
train/Malignant/ISPY2-781335/p-035,Malignant,True,train,3.684072893858304,width(z=+3.7),0.5102285604512437,False
train/Malignant/ISPY2-781335/p-040,Malignant,True,train,3.684072893858304,width(z=+3.7),0.4915954230882125,False
train/Malignant/ISPY2-781335/p-039,Malignant,True,train,3.684072893858304,width(z=+3.7),0.4990987715301395,False
train/Malignant/ISPY2-781335/p-041,Malignant,True,train,3.684072893858304,width(z=+3.7),0.4883296077632758,False
train/Malignant/ISPY2-781335/p-037,Malignant,True,train,3.684072893858304,width(z=+3.7),0.5097252789587303,False
train/Malignant/ISPY2-781335/p-034,Malignant,True,train,3.684072893858304,width(z=+3.7),0.5070783483492524,False
train/Malignant/ISPY2-781335/p-038,Malignant,True,train,3.684072893858304,width(z=+3.7),0.5118298156637794,False
train/Malignant/ISPY2-331192/p-044,Malignant,True,train,3.6840260185710227,hf_energy_frac(z=+3.7),0.4729962668579907,False
train/Malignant/ISPY2-100899/p-037,Malignant,True,train,3.6838527541095423,hf_energy_frac(z=+3.7),0.5348519249652421,False
train/Malignant/ACRIN-6698-188700/p-057,Malignant,True,train,3.683629803343396,dynamic_range(z=-3.7),0.4973030150644266,False
train/Malignant/ISPY2-363669/p-040,Malignant,True,train,3.683629803343396,dynamic_range(z=-3.7),0.516861007234529,False
train/Malignant/ACRIN-6698-895653/p-039,Malignant,True,train,3.683629803343396,dynamic_range(z=-3.7),0.5375113432022803,False
train/Malignant/ACRIN-6698-894673/p-101,Malignant,True,train,3.6823430635501433,"sharpness_lapvar(z=+3.0),hf_energy_frac(z=+3.7)",0.53384537734341,False
train/Malignant/ISPY2-318438/p-076,Malignant,True,train,3.679076695273161,"sharpness_lapvar(z=+3.7),noise_sigma(z=+3.0)",0.5279405448136502,False
train/Malignant/ISPY2-768214/p-058,Malignant,True,train,3.678441501677333,dynamic_range(z=-3.7),0.5222833642899835,False
train/Malignant/ACRIN-6698-580541/p-037,Malignant,True,train,3.678441501677333,"dynamic_range(z=-3.7),aspect_ratio(z=+3.2)",0.5234415861695401,False
train/Malignant/ISPY2-892390/p-039,Malignant,True,train,3.6781953791143494,hf_energy_frac(z=+3.7),0.4562614328886859,False
train/Malignant/ISPY2-746265/p-019,Malignant,True,train,3.677516233442491,snr(z=+3.7),0.5286667209587049,False
train/Malignant/ISPY2-303947/p-119,Malignant,True,train,3.6764249291045563,"sharpness_lapvar(z=+3.7),noise_sigma(z=+3.1)",0.5293018733403587,False
train/Malignant/ISPY2-535415/p-034,Malignant,True,train,3.675338823822808,entropy(z=-3.7),0.5047932438781849,False
train/Malignant/ISPY2-141782/p-111,Malignant,True,train,3.6751835267507005,noise_sigma(z=+3.7),0.5495164534965882,False
train/Malignant/ISPY2-125418/p-066,Malignant,True,train,3.673544324070435,aspect_ratio(z=+3.7),0.46670652888985614,False
train/Malignant/ACRIN-6698-547892/p-046,Malignant,True,train,3.673544324070435,aspect_ratio(z=+3.7),0.5162878723369695,False
train/Malignant/ACRIN-6698-188700/p-062,Malignant,True,train,3.67325320001127,dynamic_range(z=-3.7),0.4989227252889681,False
train/Malignant/ISPY2-568953/p-033,Malignant,True,train,3.67325320001127,dynamic_range(z=-3.7),0.5146014099800881,False
train/Malignant/ACRIN-6698-688955/p-027,Malignant,True,train,3.67325320001127,dynamic_range(z=-3.7),0.4774833255372995,False
train/Malignant/ISPY2-350331/p-058,Malignant,True,train,3.6714931630203185,entropy(z=-3.7),0.48612012629170964,False
train/Malignant/ISPY2-349639/p-110,Malignant,True,train,3.6709745579562414,"sharpness_lapvar(z=+3.7),noise_sigma(z=+3.4)",0.538975547023796,False
train/Malignant/ISPY2-493519/p-061,Malignant,True,train,3.670769994690189,hf_energy_frac(z=+3.7),0.5227255106338979,False
train/Malignant/ACRIN-6698-691753/p-044,Malignant,True,train,3.6689177315846253,entropy(z=-3.7),0.47804487894097736,False
train/Malignant/ISPY2-350331/p-049,Malignant,True,train,3.6684451013956556,entropy(z=-3.7),0.5096530592981168,False
train/Malignant/ISPY2-904269/p-061,Malignant,True,train,3.6684317324561997,snr(z=+3.7),0.5303626000727946,False
train/Malignant/ISPY2-987995/p-115,Malignant,True,train,3.668189141827857,hf_energy_frac(z=+3.7),0.5162667331533621,False
train/Malignant/ISPY2-414286/p-094,Malignant,True,train,3.668100492331994,hf_energy_frac(z=+3.7),0.48277847120566725,False
train/Malignant/ISPY2-689188/p-014,Malignant,True,train,3.668064898345207,"dynamic_range(z=-3.7),snr(z=+3.2)",0.5755083515880728,False
train/Malignant/ISPY2-756412/p-008,Malignant,True,train,3.668064898345207,"dynamic_range(z=-3.7),snr(z=+3.3)",0.5603539231037726,False
train/Malignant/ISPY2-363669/p-038,Malignant,True,train,3.668064898345207,dynamic_range(z=-3.7),0.5002281058759619,False
train/Malignant/ISPY2-461824/p-028,Malignant,True,train,3.668064898345207,"dynamic_range(z=-3.7),snr(z=+3.3)",0.5443021773931286,False
train/Malignant/ACRIN-6698-843554/p-035,Malignant,True,train,3.668064898345207,dynamic_range(z=-3.7),0.5390339152890458,False
val/Malignant/ACRIN-6698-335536/p-011,Malignant,True,val,3.668064898345207,dynamic_range(z=-3.7),0.5262228893264249,False
train/Malignant/ISPY2-141782/p-113,Malignant,True,train,3.667008660919416,"sharpness_lapvar(z=+3.4),noise_sigma(z=+3.7)",0.5836387069392998,True
train/Malignant/ISPY2-141782/p-112,Malignant,True,train,3.664839962662711,"sharpness_lapvar(z=+3.2),noise_sigma(z=+3.7)",0.575769219163877,False
train/Malignant/ACRIN-6698-783764/p-044,Malignant,True,train,3.662877309162207,"contrast(z=-3.6),entropy(z=-3.4),dynamic_range(z=-3.7)",0.618869399807993,True
train/Malignant/ISPY2-177795/p-034,Malignant,True,train,3.6628765966791437,dynamic_range(z=-3.7),0.4750398038126008,False
train/Malignant/ISPY2-202956/p-020,Malignant,True,train,3.6628765966791437,dynamic_range(z=-3.7),0.48488800143061384,False
train/Malignant/ACRIN-6698-943633/p-065,Malignant,True,train,3.6628765966791437,dynamic_range(z=-3.7),0.5674363092452883,False
train/Malignant/ISPY2-116165/p-036,Malignant,True,train,3.6628765966791437,dynamic_range(z=-3.7),0.4906374787446889,False
train/Malignant/ISPY2-116165/p-032,Malignant,True,train,3.6628765966791437,dynamic_range(z=-3.7),0.47787201621028436,False
train/Malignant/ACRIN-6698-323721/p-044,Malignant,True,train,3.6628765966791437,dynamic_range(z=-3.7),0.49712321174037566,False
val/Malignant/ISPY2-318293/p-045,Malignant,True,val,3.6624344534909214,"sharpness_lapvar(z=+3.7),noise_sigma(z=+3.1)",0.501141489360774,False
train/Malignant/ISPY2-627981/p-126,Malignant,True,train,3.661403012814304,"sharpness_lapvar(z=+3.7),noise_sigma(z=+3.5)",0.5704371390685944,False
train/Malignant/ACRIN-6698-690089/p-039,Malignant,True,train,3.6605720791805947,snr(z=+3.7),0.5171283688433127,False
train/Malignant/ISPY2-605713/p-020,Malignant,True,train,3.6604841835518758,snr(z=+3.7),0.49637286253747226,False
train/Malignant/ISPY2-559021/p-067,Malignant,True,train,3.6585667031063713,width(z=+3.7),0.4819063094563031,False
train/Malignant/ISPY2-559021/p-077,Malignant,True,train,3.6585667031063713,width(z=+3.7),0.49091308741112594,False
train/Malignant/ISPY2-601489/p-099,Malignant,True,train,3.6585667031063713,width(z=+3.7),0.5186632713092483,False
train/Malignant/ISPY2-601489/p-038,Malignant,True,train,3.6585667031063713,width(z=+3.7),0.5121744763144915,False
train/Malignant/ISPY2-559021/p-078,Malignant,True,train,3.6585667031063713,width(z=+3.7),0.494319316083967,False
train/Malignant/ISPY2-781335/p-033,Malignant,True,train,3.6585667031063713,width(z=+3.7),0.4991799075752678,False
train/Malignant/ISPY2-781335/p-032,Malignant,True,train,3.6585667031063713,width(z=+3.7),0.4991440295303614,False
train/Malignant/ISPY2-598798/p-073,Malignant,True,train,3.658110866275046,sharpness_lapvar(z=+3.7),0.5147891586252683,False
train/Malignant/ISPY2-116165/p-030,Malignant,True,train,3.6576890074961437,dynamic_range(z=-3.7),0.4769580666932353,False
train/Malignant/ISPY2-613188/p-016,Malignant,True,train,3.6576882950130805,dynamic_range(z=-3.7),0.49752410098748867,False
train/Malignant/ACRIN-6698-607843/p-016,Malignant,True,train,3.6576882950130805,dynamic_range(z=-3.7),0.4773034012640684,False
train/Malignant/ISPY2-637051/p-035,Malignant,True,train,3.6576882950130805,dynamic_range(z=-3.7),0.5370116614974614,False
train/Malignant/ACRIN-6698-547892/p-043,Malignant,True,train,3.6573731115104544,entropy(z=-3.7),0.4993761472837499,False
train/Malignant/ISPY2-539876/p-055,Malignant,True,train,3.6567827505669803,aspect_ratio(z=+3.7),0.5031246834304341,False
train/Malignant/ISPY2-889721/p-045,Malignant,True,train,3.6567827505669803,aspect_ratio(z=+3.7),0.4710766126539052,False
train/Malignant/ISPY2-254060/p-011,Malignant,True,train,3.6567827505669803,aspect_ratio(z=+3.7),0.47734388830120955,False
train/Malignant/ACRIN-6698-938719/p-015,Malignant,True,train,3.655999307943565,"entropy(z=-3.7),dynamic_range(z=-3.4)",0.6119834498929099,True
train/Malignant/ISPY2-493519/p-076,Malignant,True,train,3.6552243726817193,hf_energy_frac(z=+3.7),0.5335768497500775,False
train/Malignant/ISPY2-953262/p-100,Malignant,True,train,3.653966238860205,sharpness_lapvar(z=+3.7),0.4847125193993543,False
train/Malignant/ISPY2-882538/p-074,Malignant,True,train,3.653793025442534,hf_energy_frac(z=+3.7),0.5278602746202569,False
train/Malignant/ISPY2-262131/p-125,Malignant,True,train,3.6524511079762,aspect_ratio(z=+3.7),0.50363888258057,False
train/Malignant/ACRIN-6698-531988/p-021,Malignant,True,train,3.6521602910137303,snr(z=+3.7),0.5566195874478893,False
train/Malignant/ISPY2-598798/p-074,Malignant,True,train,3.651787110114845,sharpness_lapvar(z=+3.7),0.5154425201317668,False
train/Malignant/ACRIN-6698-547892/p-044,Malignant,True,train,3.6509579214240744,entropy(z=-3.7),0.5140993381741894,False
train/Malignant/ISPY2-865416/p-054,Malignant,True,train,3.649496083386339,hf_energy_frac(z=+3.6),0.4857640599754037,False
train/Malignant/ISPY2-342996/p-044,Malignant,True,train,3.6489150732082165,aspect_ratio(z=+3.6),0.5303023434531712,False
train/Malignant/ISPY2-607047/p-048,Malignant,True,train,3.64872795161232,hf_energy_frac(z=+3.6),0.5188733751071242,False
train/Malignant/ACRIN-6698-520471/p-099,Malignant,True,train,3.6476689952631203,sharpness_lapvar(z=+3.6),0.5515738223240068,False
train/Malignant/ISPY2-768214/p-053,Malignant,True,train,3.6473124041640177,"dynamic_range(z=-3.6),hf_energy_frac(z=+3.2)",0.5489274610952817,False
train/Malignant/ISPY2-255577/p-030,Malignant,True,train,3.6473124041640177,dynamic_range(z=-3.6),0.5504343346023737,False
train/Malignant/ISPY2-451482/p-077,Malignant,True,train,3.6467090610755015,"sharpness_lapvar(z=+3.4),noise_sigma(z=+3.6)",0.558092097287264,False
train/Malignant/ISPY2-640463/p-091,Malignant,True,train,3.6463943528056095,sharpness_lapvar(z=+3.6),0.4763111885790279,False
val/Malignant/ISPY2-318293/p-042,Malignant,True,val,3.646222021145354,sharpness_lapvar(z=+3.6),0.5166838698352255,False
train/Malignant/ACRIN-6698-654021/p-044,Malignant,True,train,3.645358042500022,snr(z=+3.6),0.5826610274820534,True
train/Malignant/ISPY2-605713/p-061,Malignant,True,train,3.6450367909237955,snr(z=+3.6),0.47807250048313477,False
train/Malignant/ISPY2-974181/p-081,Malignant,True,train,3.64499314785654,hf_energy_frac(z=+3.6),0.5287267369505301,False
train/Malignant/ISPY2-899381/p-029,Malignant,True,train,3.6435327014405563,entropy(z=-3.6),0.497905075162774,False
train/Malignant/ISPY2-167271/p-052,Malignant,True,train,3.6421248149810177,dynamic_range(z=-3.6),0.5064639345899944,False
train/Malignant/ISPY2-177795/p-036,Malignant,True,train,3.6421248149810177,dynamic_range(z=-3.6),0.499002982986215,False
train/Malignant/ISPY2-830958/p-020,Malignant,True,train,3.6421241024979545,dynamic_range(z=-3.6),0.5062283076955766,False
train/Malignant/ISPY2-728287/p-116,Malignant,True,train,3.6413621029438024,aspect_ratio(z=+3.6),0.4900263500636793,False
train/Malignant/ISPY2-245655/p-055,Malignant,True,train,3.6412417329398408,"sharpness_lapvar(z=+3.5),noise_sigma(z=+3.6)",0.5387193862174143,False
train/Malignant/ISPY2-335091/p-118,Malignant,True,train,3.6384248367298637,aspect_ratio(z=+3.6),0.48646640260677043,False
train/Malignant/ISPY2-350331/p-048,Malignant,True,train,3.6381775039472997,entropy(z=-3.6),0.5057257236987025,False
train/Malignant/ISPY2-590220/p-046,Malignant,True,train,3.63787271455077,hf_energy_frac(z=+3.6),0.5015110396375121,False
train/Malignant/ACRIN-6698-802308/p-020,Malignant,True,train,3.6369365133149545,dynamic_range(z=-3.6),0.5282732553652963,False
train/Malignant/ISPY2-177795/p-027,Malignant,True,train,3.6369365133149545,dynamic_range(z=-3.6),0.4816866461664202,False
train/Malignant/ISPY2-116165/p-047,Malignant,True,train,3.6369358008318913,dynamic_range(z=-3.6),0.4682642146190899,False
val/Malignant/ACRIN-6698-928815/p-072,Malignant,True,val,3.6368827426282575,snr(z=+3.6),0.5073542271323299,False
train/Malignant/ISPY2-437162/p-067,Malignant,True,train,3.636086985869951,entropy(z=-3.6),0.4837410155228817,False
train/Malignant/ISPY2-405717/p-062,Malignant,True,train,3.635937146362036,entropy(z=-3.6),0.5054893855757719,False
train/Malignant/ACRIN-6698-317641/p-036,Malignant,True,train,3.6351692279167875,snr(z=+3.6),0.5595530413101362,False
train/Malignant/ISPY2-655703/p-103,Malignant,True,train,3.6347761932043756,hf_energy_frac(z=+3.6),0.4968856720757484,False
train/Malignant/ISPY2-289107/p-061,Malignant,True,train,3.6341053275917186,aspect_ratio(z=+3.6),0.49343151480623515,False
train/Malignant/ACRIN-6698-663144/p-035,Malignant,True,train,3.6341053275917186,aspect_ratio(z=+3.6),0.47864130442860975,False
train/Malignant/ACRIN-6698-775346/p-038,Malignant,True,train,3.6330672785827005,snr(z=+3.6),0.4716801326617631,False
train/Malignant/ISPY2-559021/p-062,Malignant,True,train,3.633060512354439,width(z=+3.6),0.5024130527324324,False
train/Malignant/ISPY2-781335/p-071,Malignant,True,train,3.633060512354439,width(z=+3.6),0.49735931749580736,False
train/Malignant/ISPY2-559021/p-074,Malignant,True,train,3.633060512354439,width(z=+3.6),0.4935210612167616,False
train/Malignant/ISPY2-559021/p-075,Malignant,True,train,3.633060512354439,width(z=+3.6),0.49422355080323443,False
train/Malignant/ISPY2-559021/p-073,Malignant,True,train,3.633060512354439,width(z=+3.6),0.504018169441684,False
train/Malignant/ISPY2-781335/p-031,Malignant,True,train,3.633060512354439,width(z=+3.6),0.49504953570117094,False
train/Malignant/ISPY2-781335/p-030,Malignant,True,train,3.633060512354439,width(z=+3.6),0.5032013720533101,False
train/Malignant/ISPY2-601489/p-039,Malignant,True,train,3.633060512354439,width(z=+3.6),0.5136222458444277,False
train/Malignant/ISPY2-151980/p-096,Malignant,True,train,3.632339033283921,hf_energy_frac(z=+3.6),0.5052955290004943,False
val/Malignant/ISPY2-790070/p-015,Malignant,True,val,3.6317482116488913,dynamic_range(z=-3.6),0.5241481983162202,False
val/Malignant/ISPY2-380769/p-050,Malignant,True,val,3.6317482116488913,dynamic_range(z=-3.6),0.5151819551228319,False
train/Malignant/ISPY2-613961/p-026,Malignant,True,train,3.6317482116488913,dynamic_range(z=-3.6),0.5390294717401319,False
train/Malignant/ISPY2-627981/p-128,Malignant,True,train,3.627805124229356,"sharpness_lapvar(z=+3.4),noise_sigma(z=+3.6)",0.5381912167413911,False
train/Malignant/ACRIN-6698-131961/p-109,Malignant,True,train,3.627127658983946,aspect_ratio(z=+3.6),0.5388263315074315,False
val/Malignant/ISPY2-453596/p-033,Malignant,True,val,3.626559909982828,dynamic_range(z=-3.6),0.5286389156315772,False
train/Malignant/ISPY2-341238/p-051,Malignant,True,train,3.626559909982828,dynamic_range(z=-3.6),0.503844716867669,False
train/Malignant/ISPY2-872188/p-022,Malignant,True,train,3.626559909982828,dynamic_range(z=-3.6),0.5062989264364923,False
train/Malignant/ISPY2-515105/p-099,Malignant,True,train,3.6264975249718328,hf_energy_frac(z=+3.6),0.5107822150907951,False
train/Malignant/ISPY2-286984/p-019,Malignant,True,train,3.6257677755934092,snr(z=+3.6),0.5224496174918087,False
train/Malignant/ISPY2-572444/p-035,Malignant,True,train,3.6251320842809522,hf_energy_frac(z=+3.6),0.5167319121739076,False
train/Malignant/ISPY2-726381/p-039,Malignant,True,train,3.6245552615304644,hf_energy_frac(z=+3.6),0.49102627699539264,False
train/Malignant/ISPY2-208265/p-122,Malignant,True,train,3.6237385056601705,aspect_ratio(z=+3.6),0.5115749246334877,False
train/Malignant/ACRIN-6698-654021/p-045,Malignant,True,train,3.6230130879829576,snr(z=+3.6),0.5348212758309139,False
train/Malignant/ISPY2-318438/p-078,Malignant,True,train,3.6225881105551783,sharpness_lapvar(z=+3.6),0.513304491524079,False
train/Malignant/ISPY2-729270/p-068,Malignant,True,train,3.6218059899432498,sharpness_lapvar(z=+3.6),0.5170861058335569,False
train/Malignant/ISPY2-255577/p-036,Malignant,True,train,3.6218041765239692,snr(z=+3.6),0.4940281559188409,False
train/Malignant/ACRIN-6698-690089/p-035,Malignant,True,train,3.621787847429305,snr(z=+3.6),0.5449743728173659,False
train/Malignant/ISPY2-112606/p-115,Malignant,True,train,3.6213716083167653,dynamic_range(z=-3.6),0.5526638969796797,False
train/Malignant/ISPY2-756412/p-010,Malignant,True,train,3.6213716083167653,dynamic_range(z=-3.6),0.5131905815673737,False
train/Malignant/ISPY2-614434/p-030,Malignant,True,train,3.6213716083167653,dynamic_range(z=-3.6),0.5186072339929213,False
train/Malignant/ISPY2-252748/p-044,Malignant,True,train,3.6165716927381766,hf_energy_frac(z=+3.6),0.48216613832350186,False
train/Malignant/ISPY2-178649/p-044,Malignant,True,train,3.616378052502187,sharpness_lapvar(z=+3.6),0.5811893746692217,True
train/Malignant/ISPY2-284355/p-055,Malignant,True,train,3.616183306650702,dynamic_range(z=-3.6),0.5147468235172774,False
train/Malignant/ISPY2-797499/p-048,Malignant,True,train,3.616183306650702,dynamic_range(z=-3.6),0.4912445899026542,False
train/Malignant/ISPY2-598798/p-085,Malignant,True,train,3.615989031624155,sharpness_lapvar(z=+3.6),0.5257511574435167,False
train/Malignant/ISPY2-729270/p-065,Malignant,True,train,3.6148454224112765,sharpness_lapvar(z=+3.6),0.49237383419072495,False
train/Malignant/ISPY2-572444/p-085,Malignant,True,train,3.614344590276545,noise_sigma(z=+3.6),0.5385733967119669,False
train/Malignant/ISPY2-932200/p-040,Malignant,True,train,3.613189216455123,snr(z=+3.6),0.5133241226604448,False
train/Malignant/ISPY2-840501/p-102,Malignant,True,train,3.612380187962946,"noise_sigma(z=+3.2),hf_energy_frac(z=+3.6)",0.521431055593977,False
train/Malignant/ISPY2-485637/p-167,Malignant,True,train,3.611491958743948,hf_energy_frac(z=+3.6),0.5039422277001872,False
train/Malignant/ISPY2-689188/p-000,Malignant,True,train,3.610995004984639,"dynamic_range(z=-3.6),aspect_ratio(z=+3.6)",0.518766608669435,False
train/Malignant/ISPY2-568953/p-048,Malignant,True,train,3.610995004984639,"dynamic_range(z=-3.6),snr(z=+3.5)",0.5718721607794992,False
train/Malignant/ISPY2-531672/p-089,Malignant,True,train,3.610418780045186,"sharpness_lapvar(z=+3.2),noise_sigma(z=+3.6)",0.5281368634062374,False
train/Malignant/ISPY2-953262/p-115,Malignant,True,train,3.6101996055821424,sharpness_lapvar(z=+3.6),0.5351926681880198,False
train/Malignant/ISPY2-405717/p-056,Malignant,True,train,3.609793243556915,entropy(z=-3.6),0.5143041789009678,False
train/Malignant/ACRIN-6698-755914/p-090,Malignant,True,train,3.6079501378152234,snr(z=+3.6),0.48329280337209457,False
train/Malignant/ISPY2-520986/p-073,Malignant,True,train,3.6077580723625355,entropy(z=-3.6),0.4763811590563424,False
train/Malignant/ISPY2-997702/p-060,Malignant,True,train,3.6076824008103334,entropy(z=-3.6),0.5260979790836217,False
train/Malignant/ISPY2-601489/p-034,Malignant,True,train,3.6075543216025063,width(z=+3.6),0.5128903516133777,False
train/Malignant/ISPY2-601489/p-106,Malignant,True,train,3.6075543216025063,width(z=+3.6),0.5160223239246301,False
train/Malignant/ISPY2-781335/p-070,Malignant,True,train,3.6075543216025063,width(z=+3.6),0.49790120227641094,False
train/Malignant/ISPY2-781335/p-028,Malignant,True,train,3.6075543216025063,width(z=+3.6),0.4939262132030915,False
train/Malignant/ISPY2-781335/p-029,Malignant,True,train,3.6075543216025063,width(z=+3.6),0.48838083863443543,False
train/Malignant/ISPY2-559021/p-061,Malignant,True,train,3.6075543216025063,width(z=+3.6),0.4836710164022758,False
train/Malignant/ISPY2-781335/p-027,Malignant,True,train,3.6075543216025063,width(z=+3.6),0.49010082714007136,False
train/Malignant/ISPY2-781335/p-072,Malignant,True,train,3.6075543216025063,width(z=+3.6),0.49969807689630114,False
train/Malignant/ISPY2-559021/p-059,Malignant,True,train,3.6075543216025063,width(z=+3.6),0.5063493953931366,False
train/Malignant/ISPY2-640463/p-069,Malignant,True,train,3.607092537127715,"sharpness_lapvar(z=+3.6),noise_sigma(z=+3.1)",0.4842035307722207,False
train/Malignant/ISPY2-177795/p-031,Malignant,True,train,3.605807415801639,dynamic_range(z=-3.6),0.504601954057809,False
val/Malignant/ISPY2-279902/p-051,Malignant,True,val,3.605807415801639,dynamic_range(z=-3.6),0.4849561310932779,False
train/Malignant/ACRIN-6698-899692/p-018,Malignant,True,train,3.605807415801639,dynamic_range(z=-3.6),0.5541710073990687,False
train/Malignant/ISPY2-832056/p-098,Malignant,True,train,3.60415902402165,hf_energy_frac(z=+3.6),0.47374891976083017,False
train/Malignant/ISPY2-451482/p-075,Malignant,True,train,3.603806597438268,"sharpness_lapvar(z=+3.4),noise_sigma(z=+3.6)",0.5681275814876431,False
train/Malignant/ISPY2-418593/p-102,Malignant,True,train,3.603723908562802,hf_energy_frac(z=+3.6),0.4906196175371367,False
train/Malignant/ISPY2-282082/p-043,Malignant,True,train,3.6032296883947725,"sharpness_lapvar(z=+3.6),noise_sigma(z=+3.6)",0.5678022870539704,False
train/Malignant/ISPY2-803514/p-096,Malignant,True,train,3.6026243050923257,hf_energy_frac(z=+3.6),0.5068262527469435,False
train/Malignant/ISPY2-166412/p-104,Malignant,True,train,3.6017090090556305,aspect_ratio(z=+3.6),0.4820882825582291,False
train/Malignant/ACRIN-6698-317641/p-051,Malignant,True,train,3.6006223403129622,snr(z=+3.6),0.4982767531785654,False
train/Malignant/ISPY2-342142/p-039,Malignant,True,train,3.6006191141355757,"dynamic_range(z=-3.6),snr(z=+3.5)",0.559402436620616,False
train/Malignant/ACRIN-6698-296841/p-053,Malignant,True,train,3.6006184016525125,dynamic_range(z=-3.6),0.5014326663091879,False
train/Malignant/ISPY2-791321/p-096,Malignant,True,train,3.600421467088387,entropy(z=-3.6),0.5130200204113077,False
train/Malignant/ISPY2-493519/p-073,Malignant,True,train,3.6002350423944955,hf_energy_frac(z=+3.6),0.5213054490355483,False
train/Malignant/ISPY2-865416/p-058,Malignant,True,train,3.5997994485031,hf_energy_frac(z=+3.6),0.5319078431285744,False
train/Malignant/ACRIN-6698-775346/p-039,Malignant,True,train,3.5995378803564155,snr(z=+3.6),0.47037795872169996,False
train/Malignant/ACRIN-6698-973837/p-098,Malignant,True,train,3.5993654455870616,aspect_ratio(z=+3.6),0.44605048461684604,False
train/Malignant/ISPY2-791321/p-101,Malignant,True,train,3.5988425981257084,hf_energy_frac(z=+3.6),0.5204485175411167,False
train/Malignant/ACRIN-6698-317641/p-052,Malignant,True,train,3.5984949977083467,snr(z=+3.6),0.4958950088327851,False
train/Malignant/ISPY2-974181/p-079,Malignant,True,train,3.596798233338669,hf_energy_frac(z=+3.6),0.524818791570261,False
train/Malignant/ISPY2-605713/p-058,Malignant,True,train,3.5964074321806585,snr(z=+3.6),0.48086297522657234,False
train/Malignant/ACRIN-6698-691753/p-046,Malignant,True,train,3.5957464784732225,entropy(z=-3.6),0.46050276060318995,False
train/Malignant/ISPY2-128051/p-060,Malignant,True,train,3.5955776767649135,entropy(z=-3.6),0.4633678381257834,False
train/Malignant/ISPY2-605713/p-069,Malignant,True,train,3.595559218165777,snr(z=+3.6),0.48226840722665515,False
train/Malignant/ISPY2-451482/p-070,Malignant,True,train,3.595537138464908,"sharpness_lapvar(z=+3.6),noise_sigma(z=+3.5)",0.5602147040020208,False
val/Malignant/ISPY2-282644/p-047,Malignant,True,val,3.5954315249525757,dynamic_range(z=-3.6),0.46023503929356213,False
train/Malignant/ACRIN-6698-748583/p-031,Malignant,True,train,3.5954315249525757,dynamic_range(z=-3.6),0.4895942161969441,False
train/Malignant/ISPY2-637051/p-037,Malignant,True,train,3.595430812469513,dynamic_range(z=-3.6),0.5015461884185788,False
train/Malignant/ISPY2-832056/p-059,Malignant,True,train,3.5948227495786957,hf_energy_frac(z=+3.6),0.48048916798548347,False
train/Malignant/ISPY2-349639/p-114,Malignant,True,train,3.5946789763455196,"sharpness_lapvar(z=+3.1),hf_energy_frac(z=+3.6)",0.5382562883734473,False
train/Malignant/ACRIN-6698-928446/p-117,Malignant,True,train,3.594480232640412,hf_energy_frac(z=+3.6),0.48999108769993677,False
train/Malignant/ACRIN-6698-753109/p-074,Malignant,True,train,3.594210288027168,entropy(z=-3.6),0.508060677241682,False
val/Malignant/ACRIN-6698-928815/p-067,Malignant,True,val,3.5938788889588134,snr(z=+3.6),0.501446644601494,False
train/Malignant/ISPY2-318438/p-079,Malignant,True,train,3.5938347259986574,sharpness_lapvar(z=+3.6),0.5105646956608431,False
train/Malignant/ISPY2-563856/p-036,Malignant,True,train,3.592577504153763,entropy(z=-3.6),0.4997010562027297,False
train/Malignant/ISPY2-128051/p-057,Malignant,True,train,3.5918567602233087,entropy(z=-3.6),0.47424416124155505,False
train/Malignant/ACRIN-6698-179369/p-016,Malignant,True,train,3.5903144418463855,aspect_ratio(z=+3.6),0.48805122391900085,False
train/Malignant/ISPY2-357017/p-128,Malignant,True,train,3.5903144418463855,aspect_ratio(z=+3.6),0.5106638776459965,False
train/Malignant/ACRIN-6698-734997/p-042,Malignant,True,train,3.5903144418463855,aspect_ratio(z=+3.6),0.47731361309262493,False
val/Malignant/ISPY2-712276/p-049,Malignant,True,val,3.590243223286513,dynamic_range(z=-3.6),0.47162748114688285,False
train/Malignant/ISPY2-167271/p-053,Malignant,True,train,3.590243223286513,dynamic_range(z=-3.6),0.5211864228326715,False
train/Malignant/ISPY2-167271/p-055,Malignant,True,train,3.590243223286513,dynamic_range(z=-3.6),0.4847401523633145,False
train/Malignant/ISPY2-188511/p-081,Malignant,True,train,3.5892793976087645,"sharpness_lapvar(z=+3.3),noise_sigma(z=+3.6)",0.5244420643306719,False
val/Malignant/ISPY2-859699/p-102,Malignant,True,val,3.5883025310316117,hf_energy_frac(z=+3.6),0.4834185871010298,False
val/Malignant/ISPY2-568331/p-102,Malignant,True,val,3.587587536873233,aspect_ratio(z=+3.6),0.4936205442078947,False
train/Malignant/ISPY2-746265/p-064,Malignant,True,train,3.587587536873233,aspect_ratio(z=+3.6),0.5248323803384886,False
train/Malignant/ISPY2-836983/p-054,Malignant,True,train,3.5864117181830992,sharpness_lapvar(z=+3.6),0.4817283847351136,False
val/Malignant/ISPY2-453596/p-035,Malignant,True,val,3.5850549216204497,dynamic_range(z=-3.6),0.5026854482123448,False
train/Malignant/ACRIN-6698-929391/p-028,Malignant,True,train,3.5850549216204497,dynamic_range(z=-3.6),0.5035813287551488,False
train/Malignant/ACRIN-6698-711476/p-050,Malignant,True,train,3.5850549216204497,dynamic_range(z=-3.6),0.5091647824066085,False
train/Malignant/ACRIN-6698-188700/p-052,Malignant,True,train,3.5850549216204497,dynamic_range(z=-3.6),0.5008739232440874,False
train/Malignant/ISPY2-768214/p-060,Malignant,True,train,3.5850549216204497,dynamic_range(z=-3.6),0.4968511354502414,False
val/Malignant/ISPY2-279902/p-059,Malignant,True,val,3.5842135307535057,hf_energy_frac(z=+3.6),0.47451483297304997,False
train/Malignant/ISPY2-531672/p-102,Malignant,True,train,3.584041166021386,"sharpness_lapvar(z=+3.2),noise_sigma(z=+3.6)",0.5772043601154552,False
train/Malignant/ISPY2-215932/p-079,Malignant,True,train,3.583214186544395,entropy(z=-3.6),0.4612912646239499,False
train/Malignant/ISPY2-559021/p-060,Malignant,True,train,3.582048130850574,width(z=+3.6),0.48235241901200465,False
train/Malignant/ISPY2-559021/p-090,Malignant,True,train,3.582048130850574,width(z=+3.6),0.48930721536362753,False
train/Malignant/ISPY2-559021/p-092,Malignant,True,train,3.582048130850574,width(z=+3.6),0.4817786394900132,False
train/Malignant/ISPY2-559021/p-091,Malignant,True,train,3.582048130850574,width(z=+3.6),0.48533399485496553,False
train/Malignant/ISPY2-559021/p-089,Malignant,True,train,3.582048130850574,width(z=+3.6),0.4882984830770037,False
train/Malignant/ISPY2-559021/p-098,Malignant,True,train,3.582048130850574,width(z=+3.6),0.49489200337056793,False
train/Malignant/ISPY2-601489/p-037,Malignant,True,train,3.582048130850574,width(z=+3.6),0.5107902293181136,False
train/Malignant/ISPY2-601489/p-035,Malignant,True,train,3.582048130850574,width(z=+3.6),0.5124715399337751,False
train/Malignant/ISPY2-601489/p-036,Malignant,True,train,3.582048130850574,width(z=+3.6),0.5105755845134679,False
train/Malignant/ISPY2-559021/p-097,Malignant,True,train,3.582048130850574,width(z=+3.6),0.48824793014172796,False
train/Malignant/ISPY2-559021/p-088,Malignant,True,train,3.582048130850574,width(z=+3.6),0.48581525775606355,False
train/Malignant/ISPY2-781335/p-073,Malignant,True,train,3.582048130850574,width(z=+3.6),0.5053001438909821,False
train/Malignant/ISPY2-559021/p-076,Malignant,True,train,3.582048130850574,width(z=+3.6),0.48914659534753674,False
train/Malignant/ISPY2-601489/p-105,Malignant,True,train,3.582048130850574,width(z=+3.6),0.516402597851513,False
train/Malignant/ISPY2-781335/p-025,Malignant,True,train,3.582048130850574,width(z=+3.6),0.4927041941870139,False
train/Malignant/ISPY2-781335/p-026,Malignant,True,train,3.582048130850574,width(z=+3.6),0.49137256925752915,False
train/Malignant/ISPY2-141782/p-116,Malignant,True,train,3.581891735125224,noise_sigma(z=+3.6),0.5418700001504969,False
train/Malignant/ISPY2-350331/p-052,Malignant,True,train,3.5816671038781895,entropy(z=-3.6),0.5008853406432116,False
train/Malignant/ISPY2-836983/p-060,Malignant,True,train,3.5800604297458163,sharpness_lapvar(z=+3.6),0.48799693609469935,False
train/Malignant/ISPY2-614434/p-029,Malignant,True,train,3.5798666199543865,dynamic_range(z=-3.6),0.5121614949147051,False
train/Malignant/ISPY2-442669/p-023,Malignant,True,train,3.5798666199543865,dynamic_range(z=-3.6),0.4963233789972524,False
train/Malignant/ACRIN-6698-929980/p-032,Malignant,True,train,3.5798666199543865,dynamic_range(z=-3.6),0.4928637453965892,False
train/Malignant/ACRIN-6698-783764/p-026,Malignant,True,train,3.5798666199543865,dynamic_range(z=-3.6),0.537774958646249,False
train/Malignant/ACRIN-6698-188700/p-039,Malignant,True,train,3.5798666199543865,dynamic_range(z=-3.6),0.49271914749593787,False
train/Malignant/ISPY2-613188/p-018,Malignant,True,train,3.5798666199543865,dynamic_range(z=-3.6),0.48517910141397647,False
train/Malignant/ISPY2-112606/p-069,Malignant,True,train,3.5798666199543865,dynamic_range(z=-3.6),0.48802963443499375,False
train/Malignant/ISPY2-363669/p-046,Malignant,True,train,3.5798666199543865,dynamic_range(z=-3.6),0.4674906779113541,False
train/Malignant/ISPY2-349639/p-108,Malignant,True,train,3.5775776609471586,"sharpness_lapvar(z=+3.0),hf_energy_frac(z=+3.6)",0.5358014915405098,False
train/Malignant/ISPY2-873686/p-095,Malignant,True,train,3.5774815731257807,"sharpness_lapvar(z=+3.6),noise_sigma(z=+3.1)",0.5102062409813504,False
train/Malignant/ISPY2-573881/p-054,Malignant,True,train,3.577467297130257,sharpness_lapvar(z=+3.6),0.4925430955738661,False
train/Malignant/ISPY2-181442/p-044,Malignant,True,train,3.577405167796165,entropy(z=-3.6),0.46951789133953736,False
train/Malignant/ISPY2-436371/p-036,Malignant,True,train,3.5746783182883233,dynamic_range(z=-3.6),0.4963531753680228,False
train/Malignant/ISPY2-637051/p-039,Malignant,True,train,3.5746783182883233,dynamic_range(z=-3.6),0.5065004011801848,False
train/Malignant/ISPY2-202956/p-017,Malignant,True,train,3.5746783182883233,dynamic_range(z=-3.6),0.4846494988391042,False
val/Malignant/ISPY2-282644/p-049,Malignant,True,val,3.5746783182883233,dynamic_range(z=-3.6),0.47636241485096437,False
train/Malignant/ISPY2-442669/p-024,Malignant,True,train,3.5746783182883233,dynamic_range(z=-3.6),0.5181026842350351,False
train/Malignant/ISPY2-768214/p-047,Malignant,True,train,3.5746783182883233,"dynamic_range(z=-3.6),hf_energy_frac(z=+3.4)",0.5531284691141864,False
train/Malignant/ACRIN-6698-734997/p-079,Malignant,True,train,3.5746235624107046,aspect_ratio(z=+3.6),0.48627982587971075,False
train/Malignant/ACRIN-6698-169918/p-030,Malignant,True,train,3.5746235624107046,aspect_ratio(z=+3.6),0.49027650192140143,False
train/Malignant/ACRIN-6698-734997/p-081,Malignant,True,train,3.5746235624107046,aspect_ratio(z=+3.6),0.5119548884648816,False
train/Malignant/ACRIN-6698-629606/p-090,Malignant,True,train,3.5745131857707304,sharpness_lapvar(z=+3.6),0.46562480768240505,False
train/Malignant/ISPY2-953262/p-097,Malignant,True,train,3.574411724231113,sharpness_lapvar(z=+3.6),0.47718446620493155,False
train/Malignant/ISPY2-607047/p-101,Malignant,True,train,3.5714970662133445,hf_energy_frac(z=+3.6),0.479592310498578,False
train/Malignant/ISPY2-640463/p-048,Malignant,True,train,3.5708738918347365,"sharpness_lapvar(z=+3.5),noise_sigma(z=+3.6)",0.5494633573806276,False
val/Malignant/ISPY2-624777/p-096,Malignant,True,val,3.570692925285053,hf_energy_frac(z=+3.6),0.4985266375593022,False
train/Malignant/ISPY2-885590/p-093,Malignant,True,train,3.570529914587396,hf_energy_frac(z=+3.6),0.5093252572189646,False
train/Malignant/ISPY2-729270/p-031,Malignant,True,train,3.5704985718865556,sharpness_lapvar(z=+3.6),0.5439488651726474,False
train/Malignant/ISPY2-729270/p-073,Malignant,True,train,3.5700320527471066,sharpness_lapvar(z=+3.6),0.534602623202808,False
train/Malignant/ACRIN-6698-287961/p-115,Malignant,True,train,3.5697307075329108,aspect_ratio(z=+3.6),0.494069732758939,False
train/Malignant/ACRIN-6698-775346/p-036,Malignant,True,train,3.5695955501624894,snr(z=+3.6),0.48266813134824693,False
train/Malignant/ACRIN-6698-280375/p-039,Malignant,True,train,3.5694900166222605,dynamic_range(z=-3.6),0.4919054409012595,False
train/Malignant/ISPY2-177795/p-033,Malignant,True,train,3.5694900166222605,dynamic_range(z=-3.6),0.4764503734419415,False
train/Malignant/ISPY2-571276/p-024,Malignant,True,train,3.5694900166222605,dynamic_range(z=-3.6),0.4652666778714039,False
train/Malignant/ISPY2-568953/p-046,Malignant,True,train,3.5694900166222605,dynamic_range(z=-3.6),0.5669182700209465,False
train/Malignant/ISPY2-208265/p-129,Malignant,True,train,3.5682623391590993,"sharpness_lapvar(z=+3.6),noise_sigma(z=+3.4),hf_energy_frac(z=+3.3)",0.5818996433300393,True
train/Malignant/ISPY2-955953/p-034,Malignant,True,train,3.567209239218134,entropy(z=-3.6),0.5485135034935806,False
val/Malignant/ISPY2-199960/p-097,Malignant,True,val,3.5649931813813973,aspect_ratio(z=+3.6),0.5057022739438592,False
train/Malignant/ACRIN-6698-234723/p-035,Malignant,True,train,3.5649931813813973,aspect_ratio(z=+3.6),0.4440371272872767,False
train/Malignant/ISPY2-834418/p-051,Malignant,True,train,3.5649931813813973,aspect_ratio(z=+3.6),0.467606864631649,False
train/Malignant/ISPY2-282777/p-007,Malignant,True,train,3.5649931813813973,aspect_ratio(z=+3.6),0.48211555414600243,False
train/Malignant/ISPY2-248255/p-068,Malignant,True,train,3.5645071862408533,entropy(z=-3.6),0.55254474581638,False
train/Malignant/ACRIN-6698-755914/p-092,Malignant,True,train,3.564412574398355,snr(z=+3.6),0.5058433368252337,False
train/Malignant/ISPY2-188091/p-062,Malignant,True,train,3.5643024274392605,dynamic_range(z=-3.6),0.4897422339205914,False
train/Malignant/ISPY2-102011/p-035,Malignant,True,train,3.5643017149561973,dynamic_range(z=-3.6),0.4996493904051654,False
train/Malignant/ISPY2-473505/p-050,Malignant,True,train,3.5643017149561973,dynamic_range(z=-3.6),0.5735919781182792,False
train/Malignant/ISPY2-212307/p-050,Malignant,True,train,3.564164666089467,"sharpness_lapvar(z=+3.4),noise_sigma(z=+3.6),hf_energy_frac(z=+3.3)",0.5527535686365919,False
train/Malignant/ISPY2-640463/p-081,Malignant,True,train,3.563622640613761,sharpness_lapvar(z=+3.6),0.48656188193285094,False
train/Malignant/ACRIN-6698-547892/p-041,Malignant,True,train,3.563609110804615,entropy(z=-3.6),0.4768162069514725,False
train/Malignant/ISPY2-194024/p-045,Malignant,True,train,3.5634968181602766,snr(z=+3.6),0.49129815155804896,False
val/Malignant/ACRIN-6698-748611/p-038,Malignant,True,val,3.563492555151943,snr(z=+3.6),0.4842684298262134,False
train/Malignant/ISPY2-491779/p-056,Malignant,True,train,3.563243638442511,hf_energy_frac(z=+3.6),0.5490790761610786,False
train/Malignant/ISPY2-885590/p-089,Malignant,True,train,3.563102898440172,hf_energy_frac(z=+3.6),0.5033963692834663,False
train/Malignant/ISPY2-262131/p-127,Malignant,True,train,3.563008542047655,aspect_ratio(z=+3.6),0.5039651491818704,False
train/Malignant/ACRIN-6698-775346/p-024,Malignant,True,train,3.5627600496328857,snr(z=+3.6),0.5084435905322501,False
train/Malignant/ACRIN-6698-547892/p-039,Malignant,True,train,3.562723751013251,entropy(z=-3.6),0.5153976781193558,False
train/Malignant/ISPY2-188511/p-089,Malignant,True,train,3.5626335190321954,"sharpness_lapvar(z=+3.4),noise_sigma(z=+3.6)",0.5338872186787269,False
train/Malignant/ISPY2-188511/p-090,Malignant,True,train,3.561961009898787,"sharpness_lapvar(z=+3.3),noise_sigma(z=+3.6),hf_energy_frac(z=+3.5)",0.5501234040919659,False
train/Malignant/ISPY2-350331/p-061,Malignant,True,train,3.561800827524368,entropy(z=-3.6),0.48698625433516673,False
train/Malignant/ISPY2-899381/p-026,Malignant,True,train,3.5616465260618524,entropy(z=-3.6),0.5343675618185867,False
train/Malignant/ISPY2-598798/p-093,Malignant,True,train,3.561393036027084,sharpness_lapvar(z=+3.6),0.5343139048705766,False
train/Malignant/ACRIN-6698-894673/p-093,Malignant,True,train,3.5610245165429935,hf_energy_frac(z=+3.6),0.5254678946988809,False
train/Malignant/ISPY2-303947/p-122,Malignant,True,train,3.5608877677569266,sharpness_lapvar(z=+3.6),0.5704380311726486,False
train/Malignant/ISPY2-981664/p-068,Malignant,True,train,3.560403702922118,aspect_ratio(z=+3.6),0.47797805336051885,False
train/Malignant/ISPY2-111674/p-037,Malignant,True,train,3.5597152614803287,entropy(z=-3.6),0.6006826232187236,True
val/Malignant/ACRIN-6698-335536/p-013,Malignant,True,val,3.5591148382562605,dynamic_range(z=-3.6),0.516583723424595,False
train/Malignant/ISPY2-925691/p-045,Malignant,True,train,3.5591141257731973,dynamic_range(z=-3.6),0.4905140592710815,False
train/Malignant/ISPY2-797499/p-047,Malignant,True,train,3.5591141257731973,dynamic_range(z=-3.6),0.4847925906867353,False
train/Malignant/ACRIN-6698-687288/p-023,Malignant,True,train,3.5573035499937955,hf_energy_frac(z=+3.6),0.5155932731767322,False
train/Malignant/ISPY2-228340/p-070,Malignant,True,train,3.556834108564901,aspect_ratio(z=+3.6),0.4730890858831628,False
train/Malignant/ISPY2-559021/p-056,Malignant,True,train,3.5565419400986418,width(z=+3.6),0.48614731077073114,False
train/Malignant/ISPY2-781335/p-075,Malignant,True,train,3.5565419400986418,width(z=+3.6),0.5119034078545793,False
train/Malignant/ISPY2-559021/p-086,Malignant,True,train,3.5565419400986418,width(z=+3.6),0.48150120767446514,False
train/Malignant/ISPY2-559021/p-068,Malignant,True,train,3.5565419400986418,width(z=+3.6),0.48536632557705844,False
train/Malignant/ISPY2-357017/p-071,Malignant,True,train,3.5565419400986418,width(z=+3.6),0.4760998023103607,False
train/Malignant/ISPY2-559021/p-087,Malignant,True,train,3.5565419400986418,width(z=+3.6),0.4839596795350025,False
train/Malignant/ISPY2-357017/p-072,Malignant,True,train,3.5565419400986418,width(z=+3.6),0.4755390149906466,False
train/Malignant/ISPY2-559021/p-093,Malignant,True,train,3.5565419400986418,width(z=+3.6),0.4833078416748071,False
train/Malignant/ISPY2-781335/p-076,Malignant,True,train,3.5565419400986418,width(z=+3.6),0.5099787492842457,False
train/Malignant/ISPY2-559021/p-094,Malignant,True,train,3.5565419400986418,width(z=+3.6),0.48612612783068215,False
train/Malignant/ISPY2-559021/p-096,Malignant,True,train,3.5565419400986418,width(z=+3.6),0.4866132850365514,False
train/Malignant/ISPY2-559021/p-057,Malignant,True,train,3.5565419400986418,width(z=+3.6),0.4978514320937975,False
train/Malignant/ISPY2-405717/p-066,Malignant,True,train,3.555640475602523,entropy(z=-3.6),0.48663485204276796,False
train/Malignant/ISPY2-791944/p-103,Malignant,True,train,3.555211529965141,sharpness_lapvar(z=+3.6),0.5255339637267116,False
train/Malignant/ACRIN-6698-362150/p-023,Malignant,True,train,3.5539265365901973,dynamic_range(z=-3.6),0.500896120663687,False
train/Malignant/ISPY2-768214/p-062,Malignant,True,train,3.553925824107134,dynamic_range(z=-3.6),0.5024523667089279,False
train/Malignant/ISPY2-451482/p-074,Malignant,True,train,3.553135902187331,"sharpness_lapvar(z=+3.6),noise_sigma(z=+3.4)",0.5401295981045418,False
train/Malignant/ISPY2-953262/p-096,Malignant,True,train,3.5526923266121173,sharpness_lapvar(z=+3.6),0.4807870953309599,False
train/Malignant/ISPY2-498985/p-053,Malignant,True,train,3.5516419713180394,aspect_ratio(z=+3.6),0.47488605695021635,False
train/Malignant/ACRIN-6698-241998/p-041,Malignant,True,train,3.5516419713180394,aspect_ratio(z=+3.6),0.5078574482361307,False
train/Malignant/ISPY2-188511/p-060,Malignant,True,train,3.5511838577861825,"sharpness_lapvar(z=+3.1),noise_sigma(z=+3.6)",0.5263488865255728,False
train/Malignant/ACRIN-6698-839274/p-037,Malignant,True,train,3.5502518567029067,hf_energy_frac(z=+3.6),0.5034706332176174,False
train/Malignant/ISPY2-590299/p-038,Malignant,True,train,3.5502197172103878,"sharpness_lapvar(z=+3.5),noise_sigma(z=+3.6)",0.5945249668581375,True
train/Malignant/ISPY2-640463/p-080,Malignant,True,train,3.5495888271565708,sharpness_lapvar(z=+3.5),0.4784911549419464,False
train/Malignant/ISPY2-188091/p-060,Malignant,True,train,3.548738234924134,dynamic_range(z=-3.5),0.4677450029620079,False
train/Malignant/ISPY2-363669/p-043,Malignant,True,train,3.548738234924134,dynamic_range(z=-3.5),0.46136669654387485,False
train/Malignant/ISPY2-349639/p-111,Malignant,True,train,3.54702934510189,"sharpness_lapvar(z=+3.5),noise_sigma(z=+3.3),hf_energy_frac(z=+3.5)",0.5472489790484216,False
train/Malignant/ISPY2-282082/p-029,Malignant,True,train,3.546941639252688,noise_sigma(z=+3.5),0.5565766643508958,False
train/Malignant/ISPY2-245655/p-053,Malignant,True,train,3.5444867725835874,hf_energy_frac(z=+3.5),0.5053813281881847,False
train/Malignant/ACRIN-6698-928170/p-006,Malignant,True,train,3.5438096265608223,entropy(z=-3.5),0.5070874851170679,False
train/Malignant/ISPY2-847753/p-031,Malignant,True,train,3.543549933258071,dynamic_range(z=-3.5),0.5385219685040551,False
train/Malignant/ACRIN-6698-317402/p-029,Malignant,True,train,3.543549933258071,dynamic_range(z=-3.5),0.4866313581949651,False
train/Malignant/ISPY2-768214/p-045,Malignant,True,train,3.543549933258071,"dynamic_range(z=-3.5),hf_energy_frac(z=+3.1)",0.54251150325547,False
train/Malignant/ISPY2-341238/p-059,Malignant,True,train,3.543549933258071,dynamic_range(z=-3.5),0.5348008916456912,False
train/Malignant/ISPY2-590299/p-046,Malignant,True,train,3.5430207710755814,entropy(z=-3.5),0.5444469283208412,False
train/Malignant/ISPY2-955953/p-033,Malignant,True,train,3.5427025542347677,entropy(z=-3.5),0.53588112280021,False
train/Malignant/ISPY2-563856/p-037,Malignant,True,train,3.542170404273268,entropy(z=-3.5),0.5113442108602861,False
train/Malignant/ISPY2-960490/p-102,Malignant,True,train,3.5402287184524903,hf_energy_frac(z=+3.5),0.5152922668220217,False
train/Malignant/ISPY2-520986/p-053,Malignant,True,train,3.53997012097072,entropy(z=-3.5),0.4753389909668185,False
train/Malignant/ACRIN-6698-571995/p-046,Malignant,True,train,3.5397502579456424,snr(z=+3.5),0.48641584889781186,False
train/Malignant/ISPY2-318569/p-066,Malignant,True,train,3.5394517360427997,aspect_ratio(z=+3.5),0.4820832749606704,False
train/Malignant/ISPY2-100899/p-038,Malignant,True,train,3.5394517360427997,aspect_ratio(z=+3.5),0.5043172611835528,False
train/Malignant/ISPY2-177795/p-020,Malignant,True,train,3.538361631592008,dynamic_range(z=-3.5),0.5137482886833797,False
train/Malignant/ACRIN-6698-664111/p-026,Malignant,True,train,3.538361631592008,dynamic_range(z=-3.5),0.5055406320682734,False
train/Malignant/ACRIN-6698-188700/p-050,Malignant,True,train,3.538361631592008,dynamic_range(z=-3.5),0.5195166787756442,False
train/Malignant/ACRIN-6698-571995/p-063,Malignant,True,train,3.535496534448038,snr(z=+3.5),0.49375541044033283,False
train/Malignant/ISPY2-567907/p-042,Malignant,True,train,3.534664381284462,entropy(z=-3.5),0.4930060047190802,False
train/Malignant/ACRIN-6698-317402/p-030,Malignant,True,train,3.533173329925945,dynamic_range(z=-3.5),0.5199757546776409,False
train/Malignant/ISPY2-177795/p-022,Malignant,True,train,3.533173329925945,dynamic_range(z=-3.5),0.46858233547048206,False
train/Malignant/ISPY2-112606/p-086,Malignant,True,train,3.533173329925945,dynamic_range(z=-3.5),0.488459891464127,False
train/Malignant/ISPY2-847753/p-033,Malignant,True,train,3.533173329925945,dynamic_range(z=-3.5),0.46495059787470894,False
train/Malignant/ISPY2-598798/p-086,Malignant,True,train,3.531948795258592,sharpness_lapvar(z=+3.5),0.5567752120871895,False
train/Malignant/ACRIN-6698-263143/p-033,Malignant,True,train,3.5310673493679956,snr(z=+3.5),0.5154217375111371,False
train/Malignant/ISPY2-601489/p-107,Malignant,True,train,3.5310357493467093,width(z=+3.5),0.5193072330251491,False
train/Malignant/ISPY2-781335/p-024,Malignant,True,train,3.5310357493467093,width(z=+3.5),0.48618277488819317,False
train/Malignant/ISPY2-357017/p-073,Malignant,True,train,3.5310357493467093,width(z=+3.5),0.4758510979884779,False
train/Malignant/ISPY2-781335/p-023,Malignant,True,train,3.5310357493467093,width(z=+3.5),0.49328610937598544,False
train/Malignant/ISPY2-559021/p-099,Malignant,True,train,3.5310357493467093,width(z=+3.5),0.49712708918473403,False
train/Malignant/ISPY2-559021/p-100,Malignant,True,train,3.5310357493467093,width(z=+3.5),0.4946791283060605,False
train/Malignant/ISPY2-559021/p-101,Malignant,True,train,3.5310357493467093,width(z=+3.5),0.4924897788260736,False
train/Malignant/ISPY2-559021/p-095,Malignant,True,train,3.5310357493467093,width(z=+3.5),0.48591845477581647,False
train/Malignant/ISPY2-781335/p-069,Malignant,True,train,3.5310357493467093,width(z=+3.5),0.4832880584800455,False
train/Malignant/ISPY2-559021/p-069,Malignant,True,train,3.5310357493467093,width(z=+3.5),0.48368901973972284,False
train/Malignant/ISPY2-559021/p-053,Malignant,True,train,3.5310357493467093,width(z=+3.5),0.4995806024971506,False
train/Malignant/ISPY2-559021/p-085,Malignant,True,train,3.5310357493467093,width(z=+3.5),0.4830172027828501,False
train/Malignant/ISPY2-559021/p-070,Malignant,True,train,3.5310357493467093,width(z=+3.5),0.4814107416724412,False
train/Malignant/ISPY2-601489/p-032,Malignant,True,train,3.5310357493467093,width(z=+3.5),0.5045592562465148,False
train/Malignant/ISPY2-601489/p-116,Malignant,True,train,3.5310357493467093,width(z=+3.5),0.5261382436516364,False
train/Malignant/ISPY2-598798/p-082,Malignant,True,train,3.5306919977954867,sharpness_lapvar(z=+3.5),0.5214186549204916,False
train/Malignant/ISPY2-405717/p-063,Malignant,True,train,3.5305435380870507,entropy(z=-3.5),0.4940751439615838,False
train/Malignant/ISPY2-318438/p-111,Malignant,True,train,3.529910681222737,hf_energy_frac(z=+3.5),0.5187252269397292,False
train/Malignant/ACRIN-6698-863161/p-071,Malignant,True,train,3.529754370803742,sharpness_lapvar(z=+3.5),0.4934041805670778,False
train/Malignant/ISPY2-515141/p-059,Malignant,True,train,3.5293842438779737,entropy(z=-3.5),0.5100043467456351,False
train/Malignant/ISPY2-729270/p-063,Malignant,True,train,3.52928734180731,sharpness_lapvar(z=+3.5),0.49473950032488256,False
train/Malignant/ISPY2-208265/p-121,Malignant,True,train,3.528277353707164,aspect_ratio(z=+3.5),0.5034969130695461,False
train/Malignant/ISPY2-723918/p-062,Malignant,True,train,3.528277353707164,aspect_ratio(z=+3.5),0.5332241538389791,False
val/Malignant/ISPY2-279902/p-046,Malignant,True,val,3.5279850282598817,dynamic_range(z=-3.5),0.5312819919303621,False
train/Malignant/ACRIN-6698-323721/p-035,Malignant,True,train,3.5279850282598817,dynamic_range(z=-3.5),0.4903163059847876,False
train/Malignant/ISPY2-930903/p-076,Malignant,True,train,3.527109899964932,entropy(z=-3.5),0.4582248717187728,False
train/Malignant/ISPY2-598798/p-067,Malignant,True,train,3.525937581428973,sharpness_lapvar(z=+3.5),0.5137700311337225,False
train/Malignant/ISPY2-318438/p-075,Malignant,True,train,3.525474121431422,sharpness_lapvar(z=+3.5),0.5092156327701127,False
train/Malignant/ISPY2-660915/p-051,Malignant,True,train,3.5249084775187214,snr(z=+3.5),0.5487128943612931,False
train/Malignant/ISPY2-994987/p-036,Malignant,True,train,3.5248993466075675,snr(z=+3.5),0.5147210567083683,False
train/Malignant/ISPY2-563856/p-035,Malignant,True,train,3.5248403098945156,entropy(z=-3.5),0.4948339056000341,False
val/Malignant/ACRIN-6698-695521/p-020,Malignant,True,val,3.5227974390768817,dynamic_range(z=-3.5),0.5475710277143937,False
train/Malignant/ACRIN-6698-383456/p-047,Malignant,True,train,3.5227967265938185,dynamic_range(z=-3.5),0.48893283441930135,False
train/Malignant/ISPY2-466267/p-024,Malignant,True,train,3.5224769938832265,entropy(z=-3.5),0.5576853471393667,False
train/Malignant/ISPY2-729270/p-064,Malignant,True,train,3.5216053266443863,sharpness_lapvar(z=+3.5),0.48598377838218254,False
train/Malignant/ISPY2-155171/p-106,Malignant,True,train,3.521331116039066,aspect_ratio(z=+3.5),0.4806467409956851,False
train/Malignant/ISPY2-405717/p-057,Malignant,True,train,3.5208266895168263,entropy(z=-3.5),0.5179291261437882,False
train/Malignant/ISPY2-350331/p-025,Malignant,True,train,3.5203257970112953,"entropy(z=-3.5),dynamic_range(z=-3.1),noise_sigma(z=+3.5)",0.627509296396508,True
val/Malignant/ACRIN-6698-277888/p-091,Malignant,True,val,3.519556111097535,hf_energy_frac(z=+3.5),0.5083234782853191,False
train/Malignant/ISPY2-405717/p-065,Malignant,True,train,3.5188865780513674,entropy(z=-3.5),0.48055942820992836,False
train/Malignant/ISPY2-311455/p-017,Malignant,True,train,3.5179969219583787,aspect_ratio(z=+3.5),0.4637888252647172,False
train/Malignant/ISPY2-473505/p-049,Malignant,True,train,3.5176091374108185,dynamic_range(z=-3.5),0.5730569037198461,False
train/Malignant/ACRIN-6698-564701/p-077,Malignant,True,train,3.5161672298442554,"sharpness_lapvar(z=+3.1),hf_energy_frac(z=+3.5)",0.5191031841013724,False
train/Malignant/ISPY2-994987/p-039,Malignant,True,train,3.515773821972737,snr(z=+3.5),0.5232126262426371,False
train/Malignant/ISPY2-672734/p-036,Malignant,True,train,3.514750469827183,aspect_ratio(z=+3.5),0.4769432058539259,False
train/Malignant/ISPY2-405717/p-067,Malignant,True,train,3.51392551477372,entropy(z=-3.5),0.4862070843004339,False
train/Malignant/ISPY2-250274/p-035,Malignant,True,train,3.5124208357447557,dynamic_range(z=-3.5),0.5062301058637415,False
train/Malignant/ACRIN-6698-188700/p-045,Malignant,True,train,3.5124208357447557,dynamic_range(z=-3.5),0.5065206510891386,False
train/Malignant/ISPY2-768214/p-049,Malignant,True,train,3.5124208357447557,dynamic_range(z=-3.5),0.5340714436881051,False
train/Malignant/ISPY2-122795/p-026,Malignant,True,train,3.511853527198301,entropy(z=-3.5),0.5223757208748668,False
train/Malignant/ISPY2-188511/p-082,Malignant,True,train,3.5113871432259662,"sharpness_lapvar(z=+3.2),noise_sigma(z=+3.5)",0.5201787055694737,False
train/Malignant/ISPY2-783771/p-021,Malignant,True,train,3.5109162329678387,"entropy(z=-3.5),snr(z=+3.5)",0.5941395408326616,True
train/Malignant/ISPY2-264678/p-051,Malignant,True,train,3.5084195019774156,hf_energy_frac(z=+3.5),0.48744418046341204,False
train/Malignant/ISPY2-865416/p-053,Malignant,True,train,3.5082336839920756,hf_energy_frac(z=+3.5),0.48463681777742795,False
train/Malignant/ISPY2-607047/p-033,Malignant,True,train,3.5081819554053366,hf_energy_frac(z=+3.5),0.4915665770038504,False
train/Malignant/ISPY2-250274/p-028,Malignant,True,train,3.5072325340786925,dynamic_range(z=-3.5),0.4770545074498047,False
train/Malignant/ISPY2-116165/p-037,Malignant,True,train,3.5072318215956293,dynamic_range(z=-3.5),0.4907194881269563,False
train/Malignant/ISPY2-832056/p-086,Malignant,True,train,3.507163008945626,hf_energy_frac(z=+3.5),0.4734949495961031,False
train/Malignant/ISPY2-759015/p-018,Malignant,True,train,3.506359276073714,snr(z=+3.5),0.5606298236398086,False
train/Malignant/ISPY2-605713/p-068,Malignant,True,train,3.506272874506021,snr(z=+3.5),0.4807870743796492,False
train/Malignant/ISPY2-605713/p-065,Malignant,True,train,3.5061978082756045,snr(z=+3.5),0.47533237123380745,False
train/Malignant/ISPY2-262131/p-067,Malignant,True,train,3.5055295585947768,width(z=+3.5),0.5229242664076392,False
train/Malignant/ISPY2-601489/p-031,Malignant,True,train,3.5055295585947768,width(z=+3.5),0.5091215999703612,False
train/Malignant/ISPY2-262131/p-065,Malignant,True,train,3.5055295585947768,width(z=+3.5),0.51989979574059,False
train/Malignant/ISPY2-559021/p-082,Malignant,True,train,3.5055295585947768,width(z=+3.5),0.4841990245586131,False
train/Malignant/ISPY2-559021/p-083,Malignant,True,train,3.5055295585947768,width(z=+3.5),0.4872807262998922,False
train/Malignant/ISPY2-262131/p-068,Malignant,True,train,3.5055295585947768,width(z=+3.5),0.5285603287368814,False
train/Malignant/ISPY2-781335/p-077,Malignant,True,train,3.5055295585947768,width(z=+3.5),0.5107697286698998,False
train/Malignant/ISPY2-601489/p-110,Malignant,True,train,3.5055295585947768,width(z=+3.5),0.518160023349902,False
train/Malignant/ACRIN-6698-299962/p-040,Malignant,True,train,3.5055295585947768,width(z=+3.5),0.4945276128556062,False
train/Malignant/ISPY2-357017/p-088,Malignant,True,train,3.5055295585947768,width(z=+3.5),0.48780694694788307,False
train/Malignant/ISPY2-601489/p-115,Malignant,True,train,3.5055295585947768,width(z=+3.5),0.5298527455287068,False
train/Malignant/ISPY2-357017/p-087,Malignant,True,train,3.5055295585947768,width(z=+3.5),0.4869902824221906,False
train/Malignant/ISPY2-262131/p-066,Malignant,True,train,3.5055295585947768,width(z=+3.5),0.5188226570302403,False
train/Malignant/ISPY2-559021/p-084,Malignant,True,train,3.5055295585947768,width(z=+3.5),0.4862787698914862,False
train/Malignant/ISPY2-781335/p-074,Malignant,True,train,3.5055295585947768,width(z=+3.5),0.49406806019754357,False
train/Malignant/ISPY2-573881/p-070,Malignant,True,train,3.505399522439598,sharpness_lapvar(z=+3.5),0.4592571140745954,False
train/Malignant/ACRIN-6698-573919/p-037,Malignant,True,train,3.5042873404161115,hf_energy_frac(z=+3.5),0.5421038208959821,False
train/Malignant/ISPY2-676630/p-083,Malignant,True,train,3.5040616785640073,entropy(z=-3.5),0.5011839243445795,False
train/Malignant/ISPY2-994987/p-043,Malignant,True,train,3.5032491372066086,"entropy(z=-3.5),snr(z=+3.2)",0.5161042704791502,False
train/Malignant/ISPY2-282082/p-039,Malignant,True,train,3.502603466744803,"sharpness_lapvar(z=+3.5),noise_sigma(z=+3.5)",0.5516721984033116,False
train/Malignant/ISPY2-768214/p-059,Malignant,True,train,3.5020449448956925,dynamic_range(z=-3.5),0.5005984756840891,False
val/Malignant/ISPY2-859699/p-063,Malignant,True,val,3.5020449448956925,dynamic_range(z=-3.5),0.5578926821176633,False
train/Malignant/ISPY2-872188/p-021,Malignant,True,train,3.5020449448956925,dynamic_range(z=-3.5),0.5159913967099329,False
train/Malignant/ISPY2-446263/p-049,Malignant,True,train,3.5020449448956925,dynamic_range(z=-3.5),0.5125298644017202,False
train/Malignant/ACRIN-6698-384830/p-047,Malignant,True,train,3.5020449448956925,dynamic_range(z=-3.5),0.4886020785158589,False
train/Malignant/ACRIN-6698-383456/p-041,Malignant,True,train,3.5020442324126293,dynamic_range(z=-3.5),0.5124591936036661,False
train/Malignant/ISPY2-832056/p-091,Malignant,True,train,3.5016982940877477,hf_energy_frac(z=+3.5),0.4722805300248912,False
train/Malignant/ISPY2-567907/p-059,Malignant,True,train,3.50158884842322,entropy(z=-3.5),0.4629459610447494,False
train/Malignant/ISPY2-957408/p-036,Malignant,True,train,3.499862526984923,entropy(z=-3.5),0.5467238308827966,False
train/Malignant/ISPY2-215932/p-080,Malignant,True,train,3.4997508124678576,entropy(z=-3.5),0.4657440222274224,False
train/Malignant/ISPY2-267306/p-173,Malignant,True,train,3.4997205988494264,aspect_ratio(z=+3.5),0.5489607813256943,False
train/Malignant/ISPY2-451482/p-106,Malignant,True,train,3.4985003048064205,"sharpness_lapvar(z=+3.4),noise_sigma(z=+3.5)",0.5338837167939404,False
train/Malignant/ISPY2-491779/p-059,Malignant,True,train,3.4983586978439005,hf_energy_frac(z=+3.5),0.5331350285652805,False
val/Malignant/ISPY2-157463/p-066,Malignant,True,val,3.497544853781876,snr(z=+3.5),0.4779967144661453,False
train/Malignant/ISPY2-212307/p-048,Malignant,True,train,3.4973830410958233,"sharpness_lapvar(z=+3.5),noise_sigma(z=+3.5)",0.5035172075763081,False
train/Malignant/ISPY2-167271/p-059,Malignant,True,train,3.496855930746566,dynamic_range(z=-3.5),0.47308161784023905,False
train/Malignant/ISPY2-726381/p-082,Malignant,True,train,3.4961280863280595,hf_energy_frac(z=+3.5),0.49374399102609656,False
train/Malignant/ACRIN-6698-317641/p-044,Malignant,True,train,3.495446079074433,snr(z=+3.5),0.4830466259723988,False
train/Malignant/ISPY2-836983/p-031,Malignant,True,train,3.4952115602052083,sharpness_lapvar(z=+3.5),0.491152464151032,False
train/Malignant/ACRIN-6698-775346/p-040,Malignant,True,train,3.4940423676582095,snr(z=+3.5),0.46652329120133224,False
train/Malignant/ISPY2-286984/p-021,Malignant,True,train,3.493816145763491,snr(z=+3.5),0.5155814154645366,False
train/Malignant/ISPY2-563856/p-033,Malignant,True,train,3.4926408326282865,entropy(z=-3.5),0.5035680681147595,False
train/Malignant/ISPY2-598798/p-070,Malignant,True,train,3.492609760020938,sharpness_lapvar(z=+3.5),0.5074511524194615,False
val/Malignant/ISPY2-123660/p-062,Malignant,True,val,3.4920103225239854,hf_energy_frac(z=+3.5),0.5040764270893178,False
train/Malignant/ISPY2-689188/p-013,Malignant,True,train,3.491668341563566,dynamic_range(z=-3.5),0.5345956270183686,False
train/Malignant/ACRIN-6698-843554/p-034,Malignant,True,train,3.491668341563566,dynamic_range(z=-3.5),0.5389337590210097,False
train/Malignant/ISPY2-405717/p-064,Malignant,True,train,3.491577276968836,entropy(z=-3.5),0.4872663126742661,False
train/Malignant/ISPY2-873686/p-100,Malignant,True,train,3.4910847777847724,"sharpness_lapvar(z=+3.5),noise_sigma(z=+3.1)",0.5297117463538633,False
train/Malignant/ISPY2-876511/p-092,Malignant,True,train,3.4889486986882363,hf_energy_frac(z=+3.5),0.47485685227276775,False
val/Malignant/ISPY2-123660/p-038,Malignant,True,val,3.4885832454961867,hf_energy_frac(z=+3.5),0.4663551186519594,False
train/Malignant/ISPY2-791944/p-101,Malignant,True,train,3.4883657104944112,sharpness_lapvar(z=+3.5),0.5148491963457826,False
train/Malignant/ISPY2-243836/p-019,Malignant,True,train,3.488174653649616,"entropy(z=-3.3),snr(z=+3.5)",0.5294355635482493,False
train/Malignant/ISPY2-252748/p-045,Malignant,True,train,3.487215063585711,hf_energy_frac(z=+3.5),0.4877339019250558,False
train/Malignant/ISPY2-535415/p-036,Malignant,True,train,3.4871642032696113,entropy(z=-3.5),0.497311405148505,False
train/Malignant/ISPY2-243836/p-017,Malignant,True,train,3.4871596042338417,snr(z=+3.5),0.5178907574058816,False
train/Malignant/ACRIN-6698-520471/p-095,Malignant,True,train,3.486796880557707,sharpness_lapvar(z=+3.5),0.5059031145655618,False
train/Malignant/ACRIN-6698-383456/p-045,Malignant,True,train,3.4864800398975033,dynamic_range(z=-3.5),0.49566855653792824,False
train/Malignant/ACRIN-6698-241998/p-059,Malignant,True,train,3.4864800398975033,dynamic_range(z=-3.5),0.5425189647567403,False
train/Malignant/ACRIN-6698-943633/p-061,Malignant,True,train,3.4864800398975033,dynamic_range(z=-3.5),0.4634180878991005,False
train/Malignant/ACRIN-6698-688955/p-032,Malignant,True,train,3.4864800398975033,dynamic_range(z=-3.5),0.4406917538610499,False
train/Malignant/ACRIN-6698-301665/p-070,Malignant,True,train,3.4864800398975033,dynamic_range(z=-3.5),0.5414372298797678,False
train/Malignant/ISPY2-125418/p-063,Malignant,True,train,3.486438387287689,aspect_ratio(z=+3.5),0.48079183415976523,False
train/Malignant/ACRIN-6698-144302/p-086,Malignant,True,train,3.4859357159453532,snr(z=+3.5),0.5679132370826143,False
train/Malignant/ISPY2-953262/p-092,Malignant,True,train,3.4824478004926815,sharpness_lapvar(z=+3.5),0.48130344849335027,False
train/Malignant/ISPY2-640463/p-049,Malignant,True,train,3.4824126203608543,"sharpness_lapvar(z=+3.5),noise_sigma(z=+3.5)",0.5287849788769615,False
train/Malignant/ISPY2-515141/p-060,Malignant,True,train,3.481530410571617,entropy(z=-3.5),0.5157833851902615,False
train/Malignant/ISPY2-286984/p-018,Malignant,True,train,3.4814211132701445,snr(z=+3.5),0.5218390768563848,False
val/Malignant/ISPY2-890414/p-057,Malignant,True,val,3.48129173823144,dynamic_range(z=-3.5),0.47418727166354835,False
train/Malignant/ISPY2-117707/p-019,Malignant,True,train,3.48129173823144,dynamic_range(z=-3.5),0.5296109110406857,False
train/Malignant/ACRIN-6698-383456/p-044,Malignant,True,train,3.48129173823144,dynamic_range(z=-3.5),0.4771462664895905,False
train/Malignant/ISPY2-873686/p-096,Malignant,True,train,3.480910071831941,"sharpness_lapvar(z=+3.5),noise_sigma(z=+3.1)",0.521895441725004,False
train/Malignant/ISPY2-303947/p-114,Malignant,True,train,3.4801019485138793,sharpness_lapvar(z=+3.5),0.5175184761786537,False
train/Malignant/ISPY2-262131/p-058,Malignant,True,train,3.4800233678428443,width(z=+3.5),0.5284685987061325,False
train/Malignant/ISPY2-262131/p-073,Malignant,True,train,3.4800233678428443,width(z=+3.5),0.5252159829678479,False
train/Malignant/ISPY2-262131/p-072,Malignant,True,train,3.4800233678428443,width(z=+3.5),0.5263995843266915,False
train/Malignant/ISPY2-357017/p-089,Malignant,True,train,3.4800233678428443,width(z=+3.5),0.4858754070754728,False
train/Malignant/ISPY2-601489/p-029,Malignant,True,train,3.4800233678428443,width(z=+3.5),0.5070166505786913,False
train/Malignant/ISPY2-262131/p-064,Malignant,True,train,3.4800233678428443,width(z=+3.5),0.5173930875666533,False
train/Malignant/ISPY2-601489/p-030,Malignant,True,train,3.4800233678428443,width(z=+3.5),0.5026056753266164,False
train/Malignant/ISPY2-559021/p-080,Malignant,True,train,3.4800233678428443,width(z=+3.5),0.47987288638739334,False
train/Malignant/ISPY2-559021/p-079,Malignant,True,train,3.4800233678428443,width(z=+3.5),0.4834169301833119,False
train/Malignant/ISPY2-559021/p-009,Malignant,True,train,3.4800233678428443,width(z=+3.5),0.543836553035877,False
train/Malignant/ISPY2-559021/p-081,Malignant,True,train,3.4800233678428443,width(z=+3.5),0.48330368715277144,False
train/Malignant/ISPY2-601489/p-028,Malignant,True,train,3.4800233678428443,width(z=+3.5),0.5070166505786913,False
train/Malignant/ISPY2-781335/p-078,Malignant,True,train,3.4800233678428443,width(z=+3.5),0.5129240653717039,False
train/Malignant/ISPY2-262131/p-074,Malignant,True,train,3.4800233678428443,width(z=+3.5),0.524505705744882,False
train/Malignant/ISPY2-781335/p-022,Malignant,True,train,3.4800233678428443,width(z=+3.5),0.47971764922329807,False
train/Malignant/ISPY2-601489/p-108,Malignant,True,train,3.4800233678428443,width(z=+3.5),0.5148830544144571,False
train/Malignant/ISPY2-601489/p-109,Malignant,True,train,3.4800233678428443,width(z=+3.5),0.5143018721488918,False
train/Malignant/ISPY2-769972/p-030,Malignant,True,train,3.4799328518957733,snr(z=+3.5),0.5225628594058911,False
train/Malignant/ISPY2-349639/p-121,Malignant,True,train,3.479387843492696,hf_energy_frac(z=+3.5),0.5339350933722722,False
train/Malignant/ISPY2-188511/p-072,Malignant,True,train,3.4784873829025718,noise_sigma(z=+3.5),0.525893690016749,False
val/Malignant/ACRIN-6698-928815/p-065,Malignant,True,val,3.4780055481106134,snr(z=+3.5),0.5066921235574091,False
train/Malignant/ISPY2-953262/p-088,Malignant,True,train,3.477140189299608,sharpness_lapvar(z=+3.5),0.5518779897300852,False
train/Malignant/ISPY2-541165/p-039,Malignant,True,train,3.4768751949632377,aspect_ratio(z=+3.5),0.5245492176622525,False
train/Malignant/ISPY2-360937/p-010,Malignant,True,train,3.4768751949632377,aspect_ratio(z=+3.5),0.4758773383272523,False
train/Malignant/ACRIN-6698-753109/p-041,Malignant,True,train,3.4768751949632377,aspect_ratio(z=+3.5),0.4846567966072482,False
train/Malignant/ISPY2-198891/p-033,Malignant,True,train,3.476103436565377,dynamic_range(z=-3.5),0.47517335802601357,False
train/Malignant/ISPY2-266509/p-051,Malignant,True,train,3.476103436565377,dynamic_range(z=-3.5),0.4766002591701322,False
train/Malignant/ISPY2-439489/p-020,Malignant,True,train,3.476103436565377,dynamic_range(z=-3.5),0.4853945563676959,False
val/Malignant/ISPY2-241705/p-038,Malignant,True,val,3.476103436565377,dynamic_range(z=-3.5),0.4753347172261539,False
train/Malignant/ACRIN-6698-641246/p-034,Malignant,True,train,3.4759914815168997,sharpness_lapvar(z=+3.5),0.527855407706694,False
train/Malignant/ISPY2-994987/p-038,Malignant,True,train,3.4748098382188455,snr(z=+3.5),0.5118132512782154,False
train/Malignant/ISPY2-959366/p-110,Malignant,True,train,3.4744451546713706,"sharpness_lapvar(z=+3.0),noise_sigma(z=+3.5)",0.5648575322246551,False
train/Malignant/ISPY2-994987/p-042,Malignant,True,train,3.4744065223409115,entropy(z=-3.5),0.5130473881342874,False
train/Malignant/ISPY2-726091/p-026,Malignant,True,train,3.473722617942531,"sharpness_lapvar(z=+3.5),noise_sigma(z=+3.2)",0.5995326368017261,True
val/Malignant/ISPY2-157463/p-033,Malignant,True,val,3.473418282517656,snr(z=+3.5),0.4980994015310516,False
val/Malignant/ISPY2-859699/p-084,Malignant,True,val,3.4723603778345,hf_energy_frac(z=+3.5),0.5039929633158442,False
train/Malignant/ISPY2-598798/p-068,Malignant,True,train,3.4719238425064924,sharpness_lapvar(z=+3.5),0.5137568019741469,False
train/Malignant/ISPY2-851488/p-118,Malignant,True,train,3.4715635750094553,hf_energy_frac(z=+3.5),0.4748284298260379,False
train/Malignant/ISPY2-236470/p-088,Malignant,True,train,3.470915847382377,dynamic_range(z=-3.5),0.5443900822504785,False
train/Malignant/ISPY2-284355/p-056,Malignant,True,train,3.470915847382377,dynamic_range(z=-3.5),0.5280098657689308,False
train/Malignant/ACRIN-6698-280375/p-041,Malignant,True,train,3.470915847382377,dynamic_range(z=-3.5),0.5521179597052087,False
val/Malignant/ISPY2-279902/p-048,Malignant,True,val,3.4709151348993137,dynamic_range(z=-3.5),0.49733304792955174,False
train/Malignant/ISPY2-208265/p-062,Malignant,True,train,3.4702426583511174,aspect_ratio(z=+3.5),0.47705637838549686,False
train/Malignant/ISPY2-415039/p-024,Malignant,True,train,3.4702426583511174,aspect_ratio(z=+3.5),0.5234751202294399,False
train/Malignant/ISPY2-174904/p-024,Malignant,True,train,3.4693035501070635,entropy(z=-3.5),0.5493596670564873,False
train/Malignant/ISPY2-885871/p-044,Malignant,True,train,3.4692753392183127,"entropy(z=-3.5),snr(z=+3.3)",0.547164306547548,False
train/Malignant/ISPY2-640463/p-086,Malignant,True,train,3.4688550133257903,sharpness_lapvar(z=+3.5),0.4992159771791316,False
train/Malignant/ISPY2-125418/p-067,Malignant,True,train,3.46812589134725,aspect_ratio(z=+3.5),0.4682792395957056,False
train/Malignant/ISPY2-151980/p-088,Malignant,True,train,3.466853314810516,"sharpness_lapvar(z=+3.5),noise_sigma(z=+3.4)",0.5199551699441799,False
train/Malignant/ACRIN-6698-629606/p-089,Malignant,True,train,3.4665662653290843,sharpness_lapvar(z=+3.5),0.4676954937144184,False
train/Malignant/ISPY2-262131/p-007,Malignant,True,train,3.4657275457163137,dynamic_range(z=-3.5),0.5101402240598245,False
train/Malignant/ACRIN-6698-848003/p-038,Malignant,True,train,3.4657275457163137,dynamic_range(z=-3.5),0.5579198608840804,False
train/Malignant/ACRIN-6698-280375/p-032,Malignant,True,train,3.4657275457163137,dynamic_range(z=-3.5),0.4765728817303302,False
train/Malignant/ISPY2-831702/p-059,Malignant,True,train,3.465651742748785,hf_energy_frac(z=+3.5),0.5661735860985108,False
train/Malignant/ACRIN-6698-894673/p-090,Malignant,True,train,3.46544422792972,hf_energy_frac(z=+3.5),0.5212871747725293,False
train/Malignant/ISPY2-178649/p-043,Malignant,True,train,3.464953077834859,"sharpness_lapvar(z=+3.5),aspect_ratio(z=+3.5)",0.5708624822654494,False
train/Malignant/ISPY2-349639/p-109,Malignant,True,train,3.4648110870440414,"sharpness_lapvar(z=+3.3),noise_sigma(z=+3.2),hf_energy_frac(z=+3.5)",0.5511844869062726,False
val/Malignant/ISPY2-199960/p-098,Malignant,True,val,3.464024655277256,aspect_ratio(z=+3.5),0.4955201355193379,False
train/Malignant/ISPY2-115638/p-058,Malignant,True,train,3.464024655277256,aspect_ratio(z=+3.5),0.5061356510813992,False
train/Malignant/ISPY2-133650/p-013,Malignant,True,train,3.464024655277256,aspect_ratio(z=+3.5),0.5135597620286221,False
train/Malignant/ISPY2-729270/p-030,Malignant,True,train,3.4627739490894993,sharpness_lapvar(z=+3.5),0.5468549418308771,False
train/Malignant/ACRIN-6698-547892/p-040,Malignant,True,train,3.462317744202251,entropy(z=-3.5),0.4926858294098955,False
train/Malignant/ISPY2-953262/p-089,Malignant,True,train,3.46090379367584,sharpness_lapvar(z=+3.5),0.5441725938175234,False
train/Malignant/ISPY2-423619/p-047,Malignant,True,train,3.4607560063339777,entropy(z=-3.5),0.5243920107332457,False
train/Malignant/ISPY2-202956/p-018,Malignant,True,train,3.460539244050251,dynamic_range(z=-3.5),0.48534894504409287,False
train/Malignant/ISPY2-250274/p-027,Malignant,True,train,3.460539244050251,dynamic_range(z=-3.5),0.4720709365278843,False
train/Malignant/ISPY2-442669/p-022,Malignant,True,train,3.460539244050251,dynamic_range(z=-3.5),0.48574596039800966,False
train/Malignant/ISPY2-676630/p-086,Malignant,True,train,3.4601678891752465,entropy(z=-3.5),0.5207146819109043,False
train/Malignant/ISPY2-423619/p-046,Malignant,True,train,3.459772204156782,entropy(z=-3.5),0.5377912712269196,False
train/Malignant/ISPY2-824512/p-042,Malignant,True,train,3.4595205254649826,hf_energy_frac(z=+3.5),0.5282262190737981,False
train/Malignant/ACRIN-6698-531988/p-030,Malignant,True,train,3.458172186391076,snr(z=+3.5),0.5222867561720371,False
train/Malignant/ISPY2-959366/p-101,Malignant,True,train,3.4574935807365548,noise_sigma(z=+3.5),0.5716925787806751,False
train/Malignant/ISPY2-836983/p-061,Malignant,True,train,3.4564369366477403,sharpness_lapvar(z=+3.5),0.48090646108682067,False
train/Malignant/ISPY2-262131/p-061,Malignant,True,train,3.4545171770909118,width(z=+3.5),0.5305022279401733,False
train/Malignant/ISPY2-262131/p-054,Malignant,True,train,3.4545171770909118,width(z=+3.5),0.5173420800624348,False
train/Malignant/ISPY2-262131/p-060,Malignant,True,train,3.4545171770909118,width(z=+3.5),0.5295289042260948,False
train/Malignant/ISPY2-262131/p-063,Malignant,True,train,3.4545171770909118,width(z=+3.5),0.521474245364146,False
train/Malignant/ISPY2-262131/p-057,Malignant,True,train,3.4545171770909118,width(z=+3.5),0.5287296162822778,False
train/Malignant/ISPY2-559021/p-071,Malignant,True,train,3.4545171770909118,width(z=+3.5),0.48227711612209645,False
train/Malignant/ISPY2-559021/p-050,Malignant,True,train,3.4545171770909118,width(z=+3.5),0.498720076210789,False
train/Malignant/ISPY2-559021/p-022,Malignant,True,train,3.4545171770909118,width(z=+3.5),0.5147726803525384,False
train/Malignant/ISPY2-559021/p-052,Malignant,True,train,3.4545171770909118,width(z=+3.5),0.5001111627842537,False
train/Malignant/ISPY2-559021/p-021,Malignant,True,train,3.4545171770909118,width(z=+3.5),0.5154721009844869,False
train/Malignant/ISPY2-559021/p-049,Malignant,True,train,3.4545171770909118,width(z=+3.5),0.5053163680828708,False
train/Malignant/ISPY2-357017/p-078,Malignant,True,train,3.4545171770909118,width(z=+3.5),0.4783504836590886,False
train/Malignant/ISPY2-559021/p-008,Malignant,True,train,3.4545171770909118,width(z=+3.5),0.5326675751052584,False
train/Malignant/ACRIN-6698-299962/p-038,Malignant,True,train,3.4545171770909118,width(z=+3.5),0.48685164648325563,False
train/Malignant/ISPY2-262131/p-059,Malignant,True,train,3.4545171770909118,width(z=+3.5),0.5295289042260948,False
train/Malignant/ISPY2-601489/p-027,Malignant,True,train,3.4545171770909118,width(z=+3.5),0.5054840799017662,False
train/Malignant/ISPY2-262131/p-062,Malignant,True,train,3.4545171770909118,width(z=+3.5),0.5232827266331612,False
train/Malignant/ISPY2-262131/p-069,Malignant,True,train,3.4545171770909118,width(z=+3.5),0.5274072688779341,False
train/Malignant/ISPY2-262131/p-070,Malignant,True,train,3.4545171770909118,width(z=+3.5),0.5274377008962232,False
train/Malignant/ISPY2-559021/p-051,Malignant,True,train,3.4545171770909118,width(z=+3.5),0.4989866705364085,False
train/Malignant/ISPY2-262131/p-071,Malignant,True,train,3.4545171770909118,width(z=+3.5),0.5241101673388477,False
train/Malignant/ISPY2-188511/p-079,Malignant,True,train,3.4544683455867413,"sharpness_lapvar(z=+3.4),noise_sigma(z=+3.5)",0.5223063793742606,False
train/Malignant/ACRIN-6698-520471/p-096,Malignant,True,train,3.4539238515785127,sharpness_lapvar(z=+3.5),0.49055994968388056,False
train/Malignant/ISPY2-255078/p-023,Malignant,True,train,3.4536283721643075,hf_energy_frac(z=+3.5),0.4796977893594906,False
train/Malignant/ISPY2-683173/p-018,Malignant,True,train,3.452685943789624,aspect_ratio(z=+3.5),0.48240256684453886,False
train/Malignant/ISPY2-598798/p-066,Malignant,True,train,3.452419263621667,sharpness_lapvar(z=+3.5),0.5090355592841196,False
train/Malignant/ISPY2-243836/p-014,Malignant,True,train,3.4516313965599084,snr(z=+3.5),0.5240245265713316,False
train/Malignant/ISPY2-188511/p-084,Malignant,True,train,3.4512219101713697,"sharpness_lapvar(z=+3.1),noise_sigma(z=+3.5)",0.5283927095622851,False
train/Malignant/ISPY2-676365/p-091,Malignant,True,train,3.4501633532011877,dynamic_range(z=-3.5),0.5017558865021214,False
val/Malignant/ISPY2-345483/p-083,Malignant,True,val,3.4501633532011877,dynamic_range(z=-3.5),0.5288920130300957,False
train/Malignant/ISPY2-117707/p-032,Malignant,True,train,3.4501633532011877,dynamic_range(z=-3.5),0.5194646964949592,False
train/Malignant/ISPY2-417654/p-042,Malignant,True,train,3.4501626407181245,dynamic_range(z=-3.5),0.48882516785771074,False
train/Malignant/ISPY2-905264/p-046,Malignant,True,train,3.4500189131371983,entropy(z=-3.5),0.5290171730939053,False
train/Malignant/ACRIN-6698-467686/p-052,Malignant,True,train,3.4492067319883337,snr(z=+3.4),0.4803723197300261,False
train/Malignant/ISPY2-303947/p-118,Malignant,True,train,3.4488436365998587,"sharpness_lapvar(z=+3.4),noise_sigma(z=+3.1)",0.5158402809841083,False
train/Malignant/ISPY2-960490/p-072,Malignant,True,train,3.4483724547055012,entropy(z=-3.4),0.5170942467681964,False
train/Malignant/ISPY2-527320/p-115,Malignant,True,train,3.44750253282385,aspect_ratio(z=+3.4),0.4921821424941961,False
train/Malignant/ISPY2-590299/p-097,Malignant,True,train,3.44750253282385,aspect_ratio(z=+3.4),0.4990609210174502,False
val/Malignant/ISPY2-930853/p-035,Malignant,True,val,3.4462337120943363,snr(z=+3.4),0.5635615349142745,False
train/Malignant/ISPY2-953262/p-095,Malignant,True,train,3.4461347664491577,sharpness_lapvar(z=+3.4),0.48108392792608284,False
train/Malignant/ISPY2-417654/p-014,Malignant,True,train,3.4449750515351245,dynamic_range(z=-3.4),0.495058168560185,False
train/Malignant/ISPY2-831702/p-056,Malignant,True,train,3.4449750515351245,dynamic_range(z=-3.4),0.5373481839515404,False
train/Malignant/ISPY2-613188/p-015,Malignant,True,train,3.4449750515351245,dynamic_range(z=-3.4),0.5263049217894925,False
train/Malignant/ISPY2-568953/p-045,Malignant,True,train,3.4449750515351245,dynamic_range(z=-3.4),0.5784316555853399,False
train/Malignant/ACRIN-6698-317641/p-049,Malignant,True,train,3.4439198347805817,snr(z=+3.4),0.479111627209415,False
train/Malignant/ISPY2-451482/p-110,Malignant,True,train,3.44337877889547,"sharpness_lapvar(z=+3.4),noise_sigma(z=+3.4)",0.5465454448996186,False
train/Malignant/ACRIN-6698-685795/p-029,Malignant,True,train,3.4422850274410535,entropy(z=-3.4),0.5210427905905467,False
train/Malignant/ISPY2-181442/p-043,Malignant,True,train,3.442230636893918,entropy(z=-3.4),0.4718908118899478,False
train/Malignant/ISPY2-959366/p-109,Malignant,True,train,3.4399788125067845,noise_sigma(z=+3.4),0.509971996939603,False
train/Malignant/ACRIN-6698-607843/p-007,Malignant,True,train,3.4397867498690613,dynamic_range(z=-3.4),0.5355533575365701,False
train/Malignant/ISPY2-596458/p-058,Malignant,True,train,3.4391798073439976,sharpness_lapvar(z=+3.4),0.4902194623890215,False
train/Malignant/ACRIN-6698-317641/p-046,Malignant,True,train,3.439010689749591,snr(z=+3.4),0.48888140717691053,False
train/Malignant/ISPY2-262131/p-124,Malignant,True,train,3.4388822950220743,aspect_ratio(z=+3.4),0.49398537898694495,False
train/Malignant/ISPY2-832056/p-063,Malignant,True,train,3.4386011479303966,hf_energy_frac(z=+3.4),0.4638749990619282,False
train/Malignant/ISPY2-155171/p-107,Malignant,True,train,3.437976264021887,aspect_ratio(z=+3.4),0.4747930172652046,False
train/Malignant/ISPY2-836983/p-050,Malignant,True,train,3.4378623368999146,sharpness_lapvar(z=+3.4),0.48530484610202856,False
train/Malignant/ISPY2-301968/p-059,Malignant,True,train,3.4366319851923404,entropy(z=-3.4),0.45193207872557223,False
train/Malignant/ISPY2-212307/p-055,Malignant,True,train,3.4362904478213125,"sharpness_lapvar(z=+3.4),noise_sigma(z=+3.2)",0.5030151884146657,False
train/Malignant/ISPY2-515141/p-055,Malignant,True,train,3.4357485325943418,entropy(z=-3.4),0.5009046248744699,False
train/Malignant/ACRIN-6698-584561/p-060,Malignant,True,train,3.4345984482029985,dynamic_range(z=-3.4),0.5591886143399764,False
train/Malignant/ACRIN-6698-802308/p-019,Malignant,True,train,3.4345984482029985,dynamic_range(z=-3.4),0.5382440437873,False
train/Malignant/ISPY2-167271/p-060,Malignant,True,train,3.4345984482029985,dynamic_range(z=-3.4),0.48260954174486487,False
train/Malignant/ISPY2-934459/p-064,Malignant,True,train,3.4345984482029985,dynamic_range(z=-3.4),0.5663680633356366,False
train/Malignant/ACRIN-6698-924071/p-019,Malignant,True,train,3.4345984482029985,dynamic_range(z=-3.4),0.5205091834787957,False
val/Malignant/ISPY2-157463/p-038,Malignant,True,val,3.434050081984219,snr(z=+3.4),0.5368869500425396,False
train/Malignant/ISPY2-180027/p-023,Malignant,True,train,3.4335891665472995,aspect_ratio(z=+3.4),0.5125419336133937,False
train/Malignant/ISPY2-318569/p-072,Malignant,True,train,3.4335891665472995,aspect_ratio(z=+3.4),0.4755328854278406,False
train/Malignant/ISPY2-605713/p-070,Malignant,True,train,3.433495343847404,snr(z=+3.4),0.47720207155003125,False
train/Malignant/ACRIN-6698-691753/p-041,Malignant,True,train,3.4326387799455604,entropy(z=-3.4),0.4842626573723102,False
train/Malignant/ACRIN-6698-738041/p-051,Malignant,True,train,3.4322793328502472,snr(z=+3.4),0.4710895801713907,False
train/Malignant/ISPY2-567907/p-065,Malignant,True,train,3.431851613367904,entropy(z=-3.4),0.4905632680038279,False
train/Malignant/ISPY2-832056/p-067,Malignant,True,train,3.4317617471902397,hf_energy_frac(z=+3.4),0.47370042844935695,False
train/Malignant/ACRIN-6698-734997/p-043,Malignant,True,train,3.430790500916959,aspect_ratio(z=+3.4),0.483224644630133,False
train/Malignant/ACRIN-6698-584561/p-062,Malignant,True,train,3.4294108590199985,dynamic_range(z=-3.4),0.4729107088191013,False
train/Malignant/ACRIN-6698-899692/p-042,Malignant,True,train,3.4294101465369353,dynamic_range(z=-3.4),0.5014590502860691,False
train/Malignant/ISPY2-974618/p-056,Malignant,True,train,3.4294101465369353,dynamic_range(z=-3.4),0.5146094899447557,False
train/Malignant/ACRIN-6698-188700/p-061,Malignant,True,train,3.4294101465369353,dynamic_range(z=-3.4),0.4725147016575898,False
train/Malignant/ISPY2-262131/p-080,Malignant,True,train,3.4290109863389797,width(z=+3.4),0.522664874918235,False
train/Malignant/ISPY2-262131/p-079,Malignant,True,train,3.4290109863389797,width(z=+3.4),0.518216514501783,False
train/Malignant/ISPY2-357017/p-075,Malignant,True,train,3.4290109863389797,width(z=+3.4),0.47446938453471327,False
train/Malignant/ISPY2-559021/p-048,Malignant,True,train,3.4290109863389797,width(z=+3.4),0.502046214659147,False
train/Malignant/ISPY2-559021/p-023,Malignant,True,train,3.4290109863389797,width(z=+3.4),0.5059287368993407,False
train/Malignant/ISPY2-559021/p-020,Malignant,True,train,3.4290109863389797,width(z=+3.4),0.5181936681922006,False
train/Malignant/ISPY2-357017/p-069,Malignant,True,train,3.4290109863389797,width(z=+3.4),0.4740814236631084,False
train/Malignant/ISPY2-262131/p-081,Malignant,True,train,3.4290109863389797,width(z=+3.4),0.5185714949766119,False
train/Malignant/ISPY2-262131/p-076,Malignant,True,train,3.4290109863389797,width(z=+3.4),0.5272392172540483,False
train/Malignant/ISPY2-262131/p-077,Malignant,True,train,3.4290109863389797,width(z=+3.4),0.5203720764591364,False
train/Malignant/ISPY2-262131/p-055,Malignant,True,train,3.4290109863389797,width(z=+3.4),0.5203245892581705,False
train/Malignant/ISPY2-262131/p-056,Malignant,True,train,3.4290109863389797,width(z=+3.4),0.5263169203914052,False
train/Malignant/ISPY2-262131/p-082,Malignant,True,train,3.4290109863389797,width(z=+3.4),0.5202858228741636,False
train/Malignant/ISPY2-781335/p-079,Malignant,True,train,3.4290109863389797,width(z=+3.4),0.5198078159756678,False
train/Malignant/ISPY2-262131/p-075,Malignant,True,train,3.4290109863389797,width(z=+3.4),0.5253715212850024,False
train/Malignant/ISPY2-540539/p-119,Malignant,True,train,3.42869542023236,hf_energy_frac(z=+3.4),0.5131693713731227,False
train/Malignant/ISPY2-188511/p-070,Malignant,True,train,3.4286248657152134,"sharpness_lapvar(z=+3.0),noise_sigma(z=+3.4)",0.5361567494645,False
train/Malignant/ISPY2-188511/p-071,Malignant,True,train,3.428311028119623,noise_sigma(z=+3.4),0.5361304685786277,False
train/Malignant/ISPY2-596458/p-060,Malignant,True,train,3.427321553633286,sharpness_lapvar(z=+3.4),0.4784640299365484,False
train/Malignant/ACRIN-6698-687288/p-031,Malignant,True,train,3.4249122791292144,hf_energy_frac(z=+3.4),0.4966670019997463,False
train/Malignant/ISPY2-349639/p-070,Malignant,True,train,3.4247289308747098,sharpness_lapvar(z=+3.4),0.5232019528955618,False
train/Malignant/ACRIN-6698-571995/p-062,Malignant,True,train,3.424548411027454,snr(z=+3.4),0.518464755110907,False
val/Malignant/ISPY2-318293/p-046,Malignant,True,val,3.4242960622961394,sharpness_lapvar(z=+3.4),0.5203959992210184,False
train/Malignant/ISPY2-342142/p-045,Malignant,True,train,3.4242225573539353,"dynamic_range(z=-3.4),snr(z=+3.2)",0.5233830422266971,False
train/Malignant/ACRIN-6698-584561/p-061,Malignant,True,train,3.4242225573539353,dynamic_range(z=-3.4),0.53315443522325,False
val/Malignant/ISPY2-380769/p-052,Malignant,True,val,3.424221844870872,dynamic_range(z=-3.4),0.50469529755771,False
train/Malignant/ISPY2-756412/p-011,Malignant,True,train,3.424221844870872,dynamic_range(z=-3.4),0.5039228937901582,False
train/Malignant/ISPY2-830958/p-019,Malignant,True,train,3.424221844870872,dynamic_range(z=-3.4),0.48667349561258133,False
train/Malignant/ACRIN-6698-280375/p-040,Malignant,True,train,3.424221844870872,dynamic_range(z=-3.4),0.5391617149213898,False
train/Malignant/ISPY2-845079/p-050,Malignant,True,train,3.424221844870872,dynamic_range(z=-3.4),0.5207132390648856,False
train/Malignant/ISPY2-111674/p-018,Malignant,True,train,3.421800135701816,entropy(z=-3.4),0.5643825302600524,False
train/Malignant/ISPY2-535415/p-033,Malignant,True,train,3.4217832418808642,entropy(z=-3.4),0.49975555734816585,False
train/Malignant/ACRIN-6698-973837/p-072,Malignant,True,train,3.421711902652682,aspect_ratio(z=+3.4),0.5158329930024732,False
train/Malignant/ACRIN-6698-564701/p-070,Malignant,True,train,3.421117114761296,hf_energy_frac(z=+3.4),0.545198848761658,False
train/Malignant/ISPY2-473505/p-061,Malignant,True,train,3.4209023275077484,hf_energy_frac(z=+3.4),0.5249066435093196,False
train/Malignant/ISPY2-248255/p-066,Malignant,True,train,3.420850763440108,entropy(z=-3.4),0.5428333032657741,False
train/Malignant/ISPY2-282082/p-047,Malignant,True,train,3.4201237653784657,hf_energy_frac(z=+3.4),0.47456721171605526,False
train/Malignant/ACRIN-6698-263143/p-036,Malignant,True,train,3.4201041864733313,snr(z=+3.4),0.5190618459728382,False
val/Malignant/ACRIN-6698-928815/p-078,Malignant,True,val,3.4192942888817086,snr(z=+3.4),0.5238262629111917,False
train/Malignant/ISPY2-598798/p-046,Malignant,True,train,3.419278559726395,sharpness_lapvar(z=+3.4),0.5626147703667035,False
train/Malignant/ISPY2-116165/p-034,Malignant,True,train,3.4190349681709353,dynamic_range(z=-3.4),0.4608934450045672,False
train/Malignant/ISPY2-974618/p-035,Malignant,True,train,3.419034255687872,dynamic_range(z=-3.4),0.5012120327225724,False
train/Malignant/ISPY2-898618/p-057,Malignant,True,train,3.419033543204809,dynamic_range(z=-3.4),0.5391554027055927,False
train/Malignant/ISPY2-318438/p-112,Malignant,True,train,3.418690699406356,hf_energy_frac(z=+3.4),0.5453757735226337,False
train/Malignant/ISPY2-746265/p-063,Malignant,True,train,3.4181298706844636,aspect_ratio(z=+3.4),0.4889481032652928,False
train/Malignant/ISPY2-598798/p-038,Malignant,True,train,3.4181007900956555,sharpness_lapvar(z=+3.4),0.5743182747461888,False
train/Malignant/ISPY2-803677/p-048,Malignant,True,train,3.4164291772512265,entropy(z=-3.4),0.5986408705592098,True
train/Malignant/ISPY2-125418/p-095,Malignant,True,train,3.414714444854303,aspect_ratio(z=+3.4),0.44803729430998196,False
train/Malignant/ISPY2-192548/p-030,Malignant,True,train,3.413845954021809,dynamic_range(z=-3.4),0.45800307348107355,False
train/Malignant/ACRIN-6698-943633/p-060,Malignant,True,train,3.413845954021809,dynamic_range(z=-3.4),0.47090929949139826,False
val/Malignant/ACRIN-6698-928815/p-066,Malignant,True,val,3.413434462388371,snr(z=+3.4),0.5015478443416519,False
train/Malignant/ISPY2-791944/p-115,Malignant,True,train,3.413181689923631,sharpness_lapvar(z=+3.4),0.5343333544031608,False
train/Malignant/ISPY2-188511/p-094,Malignant,True,train,3.4121420915352854,"sharpness_lapvar(z=+3.4),noise_sigma(z=+3.3)",0.5161843444675495,False
train/Malignant/ACRIN-6698-962153/p-095,Malignant,True,train,3.411454265652785,aspect_ratio(z=+3.4),0.4776371957085134,False
train/Malignant/ISPY2-834418/p-031,Malignant,True,train,3.411454265652785,aspect_ratio(z=+3.4),0.5134893488583755,False
train/Malignant/ISPY2-953262/p-112,Malignant,True,train,3.4113971904831164,sharpness_lapvar(z=+3.4),0.516656102759814,False
train/Malignant/ISPY2-650589/p-062,Malignant,True,train,3.411334478074207,sharpness_lapvar(z=+3.4),0.495959903821942,False
train/Malignant/ISPY2-640463/p-076,Malignant,True,train,3.41024542355851,sharpness_lapvar(z=+3.4),0.4868201514036079,False
train/Malignant/ACRIN-6698-783764/p-042,Malignant,True,train,3.4101404505373423,"contrast(z=-3.4),entropy(z=-3.2),dynamic_range(z=-3.4)",0.5886957482165505,True
train/Malignant/ACRIN-6698-263143/p-034,Malignant,True,train,3.409092161942562,snr(z=+3.4),0.5289539224171789,False
train/Malignant/ISPY2-676365/p-093,Malignant,True,train,3.4086583648388094,dynamic_range(z=-3.4),0.5027070483747544,False
val/Malignant/ISPY2-318293/p-047,Malignant,True,val,3.4071256086795074,sharpness_lapvar(z=+3.4),0.5472543400137567,False
train/Malignant/ISPY2-466267/p-026,Malignant,True,train,3.4064871422833565,entropy(z=-3.4),0.567629829385641,False
train/Malignant/ISPY2-332655/p-041,Malignant,True,train,3.405962194171921,hf_energy_frac(z=+3.4),0.5043826291288254,False
train/Malignant/ISPY2-169536/p-024,Malignant,True,train,3.4055843110198856,sharpness_lapvar(z=+3.4),0.51312794816429,False
train/Malignant/ISPY2-197942/p-053,Malignant,True,train,3.405359148015166,aspect_ratio(z=+3.4),0.48560681583958326,False
val/Malignant/ACRIN-6698-928815/p-077,Malignant,True,val,3.4050611656178886,snr(z=+3.4),0.5021992074130063,False
train/Malignant/ISPY2-598798/p-065,Malignant,True,train,3.4048195255453795,sharpness_lapvar(z=+3.4),0.5177690396191581,False
train/Malignant/ISPY2-598798/p-092,Malignant,True,train,3.40406952592338,sharpness_lapvar(z=+3.4),0.5255460655440811,False
train/Malignant/ISPY2-262131/p-048,Malignant,True,train,3.403504795587047,width(z=+3.4),0.5024693124605752,False
train/Malignant/ISPY2-559021/p-047,Malignant,True,train,3.403504795587047,width(z=+3.4),0.4779472318215379,False
train/Malignant/ISPY2-559021/p-072,Malignant,True,train,3.403504795587047,width(z=+3.4),0.4897737589639058,False
train/Malignant/ISPY2-781335/p-021,Malignant,True,train,3.403504795587047,width(z=+3.4),0.4816532729676166,False
train/Malignant/ISPY2-559021/p-013,Malignant,True,train,3.403504795587047,width(z=+3.4),0.522178275751037,False
train/Malignant/ISPY2-357017/p-068,Malignant,True,train,3.403504795587047,width(z=+3.4),0.47195706326250586,False
train/Malignant/ISPY2-357017/p-076,Malignant,True,train,3.403504795587047,width(z=+3.4),0.47446938453471327,False
train/Malignant/ISPY2-262131/p-078,Malignant,True,train,3.403504795587047,width(z=+3.4),0.5242147471979078,False
train/Malignant/ISPY2-601489/p-033,Malignant,True,train,3.403504795587047,width(z=+3.4),0.500283462958579,False
train/Malignant/ISPY2-262131/p-051,Malignant,True,train,3.403504795587047,width(z=+3.4),0.5034936960973462,False
train/Malignant/ISPY2-262131/p-053,Malignant,True,train,3.403504795587047,width(z=+3.4),0.5082361220251329,False
train/Malignant/ISPY2-262131/p-052,Malignant,True,train,3.403504795587047,width(z=+3.4),0.5053904082085943,False
train/Malignant/ISPY2-262131/p-047,Malignant,True,train,3.403504795587047,width(z=+3.4),0.5015271197157056,False
train/Malignant/ISPY2-262131/p-049,Malignant,True,train,3.403504795587047,width(z=+3.4),0.5036883603262181,False
train/Malignant/ISPY2-357017/p-090,Malignant,True,train,3.403504795587047,width(z=+3.4),0.47960633996756374,False
train/Malignant/ISPY2-999264/p-028,Malignant,True,train,3.403470063172746,dynamic_range(z=-3.4),0.5098170036213561,False
train/Malignant/ISPY2-439489/p-021,Malignant,True,train,3.403470063172746,dynamic_range(z=-3.4),0.469912707553186,False
val/Malignant/ISPY2-712276/p-047,Malignant,True,val,3.403470063172746,dynamic_range(z=-3.4),0.49613298812614726,False
train/Malignant/ISPY2-349639/p-097,Malignant,True,train,3.403085501946182,sharpness_lapvar(z=+3.4),0.4767995868733197,False
train/Malignant/ACRIN-6698-775346/p-021,Malignant,True,train,3.4018465207345887,snr(z=+3.4),0.4827810735804827,False
train/Malignant/ISPY2-994987/p-044,Malignant,True,train,3.4014916859616724,snr(z=+3.4),0.51222618728273,False
train/Malignant/ACRIN-6698-775346/p-025,Malignant,True,train,3.400715388509277,snr(z=+3.4),0.508427976851617,False
train/Malignant/ISPY2-660534/p-029,Malignant,True,train,3.400180187895797,snr(z=+3.4),0.513998375201731,False
train/Malignant/ACRIN-6698-894673/p-098,Malignant,True,train,3.399771956847347,aspect_ratio(z=+3.4),0.5412627785544394,False
train/Malignant/ISPY2-832056/p-068,Malignant,True,train,3.3996254499532235,hf_energy_frac(z=+3.4),0.47481952072380257,False
train/Malignant/ISPY2-188511/p-078,Malignant,True,train,3.398787330407646,"sharpness_lapvar(z=+3.3),noise_sigma(z=+3.4)",0.5297675327768175,False
train/Malignant/ISPY2-122795/p-041,Malignant,True,train,3.3972641161558848,entropy(z=-3.4),0.5037891818171296,False
train/Malignant/ISPY2-596458/p-063,Malignant,True,train,3.396133092125937,sharpness_lapvar(z=+3.4),0.5078743859823673,False
train/Malignant/ISPY2-579881/p-032,Malignant,True,train,3.3954697307637596,snr(z=+3.4),0.5125255270310531,False
train/Malignant/ISPY2-563856/p-032,Malignant,True,train,3.3951937798251253,entropy(z=-3.4),0.5152222912961716,False
train/Malignant/ACRIN-6698-863161/p-076,Malignant,True,train,3.394028912357079,sharpness_lapvar(z=+3.4),0.48841638012343785,False
train/Malignant/ISPY2-405717/p-068,Malignant,True,train,3.3939648320527427,entropy(z=-3.4),0.49679473428088333,False
train/Malignant/ISPY2-894491/p-060,Malignant,True,train,3.3930934598406197,dynamic_range(z=-3.4),0.5463628127243277,False
train/Malignant/ACRIN-6698-783764/p-035,Malignant,True,train,3.3930934598406197,dynamic_range(z=-3.4),0.45733606814684297,False
train/Malignant/ACRIN-6698-580541/p-036,Malignant,True,train,3.3930934598406197,dynamic_range(z=-3.4),0.4991678068380734,False
train/Malignant/ISPY2-192548/p-050,Malignant,True,train,3.3930934598406197,dynamic_range(z=-3.4),0.49567821493332453,False
train/Malignant/ISPY2-535569/p-029,Malignant,True,train,3.3930934598406197,dynamic_range(z=-3.4),0.5299544379405533,False
train/Malignant/ISPY2-442669/p-026,Malignant,True,train,3.3930934598406197,dynamic_range(z=-3.4),0.4940381225321471,False
train/Malignant/ISPY2-229824/p-108,Malignant,True,train,3.391983684889798,hf_energy_frac(z=+3.4),0.521718905768507,False
train/Malignant/ISPY2-640463/p-065,Malignant,True,train,3.3902666776794907,"sharpness_lapvar(z=+3.4),noise_sigma(z=+3.1)",0.4938713170842932,False
train/Malignant/ISPY2-451482/p-082,Malignant,True,train,3.390241090532258,entropy(z=-3.4),0.5730144082165849,False
train/Malignant/ISPY2-108939/p-072,Malignant,True,train,3.389819023248413,sharpness_lapvar(z=+3.4),0.49188462499785646,False
train/Malignant/ISPY2-350331/p-046,Malignant,True,train,3.3896787592756934,entropy(z=-3.4),0.5023775637429813,False
train/Malignant/ISPY2-282082/p-113,Malignant,True,train,3.3892382063314597,hf_energy_frac(z=+3.4),0.49428689354669963,False
train/Malignant/ISPY2-559021/p-014,Malignant,True,train,3.3887572085450772,"aspect_ratio(z=+3.4),width(z=+3.4)",0.5293047040565013,False
train/Malignant/ISPY2-573881/p-058,Malignant,True,train,3.388547439932801,sharpness_lapvar(z=+3.4),0.5342659097585991,False
train/Malignant/ACRIN-6698-775346/p-030,Malignant,True,train,3.388216807130732,snr(z=+3.4),0.5127344548872875,False
train/Malignant/ISPY2-851488/p-058,Malignant,True,train,3.3879051581745565,dynamic_range(z=-3.4),0.5162442035686039,False
val/Malignant/ISPY2-380769/p-055,Malignant,True,val,3.3879051581745565,dynamic_range(z=-3.4),0.45142657715073886,False
train/Malignant/ISPY2-726091/p-035,Malignant,True,train,3.3879051581745565,dynamic_range(z=-3.4),0.5419666460393722,False
train/Malignant/ISPY2-478484/p-032,Malignant,True,train,3.3879051581745565,dynamic_range(z=-3.4),0.5224456253928922,False
train/Malignant/ISPY2-363669/p-061,Malignant,True,train,3.387648806200195,aspect_ratio(z=+3.4),0.4737928443269304,False
train/Malignant/ISPY2-188511/p-080,Malignant,True,train,3.3861461892258764,"sharpness_lapvar(z=+3.0),noise_sigma(z=+3.4)",0.5119970375277728,False
train/Malignant/ISPY2-172283/p-053,Malignant,True,train,3.3854935794184797,aspect_ratio(z=+3.4),0.47729737132989153,False
train/Malignant/ISPY2-573881/p-063,Malignant,True,train,3.3842753482722086,sharpness_lapvar(z=+3.4),0.4992341956437232,False
train/Malignant/ISPY2-706943/p-016,Malignant,True,train,3.383416724519734,aspect_ratio(z=+3.4),0.5027163849243204,False
train/Malignant/ACRIN-6698-943633/p-052,Malignant,True,train,3.382717568991557,dynamic_range(z=-3.4),0.49758620508662,False
val/Malignant/ISPY2-380769/p-053,Malignant,True,val,3.3827168565084937,dynamic_range(z=-3.4),0.4652793770317903,False
val/Malignant/ISPY2-282644/p-046,Malignant,True,val,3.3827168565084937,dynamic_range(z=-3.4),0.5066268228566069,False
val/Malignant/ISPY2-712276/p-050,Malignant,True,val,3.3827168565084937,dynamic_range(z=-3.4),0.47141257966721256,False
train/Malignant/ISPY2-116165/p-048,Malignant,True,train,3.3827168565084937,dynamic_range(z=-3.4),0.4815692397339293,False
train/Malignant/ACRIN-6698-860243/p-065,Malignant,True,train,3.3827168565084937,dynamic_range(z=-3.4),0.5427693867912115,False
train/Malignant/ISPY2-637051/p-040,Malignant,True,train,3.3827168565084937,dynamic_range(z=-3.4),0.5155493120110525,False
train/Malignant/ISPY2-596079/p-022,Malignant,True,train,3.3817255675812103,hf_energy_frac(z=+3.4),0.5369898372215955,False
train/Malignant/ISPY2-132463/p-072,Malignant,True,train,3.381463205433051,entropy(z=-3.4),0.4750425758391417,False
train/Malignant/ACRIN-6698-222135/p-103,Malignant,True,train,3.3814140430102304,aspect_ratio(z=+3.4),0.47605849558486796,False
train/Malignant/ISPY2-953885/p-026,Malignant,True,train,3.3814140430102304,aspect_ratio(z=+3.4),0.47751730465076514,False
train/Malignant/ISPY2-243836/p-016,Malignant,True,train,3.3788246777894573,snr(z=+3.4),0.5181848179343299,False
train/Malignant/ISPY2-262131/p-050,Malignant,True,train,3.3779986048351147,width(z=+3.4),0.5016269157973786,False
train/Malignant/ISPY2-357017/p-092,Malignant,True,train,3.3779986048351147,width(z=+3.4),0.4822325808006506,False
train/Malignant/ISPY2-262131/p-046,Malignant,True,train,3.3779986048351147,width(z=+3.4),0.49993257263353064,False
train/Malignant/ISPY2-781335/p-080,Malignant,True,train,3.3779986048351147,width(z=+3.4),0.525437314835725,False
train/Malignant/ISPY2-559021/p-046,Malignant,True,train,3.3779986048351147,width(z=+3.4),0.4835949892123538,False
train/Malignant/ISPY2-559021/p-045,Malignant,True,train,3.3779986048351147,width(z=+3.4),0.4866660053623962,False
train/Malignant/ISPY2-781335/p-081,Malignant,True,train,3.3779986048351147,width(z=+3.4),0.5057754924782557,False
train/Malignant/ISPY2-262131/p-045,Malignant,True,train,3.3779986048351147,width(z=+3.4),0.4992787203402606,False
train/Malignant/ISPY2-357017/p-074,Malignant,True,train,3.3779986048351147,width(z=+3.4),0.4764464663932383,False
train/Malignant/ISPY2-640463/p-070,Malignant,True,train,3.377971986391328,"sharpness_lapvar(z=+3.4),noise_sigma(z=+3.1)",0.4856683039624848,False
train/Malignant/ACRIN-6698-148357/p-026,Malignant,True,train,3.377615853940482,aspect_ratio(z=+3.4),0.5106371175763041,False
train/Malignant/ACRIN-6698-688955/p-030,Malignant,True,train,3.3775285548424305,dynamic_range(z=-3.4),0.44221878645121865,False
train/Malignant/ISPY2-845079/p-053,Malignant,True,train,3.3775285548424305,dynamic_range(z=-3.4),0.4865892002983696,False
train/Malignant/ACRIN-6698-987914/p-032,Malignant,True,train,3.3775285548424305,dynamic_range(z=-3.4),0.521963545277991,False
train/Malignant/ISPY2-303947/p-116,Malignant,True,train,3.3761181464011245,"sharpness_lapvar(z=+3.4),noise_sigma(z=+3.1)",0.5173707017965831,False
train/Malignant/ISPY2-573881/p-105,Malignant,True,train,3.375991478629653,hf_energy_frac(z=+3.4),0.5196385813398182,False
train/Malignant/ISPY2-539291/p-057,Malignant,True,train,3.374070877475384,aspect_ratio(z=+3.4),0.5055715398843931,False
train/Malignant/ISPY2-167271/p-049,Malignant,True,train,3.3723416781424937,dynamic_range(z=-3.4),0.481891710380332,False
train/Malignant/ISPY2-202956/p-029,Malignant,True,train,3.3723409656594305,dynamic_range(z=-3.4),0.46048014529919135,False
train/Malignant/ISPY2-284355/p-038,Malignant,True,train,3.3723402531763673,dynamic_range(z=-3.4),0.5073671941562583,False
train/Malignant/ISPY2-607047/p-049,Malignant,True,train,3.3719225356288467,hf_energy_frac(z=+3.4),0.5112752683246539,False
train/Malignant/ISPY2-640463/p-077,Malignant,True,train,3.371239834787741,sharpness_lapvar(z=+3.4),0.48347608712631435,False
val/Malignant/ISPY2-542392/p-124,Malignant,True,val,3.3707286331248225,hf_energy_frac(z=+3.4),0.484686184194982,False
train/Malignant/ISPY2-212307/p-049,Malignant,True,train,3.369000033061403,"sharpness_lapvar(z=+3.4),noise_sigma(z=+3.3)",0.5120661118513073,False
train/Malignant/ISPY2-100899/p-043,Malignant,True,train,3.3676456076323933,aspect_ratio(z=+3.4),0.45663511390375683,False
train/Malignant/ACRIN-6698-169918/p-031,Malignant,True,train,3.3676456076323933,aspect_ratio(z=+3.4),0.49273174244360207,False
train/Malignant/ISPY2-605713/p-066,Malignant,True,train,3.3675783686640552,snr(z=+3.4),0.4734173100024087,False
train/Malignant/ISPY2-177795/p-028,Malignant,True,train,3.3671533764764305,dynamic_range(z=-3.4),0.4693651485386704,False
train/Malignant/ACRIN-6698-843554/p-033,Malignant,True,train,3.3671533764764305,dynamic_range(z=-3.4),0.48765619419338185,False
train/Malignant/ISPY2-767081/p-037,Malignant,True,train,3.3671533764764305,dynamic_range(z=-3.4),0.5020973788226283,False
train/Malignant/ISPY2-768214/p-050,Malignant,True,train,3.3671526639933673,"dynamic_range(z=-3.4),hf_energy_frac(z=+3.1)",0.541751507547702,False
train/Malignant/ISPY2-356684/p-069,Malignant,True,train,3.3671526639933673,dynamic_range(z=-3.4),0.4959346753818886,False
train/Malignant/ISPY2-831702/p-055,Malignant,True,train,3.3671526639933673,dynamic_range(z=-3.4),0.5234715820322248,False
train/Malignant/ACRIN-6698-362150/p-028,Malignant,True,train,3.3671526639933673,dynamic_range(z=-3.4),0.4686625472536027,False
train/Malignant/ISPY2-116165/p-029,Malignant,True,train,3.3671526639933673,dynamic_range(z=-3.4),0.5016929358504386,False
train/Malignant/ISPY2-112606/p-114,Malignant,True,train,3.3671526639933673,dynamic_range(z=-3.4),0.55343075381012,False
train/Malignant/ISPY2-845079/p-048,Malignant,True,train,3.3671526639933673,dynamic_range(z=-3.4),0.5194404554820017,False
train/Malignant/ISPY2-916586/p-041,Malignant,True,train,3.3669102974846576,entropy(z=-3.4),0.5858771831219872,True
train/Malignant/ACRIN-6698-755914/p-095,Malignant,True,train,3.36625849319527,snr(z=+3.4),0.5056804324747939,False
train/Malignant/ISPY2-689188/p-015,Malignant,True,train,3.36599967693966,"entropy(z=-3.1),snr(z=+3.4)",0.5712503466248785,False
train/Malignant/ISPY2-342996/p-064,Malignant,True,train,3.3647250304310337,aspect_ratio(z=+3.4),0.5384511218136755,False
train/Malignant/ISPY2-318438/p-104,Malignant,True,train,3.3631606410350563,"sharpness_lapvar(z=+3.4),noise_sigma(z=+3.2)",0.5066340966825275,False
train/Malignant/ISPY2-426106/p-102,Malignant,True,train,3.3627347333114668,hf_energy_frac(z=+3.4),0.5135710167217645,False
train/Malignant/ISPY2-607047/p-047,Malignant,True,train,3.362024721384609,hf_energy_frac(z=+3.4),0.5203924791007124,False
train/Malignant/ISPY2-436371/p-033,Malignant,True,train,3.3619650748103673,dynamic_range(z=-3.4),0.4678059225953495,False
train/Malignant/ISPY2-676365/p-095,Malignant,True,train,3.3619650748103673,dynamic_range(z=-3.4),0.507805868758151,False
train/Malignant/ACRIN-6698-396723/p-027,Malignant,True,train,3.3619650748103673,dynamic_range(z=-3.4),0.5750271224755077,False
train/Malignant/ISPY2-768214/p-051,Malignant,True,train,3.3619650748103673,dynamic_range(z=-3.4),0.5295424929099674,False
val/Malignant/ISPY2-241705/p-039,Malignant,True,val,3.3619650748103673,dynamic_range(z=-3.4),0.5038773912248663,False
train/Malignant/ISPY2-847753/p-047,Malignant,True,train,3.3619650748103673,dynamic_range(z=-3.4),0.47870576167998413,False
train/Malignant/ACRIN-6698-384830/p-033,Malignant,True,train,3.3619650748103673,dynamic_range(z=-3.4),0.5437074763683692,False
train/Malignant/ACRIN-6698-323721/p-042,Malignant,True,train,3.3619650748103673,dynamic_range(z=-3.4),0.502395885466468,False
val/Malignant/ISPY2-241705/p-029,Malignant,True,val,3.361964362327304,dynamic_range(z=-3.4),0.5278015727551906,False
train/Malignant/ISPY2-726091/p-028,Malignant,True,train,3.361194706014961,hf_energy_frac(z=+3.4),0.5298799927696883,False
train/Malignant/ISPY2-573586/p-119,Malignant,True,train,3.360661618672621,aspect_ratio(z=+3.4),0.5084833620997488,False
train/Malignant/ISPY2-766967/p-095,Malignant,True,train,3.3593845464056904,aspect_ratio(z=+3.4),0.5060384837046095,False
train/Malignant/ISPY2-836983/p-051,Malignant,True,train,3.3592959251038845,sharpness_lapvar(z=+3.4),0.4772710663936869,False
train/Malignant/ISPY2-836983/p-055,Malignant,True,train,3.3585449057679195,sharpness_lapvar(z=+3.4),0.4748778300810154,False
train/Malignant/ACRIN-6698-690089/p-040,Malignant,True,train,3.3571111427098677,snr(z=+3.4),0.5132593419403877,False
train/Malignant/ISPY2-809037/p-037,Malignant,True,train,3.3567767731443046,dynamic_range(z=-3.4),0.5391533353832324,False
train/Malignant/ACRIN-6698-843554/p-036,Malignant,True,train,3.3567760606612413,dynamic_range(z=-3.4),0.5390124946068162,False
train/Malignant/ISPY2-598798/p-081,Malignant,True,train,3.3564601005644152,sharpness_lapvar(z=+3.4),0.4982000249964513,False
train/Malignant/ISPY2-208265/p-128,Malignant,True,train,3.355469448446438,"sharpness_lapvar(z=+3.4),noise_sigma(z=+3.3)",0.5547765690516214,False
train/Malignant/ACRIN-6698-786753/p-095,Malignant,True,train,3.355299401107403,hf_energy_frac(z=+3.4),0.49680897938292296,False
train/Malignant/ISPY2-960490/p-071,Malignant,True,train,3.354991936634486,entropy(z=-3.4),0.5245632544215396,False
train/Malignant/ISPY2-303947/p-121,Malignant,True,train,3.354641440706039,"sharpness_lapvar(z=+3.4),noise_sigma(z=+3.1)",0.5269039748302184,False
train/Malignant/ISPY2-632408/p-045,Malignant,True,train,3.353967819440149,snr(z=+3.4),0.5473050132490948,False
train/Malignant/ACRIN-6698-571995/p-060,Malignant,True,train,3.35336076886938,snr(z=+3.4),0.4855086879949004,False
train/Malignant/ISPY2-262131/p-039,Malignant,True,train,3.352492414083182,width(z=+3.4),0.4974373102538311,False
train/Malignant/ISPY2-357017/p-086,Malignant,True,train,3.352492414083182,width(z=+3.4),0.47749760673375624,False
train/Malignant/ISPY2-357017/p-097,Malignant,True,train,3.352492414083182,width(z=+3.4),0.47137036650189534,False
train/Malignant/ISPY2-357017/p-096,Malignant,True,train,3.352492414083182,width(z=+3.4),0.47471081714971697,False
train/Malignant/ISPY2-262131/p-041,Malignant,True,train,3.352492414083182,width(z=+3.4),0.49940979656323675,False
train/Malignant/ISPY2-601489/p-112,Malignant,True,train,3.352492414083182,width(z=+3.4),0.508468197053838,False
train/Malignant/ISPY2-559021/p-041,Malignant,True,train,3.352492414083182,width(z=+3.4),0.47318566214774443,False
train/Malignant/ISPY2-559021/p-011,Malignant,True,train,3.352492414083182,width(z=+3.4),0.5370307818993636,False
train/Malignant/ISPY2-559021/p-042,Malignant,True,train,3.352492414083182,width(z=+3.4),0.47957052662326194,False
train/Malignant/ISPY2-262131/p-040,Malignant,True,train,3.352492414083182,width(z=+3.4),0.5002454948981288,False
train/Malignant/ISPY2-262131/p-038,Malignant,True,train,3.352492414083182,width(z=+3.4),0.49240371141481254,False
train/Malignant/ISPY2-357017/p-085,Malignant,True,train,3.352492414083182,width(z=+3.4),0.4766620673075099,False
train/Malignant/ISPY2-630758/p-038,Malignant,True,train,3.3523970572545725,snr(z=+3.4),0.5682235024834521,False
train/Malignant/ISPY2-535415/p-035,Malignant,True,train,3.3516367570732157,entropy(z=-3.4),0.49945588494219534,False
train/Malignant/ISPY2-999733/p-016,Malignant,True,train,3.3515884714782413,dynamic_range(z=-3.4),0.4888272274446656,False
train/Malignant/ACRIN-6698-856159/p-030,Malignant,True,train,3.3515884714782413,dynamic_range(z=-3.4),0.5467253909175718,False
train/Malignant/ACRIN-6698-241998/p-045,Malignant,True,train,3.3515884714782413,dynamic_range(z=-3.4),0.4843451802868664,False
train/Malignant/ACRIN-6698-929980/p-029,Malignant,True,train,3.3515884714782413,dynamic_range(z=-3.4),0.4946330296462048,False
train/Malignant/ISPY2-756412/p-041,Malignant,True,train,3.3515884714782413,dynamic_range(z=-3.4),0.5474392320718617,False
train/Malignant/ISPY2-627981/p-113,Malignant,True,train,3.3511448415165965,"sharpness_lapvar(z=+3.4),noise_sigma(z=+3.2)",0.5157535164197622,False
train/Malignant/ACRIN-6698-973837/p-065,Malignant,True,train,3.351047709896202,hf_energy_frac(z=+3.4),0.5054038072619947,False
train/Malignant/ACRIN-6698-900959/p-075,Malignant,True,train,3.3508637165587207,entropy(z=-3.4),0.5015484368531884,False
train/Malignant/ISPY2-572444/p-083,Malignant,True,train,3.349718248243968,noise_sigma(z=+3.3),0.5311369812496036,False
train/Malignant/ISPY2-590220/p-011,Malignant,True,train,3.3490454588984218,noise_sigma(z=+3.3),0.5594317532692012,False
train/Malignant/ISPY2-845663/p-046,Malignant,True,train,3.3483697981034206,aspect_ratio(z=+3.3),0.4764073166658047,False
train/Malignant/ISPY2-485637/p-171,Malignant,True,train,3.3481448430286,sharpness_lapvar(z=+3.3),0.5536484008181218,False
train/Malignant/ISPY2-650589/p-063,Malignant,True,train,3.3473387591384705,sharpness_lapvar(z=+3.3),0.5086696004541792,False
train/Malignant/ISPY2-689188/p-012,Malignant,True,train,3.346400169812178,dynamic_range(z=-3.3),0.5210214123558725,False
train/Malignant/ISPY2-883696/p-038,Malignant,True,train,3.346400169812178,dynamic_range(z=-3.3),0.5039430055569907,False
train/Malignant/ACRIN-6698-188700/p-038,Malignant,True,train,3.346400169812178,dynamic_range(z=-3.3),0.48132085008504444,False
train/Malignant/ISPY2-177795/p-025,Malignant,True,train,3.346400169812178,dynamic_range(z=-3.3),0.46679261504438707,False
train/Malignant/ACRIN-6698-783764/p-040,Malignant,True,train,3.346400169812178,dynamic_range(z=-3.3),0.5129684607102662,False
train/Malignant/ISPY2-605713/p-023,Malignant,True,train,3.345875814744844,snr(z=+3.3),0.4888025668074152,False
train/Malignant/ACRIN-6698-547892/p-035,Malignant,True,train,3.3449614826697256,entropy(z=-3.3),0.48512542536121517,False
train/Malignant/ISPY2-596079/p-021,Malignant,True,train,3.3445154427629444,hf_energy_frac(z=+3.3),0.5248126873625013,False
train/Malignant/ISPY2-959366/p-117,Malignant,True,train,3.3440697750571835,"dynamic_range(z=-3.3),noise_sigma(z=+3.3)",0.6215199196383957,True
train/Malignant/ISPY2-356399/p-017,Malignant,True,train,3.3439959466660616,entropy(z=-3.3),0.4489576684039702,False
train/Malignant/ISPY2-836983/p-056,Malignant,True,train,3.343417958939168,sharpness_lapvar(z=+3.3),0.4737743082552626,False
train/Malignant/ACRIN-6698-755914/p-094,Malignant,True,train,3.342959217474365,snr(z=+3.3),0.4825372301921256,False
train/Malignant/ISPY2-640463/p-050,Malignant,True,train,3.342559222406294,"sharpness_lapvar(z=+3.0),noise_sigma(z=+3.3)",0.5330208996295652,False
train/Malignant/ISPY2-791321/p-083,Malignant,True,train,3.342245556595955,entropy(z=-3.3),0.4952657138484761,False
val/Malignant/ISPY2-345483/p-074,Malignant,True,val,3.3418988126039104,hf_energy_frac(z=+3.3),0.5250399078263032,False
val/Malignant/ISPY2-199960/p-044,Malignant,True,val,3.341360412820159,aspect_ratio(z=+3.3),0.4880472257455415,False
val/Malignant/ISPY2-453596/p-034,Malignant,True,val,3.341211868146115,dynamic_range(z=-3.3),0.47510857735586476,False
train/Malignant/ISPY2-959366/p-104,Malignant,True,train,3.340608429776322,noise_sigma(z=+3.3),0.5531013561175611,False
val/Malignant/ISPY2-160120/p-044,Malignant,True,val,3.3404919077881616,hf_energy_frac(z=+3.3),0.49226224158482423,False
train/Malignant/ISPY2-418593/p-103,Malignant,True,train,3.337800872622411,hf_energy_frac(z=+3.3),0.5096966698998636,False
train/Malignant/ISPY2-286984/p-020,Malignant,True,train,3.336910222521555,"dynamic_range(z=-3.1),snr(z=+3.3)",0.53519481158278,False
train/Malignant/ISPY2-830958/p-021,Malignant,True,train,3.336024278963115,dynamic_range(z=-3.3),0.4597677287376044,False
train/Malignant/ISPY2-116165/p-038,Malignant,True,train,3.336024278963115,dynamic_range(z=-3.3),0.48305521263395806,False
train/Malignant/ISPY2-568953/p-035,Malignant,True,train,3.3360235664800517,dynamic_range(z=-3.3),0.4936428243483819,False
train/Malignant/ACRIN-6698-465008/p-040,Malignant,True,train,3.3360235664800517,dynamic_range(z=-3.3),0.48091343036539247,False
train/Malignant/ISPY2-568953/p-051,Malignant,True,train,3.3360235664800517,dynamic_range(z=-3.3),0.49362460484167153,False
train/Malignant/ISPY2-212307/p-053,Malignant,True,train,3.335572527548574,"sharpness_lapvar(z=+3.3),noise_sigma(z=+3.3)",0.497127757880094,False
train/Malignant/ISPY2-211408/p-091,Malignant,True,train,3.3355192584174396,aspect_ratio(z=+3.3),0.555578777956612,False
train/Malignant/ISPY2-125418/p-068,Malignant,True,train,3.3355192584174396,aspect_ratio(z=+3.3),0.4722633583961928,False
train/Malignant/ISPY2-129837/p-099,Malignant,True,train,3.3343546005702116,hf_energy_frac(z=+3.3),0.4895734358419754,False
train/Malignant/ISPY2-423619/p-043,Malignant,True,train,3.333781640601873,snr(z=+3.3),0.5179414305864896,False
val/Malignant/ISPY2-714205/p-027,Malignant,True,val,3.333420909731635,hf_energy_frac(z=+3.3),0.5249786650507883,False
train/Malignant/ISPY2-166782/p-031,Malignant,True,train,3.3321892049666917,hf_energy_frac(z=+3.3),0.4891815513492978,False
train/Malignant/ISPY2-405717/p-061,Malignant,True,train,3.332151905056414,entropy(z=-3.3),0.4984721440341097,False
val/Malignant/ACRIN-6698-277888/p-092,Malignant,True,val,3.3316329144746417,hf_energy_frac(z=+3.3),0.5129433653165254,False
train/Malignant/ISPY2-586207/p-024,Malignant,True,train,3.3312180184677964,hf_energy_frac(z=+3.3),0.4642255829422311,False
train/Malignant/ISPY2-782334/p-115,Malignant,True,train,3.330835977297052,dynamic_range(z=-3.3),0.5332457252605836,False
train/Malignant/ACRIN-6698-280375/p-038,Malignant,True,train,3.330835977297052,dynamic_range(z=-3.3),0.5017492130313296,False
train/Malignant/ISPY2-759015/p-028,Malignant,True,train,3.330835264813989,dynamic_range(z=-3.3),0.5412452461708191,False
train/Malignant/ISPY2-202956/p-030,Malignant,True,train,3.330835264813989,dynamic_range(z=-3.3),0.5158988462632451,False
train/Malignant/ACRIN-6698-362150/p-027,Malignant,True,train,3.330835264813989,dynamic_range(z=-3.3),0.4822853053004756,False
train/Malignant/ISPY2-676365/p-096,Malignant,True,train,3.330835264813989,dynamic_range(z=-3.3),0.5059322258904455,False
train/Malignant/ISPY2-999264/p-011,Malignant,True,train,3.330835264813989,dynamic_range(z=-3.3),0.5129381811036391,False
train/Malignant/ISPY2-159352/p-041,Malignant,True,train,3.330767387476868,sharpness_lapvar(z=+3.3),0.4609512452412082,False
train/Malignant/ACRIN-6698-430441/p-143,Malignant,True,train,3.3305767431536,aspect_ratio(z=+3.3),0.4563041124949103,False
train/Malignant/ACRIN-6698-775346/p-028,Malignant,True,train,3.3298326964561373,snr(z=+3.3),0.49350579883567575,False
train/Malignant/ISPY2-934906/p-063,Malignant,True,train,3.329457683093864,aspect_ratio(z=+3.3),0.4575506456261472,False
train/Malignant/ACRIN-6698-663144/p-036,Malignant,True,train,3.329457683093864,aspect_ratio(z=+3.3),0.4680591460309333,False
train/Malignant/ISPY2-824512/p-064,Malignant,True,train,3.329223587719711,hf_energy_frac(z=+3.3),0.5656170225952971,False
train/Malignant/ISPY2-729270/p-070,Malignant,True,train,3.3282155532769324,sharpness_lapvar(z=+3.3),0.4866387330813897,False
train/Malignant/ISPY2-756412/p-015,Malignant,True,train,3.327671757350657,snr(z=+3.3),0.5172132420733062,False
train/Malignant/ACRIN-6698-520471/p-097,Malignant,True,train,3.327574663049296,sharpness_lapvar(z=+3.3),0.4902245785279404,False
train/Malignant/ISPY2-563856/p-034,Malignant,True,train,3.3274963714668275,entropy(z=-3.3),0.4897106211042954,False
train/Malignant/ISPY2-262131/p-037,Malignant,True,train,3.3269862233312497,width(z=+3.3),0.48860507506840123,False
train/Malignant/ISPY2-262131/p-036,Malignant,True,train,3.3269862233312497,width(z=+3.3),0.4875318747530852,False
train/Malignant/ISPY2-559021/p-007,Malignant,True,train,3.3269862233312497,width(z=+3.3),0.5339188842047558,False
train/Malignant/ISPY2-262131/p-033,Malignant,True,train,3.3269862233312497,width(z=+3.3),0.4851362152703699,False
train/Malignant/ISPY2-262131/p-035,Malignant,True,train,3.3269862233312497,width(z=+3.3),0.4877345811484637,False
train/Malignant/ACRIN-6698-299962/p-037,Malignant,True,train,3.3269862233312497,width(z=+3.3),0.47969791500904896,False
train/Malignant/ISPY2-601489/p-117,Malignant,True,train,3.3269862233312497,width(z=+3.3),0.5098270317651387,False
train/Malignant/ISPY2-601489/p-111,Malignant,True,train,3.3269862233312497,width(z=+3.3),0.5083828494671288,False
train/Malignant/ISPY2-262131/p-042,Malignant,True,train,3.3269862233312497,width(z=+3.3),0.49968502720074487,False
train/Malignant/ISPY2-357017/p-098,Malignant,True,train,3.3269862233312497,width(z=+3.3),0.4690261958614132,False
train/Malignant/ISPY2-601489/p-118,Malignant,True,train,3.3269862233312497,width(z=+3.3),0.5131585402045825,False
train/Malignant/ISPY2-559021/p-012,Malignant,True,train,3.3269862233312497,width(z=+3.3),0.527646859146315,False
train/Malignant/ACRIN-6698-299962/p-041,Malignant,True,train,3.3269862233312497,width(z=+3.3),0.4894906417846332,False
train/Malignant/ISPY2-767081/p-047,Malignant,True,train,3.325647675630989,dynamic_range(z=-3.3),0.541921275245812,False
train/Malignant/ACRIN-6698-294739/p-011,Malignant,True,train,3.325647675630989,dynamic_range(z=-3.3),0.4644405536862757,False
train/Malignant/ISPY2-202956/p-021,Malignant,True,train,3.325647675630989,dynamic_range(z=-3.3),0.47206603938773173,False
val/Malignant/ISPY2-345483/p-077,Malignant,True,val,3.325647675630989,dynamic_range(z=-3.3),0.5258178137546146,False
train/Malignant/ACRIN-6698-218503/p-025,Malignant,True,train,3.3256469631479257,dynamic_range(z=-3.3),0.4775739254176634,False
train/Malignant/ISPY2-108939/p-071,Malignant,True,train,3.325125819959927,sharpness_lapvar(z=+3.3),0.49002341202001753,False
train/Malignant/ISPY2-181819/p-029,Malignant,True,train,3.3248012555306032,snr(z=+3.3),0.5100958726141988,False
train/Malignant/ISPY2-836983/p-043,Malignant,True,train,3.324390606190435,sharpness_lapvar(z=+3.3),0.5044843560108981,False
train/Malignant/ISPY2-756412/p-014,Malignant,True,train,3.3239196283852337,snr(z=+3.3),0.48112756316363997,False
train/Malignant/ACRIN-6698-755914/p-089,Malignant,True,train,3.3238176328485927,snr(z=+3.3),0.4911267040870938,False
train/Malignant/ISPY2-567907/p-041,Malignant,True,train,3.3232436814647195,entropy(z=-3.3),0.49294218226400804,False
train/Malignant/ACRIN-6698-343898/p-043,Malignant,True,train,3.3230437357661753,snr(z=+3.3),0.4630959871585741,False
train/Malignant/ISPY2-796558/p-100,Malignant,True,train,3.321913218059567,hf_energy_frac(z=+3.3),0.47656019812913114,False
train/Malignant/ACRIN-6698-287961/p-116,Malignant,True,train,3.32184991162538,hf_energy_frac(z=+3.3),0.47846372556605654,False
train/Malignant/ISPY2-128051/p-066,Malignant,True,train,3.321430072428858,entropy(z=-3.3),0.49136789979150597,False
train/Malignant/ISPY2-128051/p-061,Malignant,True,train,3.320629111314742,entropy(z=-3.3),0.4611160627633349,False
train/Malignant/ISPY2-264678/p-055,Malignant,True,train,3.320467308712809,hf_energy_frac(z=+3.3),0.5067867265067051,False
train/Malignant/ACRIN-6698-384830/p-046,Malignant,True,train,3.3204593739649257,dynamic_range(z=-3.3),0.4866285000258689,False
train/Malignant/ISPY2-568953/p-031,Malignant,True,train,3.3204593739649257,dynamic_range(z=-3.3),0.4939748122116244,False
train/Malignant/ACRIN-6698-384830/p-038,Malignant,True,train,3.3204593739649257,dynamic_range(z=-3.3),0.5333125604066583,False
train/Malignant/ISPY2-814299/p-007,Malignant,True,train,3.3204593739649257,dynamic_range(z=-3.3),0.5218169818520887,False
train/Malignant/ISPY2-531672/p-090,Malignant,True,train,3.3201597068163204,noise_sigma(z=+3.3),0.5069503895611847,False
train/Malignant/ISPY2-660915/p-050,Malignant,True,train,3.3196772622667434,snr(z=+3.3),0.5375807036606407,False
train/Malignant/ISPY2-960490/p-082,Malignant,True,train,3.3194610261790216,entropy(z=-3.3),0.49899125860151167,False
train/Malignant/ISPY2-894128/p-068,Malignant,True,train,3.318974838086727,noise_sigma(z=+3.3),0.5637198788653479,False
train/Malignant/ACRIN-6698-748583/p-045,Malignant,True,train,3.3185495522531308,hf_energy_frac(z=+3.3),0.5396279372284607,False
train/Malignant/ISPY2-301968/p-054,Malignant,True,train,3.3174464774476298,entropy(z=-3.3),0.47328282264620175,False
train/Malignant/ISPY2-564234/p-109,Malignant,True,train,3.3172983439373156,aspect_ratio(z=+3.3),0.4814915665957563,False
train/Malignant/ISPY2-729270/p-062,Malignant,True,train,3.3170257220709396,sharpness_lapvar(z=+3.3),0.49674226456863574,False
train/Malignant/ISPY2-573586/p-018,Malignant,True,train,3.3166214059380543,aspect_ratio(z=+3.3),0.4769957300744992,False
val/Malignant/ISPY2-199960/p-095,Malignant,True,val,3.3166214059380543,aspect_ratio(z=+3.3),0.5100301351749251,False
train/Malignant/ISPY2-590299/p-053,Malignant,True,train,3.3164390781537016,entropy(z=-3.3),0.5437386201129075,False
train/Malignant/ACRIN-6698-894673/p-092,Malignant,True,train,3.3160131461026934,sharpness_lapvar(z=+3.3),0.5069963800651404,False
train/Malignant/ISPY2-573881/p-100,Malignant,True,train,3.3159147437049734,sharpness_lapvar(z=+3.3),0.4856568339861477,False
train/Malignant/ISPY2-159352/p-050,Malignant,True,train,3.3158906140544175,hf_energy_frac(z=+3.3),0.5011313736105089,False
train/Malignant/ACRIN-6698-688955/p-034,Malignant,True,train,3.3152717847819257,dynamic_range(z=-3.3),0.44314248346289353,False
train/Malignant/ACRIN-6698-895653/p-050,Malignant,True,train,3.3152717847819257,dynamic_range(z=-3.3),0.46367103865246695,False
val/Malignant/ACRIN-6698-928815/p-073,Malignant,True,val,3.3133469525834847,snr(z=+3.3),0.5046369319840197,False
val/Malignant/ISPY2-157463/p-034,Malignant,True,val,3.3127613890508876,snr(z=+3.3),0.49821938282645795,False
train/Malignant/ISPY2-188511/p-092,Malignant,True,train,3.3122834000219425,"sharpness_lapvar(z=+3.2),noise_sigma(z=+3.3),hf_energy_frac(z=+3.2)",0.5495671656754356,False
train/Malignant/ISPY2-573881/p-110,Malignant,True,train,3.31099921253183,sharpness_lapvar(z=+3.3),0.537424936633978,False
train/Malignant/ACRIN-6698-691753/p-040,Malignant,True,train,3.3108641823591918,entropy(z=-3.3),0.4688654487699995,False
train/Malignant/ISPY2-899381/p-025,Malignant,True,train,3.310635681418564,entropy(z=-3.3),0.5273716977357892,False
train/Malignant/ACRIN-6698-856159/p-029,Malignant,True,train,3.3100834831158625,dynamic_range(z=-3.3),0.5384099011126362,False
train/Malignant/ISPY2-294176/p-018,Malignant,True,train,3.3093665793909683,noise_sigma(z=+3.3),0.5677112231562773,False
train/Malignant/ISPY2-832056/p-077,Malignant,True,train,3.308956344068014,hf_energy_frac(z=+3.3),0.46831425464576215,False
train/Malignant/ISPY2-706418/p-042,Malignant,True,train,3.3084760138569798,hf_energy_frac(z=+3.3),0.48760261279442135,False
train/Malignant/ISPY2-904269/p-060,Malignant,True,train,3.3081806657349966,snr(z=+3.3),0.5620484314577316,False
train/Malignant/ISPY2-319324/p-052,Malignant,True,train,3.3073669124803162,hf_energy_frac(z=+3.3),0.5537636775590922,False
train/Malignant/ACRIN-6698-683896/p-051,Malignant,True,train,3.307304221970108,hf_energy_frac(z=+3.3),0.508535123264917,False
train/Malignant/ISPY2-676630/p-087,Malignant,True,train,3.3072333329557884,entropy(z=-3.3),0.5064102307764357,False
train/Malignant/ACRIN-6698-688291/p-007,Malignant,True,train,3.3069922357169377,hf_energy_frac(z=+3.3),0.5553854471312726,False
train/Malignant/ISPY2-245655/p-061,Malignant,True,train,3.3063816788736626,"sharpness_lapvar(z=+3.2),noise_sigma(z=+3.3)",0.5342069344706768,False
train/Malignant/ACRIN-6698-263143/p-032,Malignant,True,train,3.3061629852383017,snr(z=+3.3),0.5123003882849891,False
train/Malignant/ISPY2-598798/p-079,Malignant,True,train,3.3058241641543376,sharpness_lapvar(z=+3.3),0.49941932075371537,False
train/Malignant/ISPY2-116165/p-033,Malignant,True,train,3.3048951814497998,dynamic_range(z=-3.3),0.45972601255406526,False
train/Malignant/ISPY2-363669/p-039,Malignant,True,train,3.3048951814497998,dynamic_range(z=-3.3),0.4819083117843711,False
train/Malignant/ISPY2-177795/p-035,Malignant,True,train,3.3048951814497998,dynamic_range(z=-3.3),0.47543772929748696,False
train/Malignant/ISPY2-768214/p-056,Malignant,True,train,3.3048951814497998,dynamic_range(z=-3.3),0.4870404259390525,False
train/Malignant/ISPY2-301968/p-056,Malignant,True,train,3.304643027534159,entropy(z=-3.3),0.4717347523381286,False
train/Malignant/ISPY2-598798/p-024,Malignant,True,train,3.3044957509541475,hf_energy_frac(z=+3.3),0.5416391223768704,False
train/Malignant/ISPY2-248255/p-060,Malignant,True,train,3.3041214575995133,entropy(z=-3.3),0.5533214334965731,False
train/Malignant/ISPY2-180663/p-039,Malignant,True,train,3.3032609100766197,entropy(z=-3.3),0.5127035298557131,False
train/Malignant/ISPY2-262131/p-123,Malignant,True,train,3.3030617097260424,aspect_ratio(z=+3.3),0.5005138412647671,False
train/Malignant/ISPY2-262131/p-034,Malignant,True,train,3.3014800325793177,width(z=+3.3),0.4836443504681643,False
train/Malignant/ISPY2-559021/p-103,Malignant,True,train,3.3014800325793177,width(z=+3.3),0.47488781192778795,False
train/Malignant/ISPY2-262131/p-090,Malignant,True,train,3.3014800325793177,width(z=+3.3),0.49705058323346163,False
train/Malignant/ISPY2-559021/p-102,Malignant,True,train,3.3014800325793177,width(z=+3.3),0.48087866087589054,False
train/Malignant/ISPY2-601489/p-121,Malignant,True,train,3.3014800325793177,width(z=+3.3),0.5188907406809088,False
train/Malignant/ISPY2-559021/p-024,Malignant,True,train,3.3014800325793177,width(z=+3.3),0.5047188752144283,False
train/Malignant/ISPY2-357017/p-099,Malignant,True,train,3.3014800325793177,width(z=+3.3),0.4702496015203109,False
train/Malignant/ISPY2-601489/p-113,Malignant,True,train,3.3014800325793177,width(z=+3.3),0.5076798412837795,False
train/Malignant/ISPY2-601489/p-114,Malignant,True,train,3.3014800325793177,width(z=+3.3),0.5081644774784232,False
train/Malignant/ISPY2-601489/p-026,Malignant,True,train,3.3014800325793177,width(z=+3.3),0.5014403186035529,False
train/Malignant/ISPY2-601489/p-025,Malignant,True,train,3.3014800325793177,width(z=+3.3),0.4905984288321713,False
train/Malignant/ISPY2-601489/p-120,Malignant,True,train,3.3014800325793177,width(z=+3.3),0.5181890667826098,False
train/Malignant/ISPY2-262131/p-043,Malignant,True,train,3.3014800325793177,width(z=+3.3),0.4986718156824278,False
train/Malignant/ISPY2-262131/p-030,Malignant,True,train,3.3014800325793177,width(z=+3.3),0.4770212868817692,False
train/Malignant/ISPY2-262131/p-029,Malignant,True,train,3.3014800325793177,width(z=+3.3),0.48107146876311035,False
train/Malignant/ISPY2-262131/p-031,Malignant,True,train,3.3014800325793177,width(z=+3.3),0.4813193627925153,False
train/Malignant/ISPY2-262131/p-028,Malignant,True,train,3.3014800325793177,width(z=+3.3),0.4740427898515291,False
train/Malignant/ISPY2-559021/p-015,Malignant,True,train,3.3014800325793177,width(z=+3.3),0.5081865501715466,False
train/Malignant/ACRIN-6698-299962/p-039,Malignant,True,train,3.3014800325793177,width(z=+3.3),0.48346847644082436,False
train/Malignant/ISPY2-601489/p-119,Malignant,True,train,3.3014800325793177,width(z=+3.3),0.5178893476419504,False
train/Malignant/ACRIN-6698-299962/p-036,Malignant,True,train,3.3014800325793177,width(z=+3.3),0.47917407542788243,False
train/Malignant/ACRIN-6698-299962/p-035,Malignant,True,train,3.3014800325793177,width(z=+3.3),0.48156872489085734,False
train/Malignant/ISPY2-262131/p-091,Malignant,True,train,3.3014800325793177,width(z=+3.3),0.49097847021602536,False
train/Malignant/ACRIN-6698-299962/p-034,Malignant,True,train,3.3014800325793177,width(z=+3.3),0.48600747363839797,False
train/Malignant/ISPY2-262131/p-083,Malignant,True,train,3.3014800325793177,width(z=+3.3),0.5158261305694009,False
train/Malignant/ISPY2-151980/p-090,Malignant,True,train,3.300860638326359,"sharpness_lapvar(z=+3.1),hf_energy_frac(z=+3.3)",0.5286825751572068,False
train/Malignant/ACRIN-6698-775346/p-035,Malignant,True,train,3.300846254625958,snr(z=+3.3),0.5045641124893163,False
train/Malignant/ISPY2-640463/p-082,Malignant,True,train,3.3006231130707118,sharpness_lapvar(z=+3.3),0.4774640168212472,False
train/Malignant/ISPY2-959366/p-112,Malignant,True,train,3.2998056279940005,"sharpness_lapvar(z=+3.1),noise_sigma(z=+3.3)",0.5455455443744957,False
train/Malignant/ISPY2-167271/p-056,Malignant,True,train,3.2997068797837366,dynamic_range(z=-3.3),0.46998704098080196,False
train/Malignant/ACRIN-6698-607843/p-022,Malignant,True,train,3.2997068797837366,dynamic_range(z=-3.3),0.5330599154114948,False
train/Malignant/ACRIN-6698-412772/p-037,Malignant,True,train,3.2997068797837366,dynamic_range(z=-3.3),0.4904676310288219,False
train/Malignant/ACRIN-6698-362150/p-025,Malignant,True,train,3.2997068797837366,dynamic_range(z=-3.3),0.5107290965891224,False
train/Malignant/ISPY2-894491/p-057,Malignant,True,train,3.2997068797837366,dynamic_range(z=-3.3),0.5191787500567583,False
train/Malignant/ISPY2-422450/p-091,Malignant,True,train,3.2996309313817855,sharpness_lapvar(z=+3.3),0.4928866795271305,False
train/Malignant/ISPY2-517870/p-030,Malignant,True,train,3.298006727277502,hf_energy_frac(z=+3.3),0.4685409152620808,False
train/Malignant/ISPY2-605713/p-067,Malignant,True,train,3.2977753679355275,snr(z=+3.3),0.47934133181881106,False
train/Malignant/ISPY2-303947/p-109,Malignant,True,train,3.297084705608663,"sharpness_lapvar(z=+3.3),noise_sigma(z=+3.2)",0.5115030813307422,False
train/Malignant/ISPY2-159352/p-030,Malignant,True,train,3.29704520764089,hf_energy_frac(z=+3.3),0.5219183611534246,False
train/Malignant/ISPY2-212307/p-062,Malignant,True,train,3.2961934756023714,"sharpness_lapvar(z=+3.3),noise_sigma(z=+3.0)",0.49930402646624156,False
train/Malignant/ACRIN-6698-863161/p-070,Malignant,True,train,3.29615421661468,sharpness_lapvar(z=+3.3),0.4800601436598312,False
train/Malignant/ACRIN-6698-467686/p-070,Malignant,True,train,3.295097681382209,snr(z=+3.3),0.507562655253531,False
train/Malignant/ISPY2-117707/p-031,Malignant,True,train,3.2945185781176733,dynamic_range(z=-3.3),0.520996937094404,False
train/Malignant/ACRIN-6698-688955/p-036,Malignant,True,train,3.2945185781176733,dynamic_range(z=-3.3),0.4636259464707462,False
train/Malignant/ISPY2-728714/p-061,Malignant,True,train,3.2938525673493793,entropy(z=-3.3),0.4955304143226799,False
train/Malignant/ISPY2-122795/p-025,Malignant,True,train,3.293358433845543,entropy(z=-3.3),0.4995228336797609,False
train/Malignant/ISPY2-598798/p-087,Malignant,True,train,3.2918066661206034,sharpness_lapvar(z=+3.3),0.5185181037627101,False
train/Malignant/ACRIN-6698-531988/p-027,Malignant,True,train,3.29150134685747,snr(z=+3.3),0.49246665080391755,False
train/Malignant/ISPY2-676630/p-081,Malignant,True,train,3.289921341656464,entropy(z=-3.3),0.4912458412776815,False
train/Malignant/ISPY2-282082/p-040,Malignant,True,train,3.2897866005105403,"sharpness_lapvar(z=+3.0),noise_sigma(z=+3.3)",0.5340482997881302,False
train/Malignant/ISPY2-781642/p-058,Malignant,True,train,3.2893309889346733,dynamic_range(z=-3.3),0.5349491713202273,False
train/Malignant/ISPY2-847753/p-036,Malignant,True,train,3.28933027645161,dynamic_range(z=-3.3),0.4685190165605146,False
train/Malignant/ISPY2-198891/p-027,Malignant,True,train,3.28933027645161,dynamic_range(z=-3.3),0.4931819389120117,False
train/Malignant/ACRIN-6698-607843/p-019,Malignant,True,train,3.28933027645161,dynamic_range(z=-3.3),0.4698973897080879,False
train/Malignant/ISPY2-831702/p-039,Malignant,True,train,3.28933027645161,dynamic_range(z=-3.3),0.5336413299668634,False
train/Malignant/ISPY2-208303/p-008,Malignant,True,train,3.28933027645161,dynamic_range(z=-3.3),0.5530881308752023,False
train/Malignant/ISPY2-254273/p-045,Malignant,True,train,3.2893063297331957,entropy(z=-3.3),0.570612463111567,False
train/Malignant/ISPY2-960490/p-074,Malignant,True,train,3.2892568400934223,entropy(z=-3.3),0.512029363014964,False
train/Malignant/ISPY2-493519/p-104,Malignant,True,train,3.2890457339212875,hf_energy_frac(z=+3.3),0.50470903585244,False
train/Malignant/ISPY2-834418/p-030,Malignant,True,train,3.287984527573364,entropy(z=-3.3),0.5739792121978876,False
train/Malignant/ACRIN-6698-326433/p-078,Malignant,True,train,3.2879057503436386,sharpness_lapvar(z=+3.3),0.5059659561699449,False
train/Malignant/ISPY2-916586/p-082,Malignant,True,train,3.2867375993481653,hf_energy_frac(z=+3.3),0.485199945654328,False
train/Malignant/ISPY2-960490/p-073,Malignant,True,train,3.2858616864075594,entropy(z=-3.3),0.5138482829646738,False
train/Malignant/ISPY2-824512/p-080,Malignant,True,train,3.2852552921536904,hf_energy_frac(z=+3.3),0.5536993754452694,False
train/Malignant/ISPY2-198891/p-029,Malignant,True,train,3.284141974785547,dynamic_range(z=-3.3),0.47867899247398826,False
train/Malignant/ACRIN-6698-547892/p-034,Malignant,True,train,3.2840336246978605,entropy(z=-3.3),0.4864104306615773,False
train/Malignant/ISPY2-953262/p-098,Malignant,True,train,3.283579103985865,sharpness_lapvar(z=+3.3),0.46654723675141435,False
train/Malignant/ACRIN-6698-691753/p-042,Malignant,True,train,3.2813931846906885,entropy(z=-3.3),0.472983894314955,False
train/Malignant/ISPY2-598798/p-088,Malignant,True,train,3.281034917640674,sharpness_lapvar(z=+3.3),0.5224644543744492,False
train/Malignant/ISPY2-865416/p-057,Malignant,True,train,3.2804845289633158,hf_energy_frac(z=+3.3),0.5124013610302888,False
train/Malignant/ISPY2-245655/p-062,Malignant,True,train,3.280155414344992,"sharpness_lapvar(z=+3.3),noise_sigma(z=+3.2)",0.5319288734472938,False
train/Malignant/ISPY2-640463/p-053,Malignant,True,train,3.2796530741542496,"sharpness_lapvar(z=+3.1),noise_sigma(z=+3.3)",0.5210125035712974,False
train/Malignant/ISPY2-451482/p-078,Malignant,True,train,3.2792874504979213,noise_sigma(z=+3.3),0.5684664803793033,False
train/Malignant/ISPY2-131595/p-023,Malignant,True,train,3.2789550980856106,dynamic_range(z=-3.3),0.49032584736939633,False
train/Malignant/ISPY2-177795/p-032,Malignant,True,train,3.2789550980856106,dynamic_range(z=-3.3),0.4808379492425532,False
train/Malignant/ISPY2-356684/p-068,Malignant,True,train,3.2789543856025474,dynamic_range(z=-3.3),0.5158063670346593,False
train/Malignant/ISPY2-250274/p-030,Malignant,True,train,3.2789543856025474,dynamic_range(z=-3.3),0.4801572228937698,False
train/Malignant/ISPY2-286984/p-032,Malignant,True,train,3.2789543856025474,dynamic_range(z=-3.3),0.5390719732975575,False
train/Malignant/ISPY2-767081/p-043,Malignant,True,train,3.278953673119484,dynamic_range(z=-3.3),0.4688176641327576,False
train/Malignant/ACRIN-6698-383456/p-049,Malignant,True,train,3.278953673119484,dynamic_range(z=-3.3),0.4718774681231046,False
train/Malignant/ISPY2-167271/p-050,Malignant,True,train,3.278953673119484,dynamic_range(z=-3.3),0.4814010251041246,False
train/Malignant/ACRIN-6698-760901/p-066,Malignant,True,train,3.278343467844208,hf_energy_frac(z=+3.3),0.5493191407885122,False
train/Malignant/ISPY2-188511/p-083,Malignant,True,train,3.278144545151485,noise_sigma(z=+3.3),0.5198225297951975,False
train/Malignant/ISPY2-640463/p-071,Malignant,True,train,3.2780333895817284,"sharpness_lapvar(z=+3.3),noise_sigma(z=+3.1)",0.48293940017589304,False
train/Malignant/ACRIN-6698-263143/p-019,Malignant,True,train,3.2774992696984206,snr(z=+3.3),0.49232696338024784,False
train/Malignant/ISPY2-212307/p-063,Malignant,True,train,3.2771594947128593,"sharpness_lapvar(z=+3.3),noise_sigma(z=+3.2)",0.4967797531061887,False
train/Malignant/ISPY2-405717/p-069,Malignant,True,train,3.2762258475501413,entropy(z=-3.3),0.4886338699186857,False
train/Malignant/ISPY2-632408/p-050,Malignant,True,train,3.276014162481443,snr(z=+3.3),0.5018222983340334,False
train/Malignant/ISPY2-781335/p-082,Malignant,True,train,3.275973841827385,"aspect_ratio(z=+3.2),width(z=+3.3)",0.5174442004889946,False
train/Malignant/ACRIN-6698-299962/p-031,Malignant,True,train,3.275973841827385,width(z=+3.3),0.48629574583079904,False
train/Malignant/ACRIN-6698-299962/p-042,Malignant,True,train,3.275973841827385,width(z=+3.3),0.4916069491629759,False
train/Malignant/ACRIN-6698-299962/p-032,Malignant,True,train,3.275973841827385,width(z=+3.3),0.4863898499059314,False
train/Malignant/ISPY2-357017/p-094,Malignant,True,train,3.275973841827385,width(z=+3.3),0.47812061991184523,False
train/Malignant/ISPY2-357017/p-070,Malignant,True,train,3.275973841827385,width(z=+3.3),0.47338781289846843,False
train/Malignant/ISPY2-781335/p-020,Malignant,True,train,3.275973841827385,width(z=+3.3),0.4775000986603952,False
train/Malignant/ISPY2-781335/p-083,Malignant,True,train,3.275973841827385,"aspect_ratio(z=+3.2),width(z=+3.3)",0.5136137743639633,False
train/Malignant/ISPY2-559021/p-019,Malignant,True,train,3.275973841827385,width(z=+3.3),0.5101363931275861,False
train/Malignant/ISPY2-559021/p-017,Malignant,True,train,3.275973841827385,width(z=+3.3),0.49730676892250697,False
train/Malignant/ISPY2-262131/p-027,Malignant,True,train,3.275973841827385,width(z=+3.3),0.4733766208502067,False
train/Malignant/ISPY2-262131/p-032,Malignant,True,train,3.275973841827385,width(z=+3.3),0.486381315286554,False
train/Malignant/ISPY2-559021/p-006,Malignant,True,train,3.275973841827385,width(z=+3.3),0.5320340634642671,False
train/Malignant/ISPY2-357017/p-083,Malignant,True,train,3.275973841827385,width(z=+3.3),0.477499845580093,False
train/Malignant/ISPY2-601489/p-024,Malignant,True,train,3.275973841827385,width(z=+3.3),0.48947611284239606,False
train/Malignant/ISPY2-262131/p-044,Malignant,True,train,3.275973841827385,width(z=+3.3),0.49767339719173487,False
train/Malignant/ISPY2-601489/p-122,Malignant,True,train,3.275973841827385,width(z=+3.3),0.5171823069178769,False
train/Malignant/ISPY2-601489/p-022,Malignant,True,train,3.275973841827385,width(z=+3.3),0.48936660675414784,False
train/Malignant/ISPY2-357017/p-084,Malignant,True,train,3.275973841827385,width(z=+3.3),0.4761454559409102,False
train/Malignant/ACRIN-6698-299962/p-033,Malignant,True,train,3.275973841827385,width(z=+3.3),0.48564259747678484,False
train/Malignant/ISPY2-601489/p-023,Malignant,True,train,3.275973841827385,width(z=+3.3),0.489821148133966,False
train/Malignant/ACRIN-6698-263143/p-017,Malignant,True,train,3.2759110968681515,snr(z=+3.3),0.5007274020791055,False
train/Malignant/ISPY2-851223/p-050,Malignant,True,train,3.274674735601572,snr(z=+3.3),0.5058713790334871,False
train/Malignant/ISPY2-215932/p-081,Malignant,True,train,3.274323400407255,entropy(z=-3.3),0.4570886334795626,False
train/Malignant/ISPY2-756412/p-009,Malignant,True,train,3.273766083936484,dynamic_range(z=-3.3),0.5299257593549346,False
train/Malignant/ISPY2-341238/p-050,Malignant,True,train,3.273765371453421,dynamic_range(z=-3.3),0.5093680579490927,False
train/Malignant/ISPY2-485637/p-168,Malignant,True,train,3.272219844691458,"sharpness_lapvar(z=+3.2),hf_energy_frac(z=+3.3)",0.5225788885841609,False
train/Malignant/ISPY2-261304/p-058,Malignant,True,train,3.271948414993239,"entropy(z=-3.2),snr(z=+3.3)",0.5379330209574453,False
train/Malignant/ISPY2-708387/p-107,Malignant,True,train,3.2712665599875312,aspect_ratio(z=+3.3),0.4742470702222063,False
train/Malignant/ISPY2-125418/p-064,Malignant,True,train,3.2712665599875312,aspect_ratio(z=+3.3),0.4643512470494698,False
train/Malignant/ACRIN-6698-800447/p-109,Malignant,True,train,3.2712665599875312,aspect_ratio(z=+3.3),0.5096944296029384,False
train/Malignant/ACRIN-6698-430441/p-142,Malignant,True,train,3.2712665599875312,aspect_ratio(z=+3.3),0.4576975530489675,False
train/Malignant/ACRIN-6698-162562/p-039,Malignant,True,train,3.2712665599875312,aspect_ratio(z=+3.3),0.48051296277722627,False
val/Malignant/ISPY2-913225/p-050,Malignant,True,val,3.2712665599875312,aspect_ratio(z=+3.3),0.4602938766377811,False
train/Malignant/ISPY2-262131/p-126,Malignant,True,train,3.2712665599875312,aspect_ratio(z=+3.3),0.4846284831767197,False
train/Malignant/ACRIN-6698-734997/p-083,Malignant,True,train,3.2712665599875312,aspect_ratio(z=+3.3),0.49790683161265326,False
train/Malignant/ISPY2-889721/p-044,Malignant,True,train,3.2712665599875312,aspect_ratio(z=+3.3),0.4634270101818119,False
train/Malignant/ISPY2-639663/p-048,Malignant,True,train,3.2712665599875312,aspect_ratio(z=+3.3),0.4633957425662713,False
train/Malignant/ISPY2-282082/p-117,Malignant,True,train,3.2712665599875312,aspect_ratio(z=+3.3),0.506652651401503,False
train/Malignant/ACRIN-6698-580541/p-024,Malignant,True,train,3.2712665599875312,aspect_ratio(z=+3.3),0.47509843263865736,False
train/Malignant/ISPY2-983841/p-048,Malignant,True,train,3.2712665599875312,aspect_ratio(z=+3.3),0.4974393447617213,False
train/Malignant/ISPY2-289107/p-062,Malignant,True,train,3.2712665599875312,aspect_ratio(z=+3.3),0.5063531179698455,False
val/Malignant/ISPY2-246134/p-099,Malignant,True,val,3.2712665599875312,aspect_ratio(z=+3.3),0.46479193852504086,False
train/Malignant/ISPY2-848371/p-076,Malignant,True,train,3.2712665599875312,aspect_ratio(z=+3.3),0.5121811723676856,False
train/Malignant/ISPY2-318569/p-071,Malignant,True,train,3.2712665599875312,aspect_ratio(z=+3.3),0.47783288216046427,False
train/Malignant/ACRIN-6698-734997/p-080,Malignant,True,train,3.2712665599875312,aspect_ratio(z=+3.3),0.49648370457130847,False
train/Malignant/ACRIN-6698-547892/p-047,Malignant,True,train,3.2712665599875312,aspect_ratio(z=+3.3),0.503661162944704,False
train/Malignant/ACRIN-6698-973837/p-071,Malignant,True,train,3.2712665599875312,aspect_ratio(z=+3.3),0.5247573942064752,False
train/Malignant/ACRIN-6698-962153/p-094,Malignant,True,train,3.2712665599875312,aspect_ratio(z=+3.3),0.478050623423131,False
train/Malignant/ACRIN-6698-799149/p-067,Malignant,True,train,3.2712665599875312,aspect_ratio(z=+3.3),0.5045563021067274,False
train/Malignant/ISPY2-498985/p-050,Malignant,True,train,3.2712665599875312,aspect_ratio(z=+3.3),0.45850657304740644,False
train/Malignant/ISPY2-573586/p-014,Malignant,True,train,3.2712665599875312,aspect_ratio(z=+3.3),0.47864896194085926,False
train/Malignant/ISPY2-708387/p-108,Malignant,True,train,3.2712665599875312,aspect_ratio(z=+3.3),0.47164386321996016,False
train/Malignant/ACRIN-6698-771443/p-068,Malignant,True,train,3.2712665599875312,aspect_ratio(z=+3.3),0.5307135079913111,False
train/Malignant/ISPY2-922872/p-013,Malignant,True,train,3.2712665599875312,aspect_ratio(z=+3.3),0.5794738201589753,True
train/Malignant/ACRIN-6698-580541/p-023,Malignant,True,train,3.2712665599875312,aspect_ratio(z=+3.3),0.5133405432544142,False
train/Malignant/ISPY2-236470/p-111,Malignant,True,train,3.2702991263464574,"entropy(z=-3.0),hf_energy_frac(z=+3.3)",0.5804317383764255,True
train/Malignant/ACRIN-6698-188700/p-042,Malignant,True,train,3.268578494753484,dynamic_range(z=-3.3),0.5168362961423509,False
train/Malignant/ACRIN-6698-929980/p-030,Malignant,True,train,3.268578494753484,dynamic_range(z=-3.3),0.4983527878026007,False
train/Malignant/ISPY2-689188/p-016,Malignant,True,train,3.2682437441279757,"dynamic_range(z=-3.2),snr(z=+3.3)",0.5590251895009076,False
train/Malignant/ISPY2-916586/p-079,Malignant,True,train,3.2675179305907984,hf_energy_frac(z=+3.3),0.49515840520929705,False
train/Malignant/ISPY2-349639/p-069,Malignant,True,train,3.267396753202295,sharpness_lapvar(z=+3.3),0.5060287116027141,False
val/Malignant/ISPY2-318293/p-041,Malignant,True,val,3.266768099542251,sharpness_lapvar(z=+3.3),0.5047824266630336,False
train/Malignant/ACRIN-6698-408692/p-021,Malignant,True,train,3.266606340983454,"entropy(z=-3.3),snr(z=+3.3)",0.5667075302895289,False
val/Malignant/ACRIN-6698-928815/p-064,Malignant,True,val,3.266484505829049,snr(z=+3.3),0.5236046504100984,False
train/Malignant/ACRIN-6698-326433/p-080,Malignant,True,train,3.2658605541125034,sharpness_lapvar(z=+3.3),0.5110283707988337,False
val/Malignant/ACRIN-6698-284443/p-073,Malignant,True,val,3.2649254446153497,entropy(z=-3.3),0.5376489032668236,False
train/Malignant/ISPY2-151980/p-089,Malignant,True,train,3.2642539947590574,sharpness_lapvar(z=+3.3),0.5189643754142743,False
train/Malignant/ISPY2-243836/p-020,Malignant,True,train,3.264087013451256,"entropy(z=-3.3),snr(z=+3.3)",0.5275039219901394,False
train/Malignant/ISPY2-255078/p-024,Malignant,True,train,3.2639682085378383,hf_energy_frac(z=+3.3),0.4755992786893154,False
train/Malignant/ISPY2-756412/p-042,Malignant,True,train,3.263390193087421,dynamic_range(z=-3.3),0.5295786474631143,False
train/Malignant/ISPY2-151980/p-065,Malignant,True,train,3.263353077470089,sharpness_lapvar(z=+3.3),0.5318917910287716,False
train/Malignant/ISPY2-932200/p-041,Malignant,True,train,3.263112882159872,snr(z=+3.3),0.5030623673481147,False
train/Malignant/ACRIN-6698-738041/p-049,Malignant,True,train,3.261822738344792,snr(z=+3.3),0.4642728973671364,False
train/Malignant/ACRIN-6698-264305/p-130,Malignant,True,train,3.2617789183419745,hf_energy_frac(z=+3.3),0.47887305296173255,False
val/Malignant/ISPY2-459311/p-019,Malignant,True,val,3.261556401168587,entropy(z=-3.3),0.5583118479409362,False
train/Malignant/ISPY2-301968/p-053,Malignant,True,train,3.26070421665145,entropy(z=-3.3),0.45208129504373934,False
train/Malignant/ISPY2-882538/p-075,Malignant,True,train,3.2587114418598166,hf_energy_frac(z=+3.3),0.5291082217364373,False
train/Malignant/ACRIN-6698-783764/p-034,Malignant,True,train,3.2582018914213577,dynamic_range(z=-3.3),0.4541805003235803,False
train/Malignant/ISPY2-131595/p-024,Malignant,True,train,3.2582018914213577,dynamic_range(z=-3.3),0.5068843629826475,False
train/Malignant/ISPY2-756412/p-023,Malignant,True,train,3.2582018914213577,dynamic_range(z=-3.3),0.5199567530950179,False
train/Malignant/ISPY2-752469/p-116,Malignant,True,train,3.2582018914213577,dynamic_range(z=-3.3),0.5302876067160157,False
train/Malignant/ISPY2-105513/p-103,Malignant,True,train,3.2582018914213577,dynamic_range(z=-3.3),0.5195397606038163,False
train/Malignant/ISPY2-194024/p-044,Malignant,True,train,3.2554709927122683,snr(z=+3.3),0.4825630483120805,False
train/Malignant/ACRIN-6698-263143/p-031,Malignant,True,train,3.253824067457945,snr(z=+3.3),0.5065864087558416,False
train/Malignant/ISPY2-250274/p-021,Malignant,True,train,3.253013589755295,dynamic_range(z=-3.3),0.4671498534926516,False
val/Malignant/ISPY2-241705/p-031,Malignant,True,val,3.253013589755295,dynamic_range(z=-3.3),0.47867955739042534,False
train/Malignant/ISPY2-602943/p-052,Malignant,True,train,3.253013589755295,dynamic_range(z=-3.3),0.5535933643308882,False
train/Malignant/ISPY2-117707/p-021,Malignant,True,train,3.253013589755295,dynamic_range(z=-3.3),0.5079599899627854,False
train/Malignant/ISPY2-841336/p-023,Malignant,True,train,3.252670177572814,hf_energy_frac(z=+3.3),0.5222386048639593,False
train/Malignant/ISPY2-791321/p-091,Malignant,True,train,3.2518609364653144,entropy(z=-3.3),0.4762107612019934,False
train/Malignant/ISPY2-423619/p-032,Malignant,True,train,3.251723292809795,snr(z=+3.3),0.5383022066457455,False
train/Malignant/ISPY2-791321/p-090,Malignant,True,train,3.2512577568966727,entropy(z=-3.3),0.4879816184612404,False
train/Malignant/ISPY2-262131/p-024,Malignant,True,train,3.250467651075452,width(z=+3.3),0.4735690987092838,False
train/Malignant/ISPY2-262131/p-025,Malignant,True,train,3.250467651075452,width(z=+3.3),0.4723224626493691,False
train/Malignant/ISPY2-262131/p-103,Malignant,True,train,3.250467651075452,width(z=+3.3),0.4602190736278233,False
train/Malignant/ISPY2-559021/p-037,Malignant,True,train,3.250467651075452,width(z=+3.3),0.4851790242455256,False
train/Malignant/ISPY2-262131/p-026,Malignant,True,train,3.250467651075452,width(z=+3.3),0.47122671772413477,False
train/Malignant/ISPY2-357017/p-091,Malignant,True,train,3.250467651075452,width(z=+3.3),0.48016303537246496,False
train/Malignant/ISPY2-357017/p-067,Malignant,True,train,3.250467651075452,width(z=+3.3),0.4660140739988383,False
train/Malignant/ISPY2-559021/p-039,Malignant,True,train,3.250467651075452,width(z=+3.3),0.4787550656835004,False
train/Malignant/ISPY2-262131/p-104,Malignant,True,train,3.250467651075452,width(z=+3.3),0.4600579847933514,False
train/Malignant/ACRIN-6698-299962/p-030,Malignant,True,train,3.250467651075452,width(z=+3.3),0.4869115085170225,False
train/Malignant/ISPY2-262131/p-102,Malignant,True,train,3.250467651075452,width(z=+3.3),0.46590536320467224,False
train/Malignant/ISPY2-559021/p-016,Malignant,True,train,3.250467651075452,width(z=+3.3),0.4975898051784203,False
train/Malignant/ISPY2-559021/p-038,Malignant,True,train,3.250467651075452,width(z=+3.3),0.48337396102174773,False
train/Malignant/ISPY2-559021/p-004,Malignant,True,train,3.250467651075452,width(z=+3.3),0.5276019702795594,False
train/Malignant/ISPY2-559021/p-003,Malignant,True,train,3.250467651075452,width(z=+3.3),0.5323809899815686,False
train/Malignant/ISPY2-791321/p-092,Malignant,True,train,3.2498949698537563,entropy(z=-3.2),0.4675915890626774,False
train/Malignant/ISPY2-596458/p-074,Malignant,True,train,3.2496272176306333,sharpness_lapvar(z=+3.2),0.5546093732064645,False
train/Malignant/ISPY2-159352/p-026,Malignant,True,train,3.248599142594088,hf_energy_frac(z=+3.2),0.5061944058315275,False
train/Malignant/ISPY2-245655/p-063,Malignant,True,train,3.248254682632386,"sharpness_lapvar(z=+3.2),noise_sigma(z=+3.2)",0.5187943976498343,False
train/Malignant/ACRIN-6698-342959/p-094,Malignant,True,train,3.24789217431747,sharpness_lapvar(z=+3.2),0.48820324502238577,False
train/Malignant/ISPY2-689188/p-010,Malignant,True,train,3.2478252880892318,dynamic_range(z=-3.2),0.4949105580036415,False
train/Malignant/ISPY2-974618/p-036,Malignant,True,train,3.2478252880892318,dynamic_range(z=-3.2),0.5527565861130392,False
train/Malignant/ISPY2-198891/p-028,Malignant,True,train,3.2478252880892318,dynamic_range(z=-3.2),0.4778593853842144,False
train/Malignant/ISPY2-540539/p-116,Malignant,True,train,3.24757621926716,hf_energy_frac(z=+3.2),0.4979213464603118,False
train/Malignant/ISPY2-527581/p-053,Malignant,True,train,3.2463697330037182,entropy(z=-3.2),0.5488820779032104,False
train/Malignant/ISPY2-573881/p-073,Malignant,True,train,3.245979190917238,sharpness_lapvar(z=+3.2),0.4581063267960722,False
train/Malignant/ACRIN-6698-938719/p-014,Malignant,True,train,3.2450437594767085,entropy(z=-3.2),0.5952345307613294,True
train/Malignant/ISPY2-245655/p-064,Malignant,True,train,3.244428325209858,noise_sigma(z=+3.2),0.5036283932145984,False
val/Malignant/ISPY2-859699/p-092,Malignant,True,val,3.2443440937533916,hf_energy_frac(z=+3.2),0.5212372362925652,False
train/Malignant/ISPY2-632408/p-051,Malignant,True,train,3.243260235595676,snr(z=+3.2),0.4930953505268007,False
train/Malignant/ISPY2-115638/p-047,Malignant,True,train,3.2426369864231686,dynamic_range(z=-3.2),0.5017238615340857,False
train/Malignant/ISPY2-787415/p-093,Malignant,True,train,3.2426369864231686,dynamic_range(z=-3.2),0.47695797462475714,False
train/Malignant/ISPY2-356684/p-072,Malignant,True,train,3.2426369864231686,dynamic_range(z=-3.2),0.47550983943031366,False
train/Malignant/ACRIN-6698-165925/p-023,Malignant,True,train,3.2426369864231686,dynamic_range(z=-3.2),0.4712033424059714,False
train/Malignant/ISPY2-245655/p-059,Malignant,True,train,3.2420940267013183,noise_sigma(z=+3.2),0.5047258868167078,False
train/Malignant/ISPY2-676630/p-088,Malignant,True,train,3.242065694106597,entropy(z=-3.2),0.49866909595819786,False
train/Malignant/ACRIN-6698-343898/p-057,Malignant,True,train,3.241862019045834,snr(z=+3.2),0.4892941831856662,False
train/Malignant/ISPY2-994987/p-045,Malignant,True,train,3.2415932299940877,snr(z=+3.2),0.5067466099989496,False
train/Malignant/ISPY2-628692/p-014,Malignant,True,train,3.2411938141075605,entropy(z=-3.2),0.5374991973243964,False
train/Malignant/ISPY2-262131/p-122,Malignant,True,train,3.2404252647411758,aspect_ratio(z=+3.2),0.5043349226231404,False
train/Malignant/ISPY2-286984/p-022,Malignant,True,train,3.2400525240887257,snr(z=+3.2),0.5136055957942374,False
val/Malignant/ISPY2-542392/p-096,Malignant,True,val,3.2399512615435446,hf_energy_frac(z=+3.2),0.5431206937845959,False
train/Malignant/ISPY2-128051/p-067,Malignant,True,train,3.2394738499047437,entropy(z=-3.2),0.48586369732474405,False
train/Malignant/ISPY2-660534/p-027,Malignant,True,train,3.2394701157854393,"entropy(z=-3.0),snr(z=+3.2)",0.5352428592695943,False
train/Malignant/ACRIN-6698-264305/p-070,Malignant,True,train,3.239050382215308,hf_energy_frac(z=+3.2),0.519728337972114,False
train/Malignant/ISPY2-586207/p-025,Malignant,True,train,3.2382862248232507,hf_energy_frac(z=+3.2),0.45664665908766766,False
train/Malignant/ISPY2-573881/p-104,Malignant,True,train,3.2377419414998228,sharpness_lapvar(z=+3.2),0.525934496304,False
train/Malignant/ISPY2-563856/p-038,Malignant,True,train,3.2376710171843905,entropy(z=-3.2),0.4891890129538689,False
train/Malignant/ACRIN-6698-362150/p-031,Malignant,True,train,3.2374486847571053,dynamic_range(z=-3.2),0.4780101579552901,False
train/Malignant/ISPY2-768214/p-057,Malignant,True,train,3.2374486847571053,dynamic_range(z=-3.2),0.4988428569748362,False
val/Malignant/ISPY2-712276/p-048,Malignant,True,val,3.2374486847571053,dynamic_range(z=-3.2),0.47832726316229396,False
train/Malignant/ISPY2-380972/p-028,Malignant,True,train,3.2374486847571053,dynamic_range(z=-3.2),0.5419419737256344,False
train/Malignant/ISPY2-414971/p-043,Malignant,True,train,3.237325898201691,"sharpness_lapvar(z=+3.2),noise_sigma(z=+3.0)",0.5321976894723891,False
train/Malignant/ISPY2-598798/p-091,Malignant,True,train,3.2359227717844634,sharpness_lapvar(z=+3.2),0.5095941810072913,False
val/Malignant/ISPY2-318293/p-052,Malignant,True,val,3.2353996585199014,sharpness_lapvar(z=+3.2),0.5059191798581901,False
train/Malignant/ISPY2-248255/p-065,Malignant,True,train,3.2350567948887896,entropy(z=-3.2),0.5305854147896433,False
train/Malignant/ISPY2-356399/p-026,Malignant,True,train,3.234653384591158,entropy(z=-3.2),0.46282823653976807,False
train/Malignant/ACRIN-6698-343898/p-044,Malignant,True,train,3.232714200696897,snr(z=+3.2),0.46982428422886474,False
train/Malignant/ACRIN-6698-688955/p-033,Malignant,True,train,3.2322610955741053,dynamic_range(z=-3.2),0.44167514140170233,False
train/Malignant/ISPY2-756412/p-016,Malignant,True,train,3.2322610955741053,dynamic_range(z=-3.2),0.5164127548975633,False
train/Malignant/ISPY2-202956/p-024,Malignant,True,train,3.2322610955741053,dynamic_range(z=-3.2),0.48694370422566496,False
train/Malignant/ISPY2-132463/p-069,Malignant,True,train,3.2322548210392217,entropy(z=-3.2),0.4753676284166547,False
train/Malignant/ISPY2-245655/p-060,Malignant,True,train,3.232222834380736,"sharpness_lapvar(z=+3.1),noise_sigma(z=+3.2)",0.539757523128912,False
train/Malignant/ISPY2-421829/p-084,Malignant,True,train,3.231994098412384,hf_energy_frac(z=+3.2),0.5161000832764533,False
train/Malignant/ISPY2-728714/p-064,Malignant,True,train,3.231912930011684,entropy(z=-3.2),0.49074612242495386,False
train/Malignant/ISPY2-485637/p-133,Malignant,True,train,3.2304351810763894,"sharpness_lapvar(z=+3.2),hf_energy_frac(z=+3.2)",0.5158519372550445,False
train/Malignant/ISPY2-169536/p-025,Malignant,True,train,3.2299518366565017,sharpness_lapvar(z=+3.2),0.4992279458562627,False
train/Malignant/ISPY2-380972/p-021,Malignant,True,train,3.22877706499284,snr(z=+3.2),0.5019408547784049,False
train/Malignant/ISPY2-959366/p-105,Malignant,True,train,3.2284642841475177,noise_sigma(z=+3.2),0.5494812859414169,False
train/Malignant/ISPY2-466267/p-027,Malignant,True,train,3.22827315538519,entropy(z=-3.2),0.5475801477311895,False
train/Malignant/ISPY2-243836/p-015,Malignant,True,train,3.22815490220008,snr(z=+3.2),0.5161139567356818,False
train/Malignant/ISPY2-596458/p-059,Malignant,True,train,3.2278726398798105,sharpness_lapvar(z=+3.2),0.4805682522868822,False
train/Malignant/ISPY2-303947/p-105,Malignant,True,train,3.227466454688006,"sharpness_lapvar(z=+3.2),hf_energy_frac(z=+3.2)",0.528754280199107,False
train/Malignant/ISPY2-112606/p-068,Malignant,True,train,3.2270727939080426,dynamic_range(z=-3.2),0.4781226745483566,False
train/Malignant/ACRIN-6698-895653/p-051,Malignant,True,train,3.2270720814249794,dynamic_range(z=-3.2),0.4576481367799185,False
train/Malignant/ISPY2-451482/p-081,Malignant,True,train,3.2268737380924306,entropy(z=-3.2),0.5709562540100768,False
train/Malignant/ISPY2-960490/p-075,Malignant,True,train,3.2267491639637336,entropy(z=-3.2),0.5230851643857473,False
train/Malignant/ISPY2-605713/p-071,Malignant,True,train,3.2265279995604756,snr(z=+3.2),0.4794957816276008,False
train/Malignant/ISPY2-573586/p-017,Malignant,True,train,3.2259117140370077,aspect_ratio(z=+3.2),0.47335035619864724,False
train/Malignant/ISPY2-115638/p-125,Malignant,True,train,3.2253475623499037,hf_energy_frac(z=+3.2),0.47904841123504677,False
train/Malignant/ISPY2-357017/p-054,Malignant,True,train,3.2249614603235197,width(z=+3.2),0.4577071591446905,False
train/Malignant/ISPY2-559021/p-104,Malignant,True,train,3.2249614603235197,width(z=+3.2),0.4732710644754718,False
train/Malignant/ISPY2-262131/p-023,Malignant,True,train,3.2249614603235197,width(z=+3.2),0.47750417250199056,False
train/Malignant/ISPY2-559021/p-044,Malignant,True,train,3.2249614603235197,width(z=+3.2),0.48207825660461473,False
train/Malignant/ISPY2-357017/p-081,Malignant,True,train,3.2249614603235197,width(z=+3.2),0.4708727591067666,False
train/Malignant/ISPY2-357017/p-080,Malignant,True,train,3.2249614603235197,width(z=+3.2),0.47450732880313307,False
train/Malignant/ISPY2-601489/p-021,Malignant,True,train,3.2249614603235197,width(z=+3.2),0.49046920129668414,False
train/Malignant/ISPY2-357017/p-082,Malignant,True,train,3.2249614603235197,width(z=+3.2),0.46991797023534215,False
train/Malignant/ISPY2-357017/p-093,Malignant,True,train,3.2249614603235197,width(z=+3.2),0.4811991688146589,False
train/Malignant/ISPY2-357017/p-095,Malignant,True,train,3.2249614603235197,width(z=+3.2),0.47874671271406755,False
train/Malignant/ISPY2-559021/p-005,Malignant,True,train,3.2249614603235197,width(z=+3.2),0.5266266476974366,False
train/Malignant/ISPY2-262131/p-106,Malignant,True,train,3.2249614603235197,width(z=+3.2),0.4634076898397235,False
train/Malignant/ISPY2-781335/p-019,Malignant,True,train,3.2249614603235197,width(z=+3.2),0.48208974112237,False
train/Malignant/ISPY2-201873/p-052,Malignant,True,train,3.2249614603235197,width(z=+3.2),0.4824201116562757,False
train/Malignant/ISPY2-201873/p-051,Malignant,True,train,3.2249614603235197,width(z=+3.2),0.48557138421825385,False
train/Malignant/ISPY2-201873/p-053,Malignant,True,train,3.2249614603235197,width(z=+3.2),0.48268622638969827,False
train/Malignant/ISPY2-201873/p-049,Malignant,True,train,3.2249614603235197,width(z=+3.2),0.4853794559263704,False
train/Malignant/ISPY2-201873/p-050,Malignant,True,train,3.2249614603235197,width(z=+3.2),0.4875818978940036,False
train/Malignant/ISPY2-201873/p-048,Malignant,True,train,3.2249614603235197,width(z=+3.2),0.48800420489046387,False
train/Malignant/ISPY2-201873/p-047,Malignant,True,train,3.2249614603235197,width(z=+3.2),0.4875925694086034,False
train/Malignant/ISPY2-262131/p-105,Malignant,True,train,3.2249614603235197,width(z=+3.2),0.45795640106696317,False
train/Malignant/ISPY2-262131/p-101,Malignant,True,train,3.2249614603235197,width(z=+3.2),0.46740464005211174,False
train/Malignant/ISPY2-640463/p-072,Malignant,True,train,3.2244229475328043,sharpness_lapvar(z=+3.2),0.4706842191699606,False
train/Malignant/ISPY2-349639/p-074,Malignant,True,train,3.2241027573474774,sharpness_lapvar(z=+3.2),0.47287463590618656,False
train/Malignant/ISPY2-632408/p-043,Malignant,True,train,3.2229979880474433,snr(z=+3.2),0.5388576420285799,False
train/Malignant/ISPY2-640463/p-084,Malignant,True,train,3.222835762744712,sharpness_lapvar(z=+3.2),0.4869871648683143,False
train/Malignant/ISPY2-885590/p-094,Malignant,True,train,3.222744045750729,hf_energy_frac(z=+3.2),0.4725993481578731,False
train/Malignant/ISPY2-252748/p-043,Malignant,True,train,3.2222899999635484,hf_energy_frac(z=+3.2),0.5055273707903489,False
train/Malignant/ISPY2-845079/p-051,Malignant,True,train,3.2218852047250426,dynamic_range(z=-3.2),0.47815970012341774,False
train/Malignant/ISPY2-768214/p-114,Malignant,True,train,3.2218852047250426,dynamic_range(z=-3.2),0.5063493087661163,False
train/Malignant/ISPY2-111674/p-055,Malignant,True,train,3.2218852047250426,dynamic_range(z=-3.2),0.5206467971215294,False
train/Malignant/ACRIN-6698-362150/p-030,Malignant,True,train,3.2218844922419794,dynamic_range(z=-3.2),0.4657070095751617,False
train/Malignant/ISPY2-930903/p-077,Malignant,True,train,3.2212408967228052,entropy(z=-3.2),0.4574935309410174,False
train/Malignant/ISPY2-598798/p-080,Malignant,True,train,3.2200595914722543,sharpness_lapvar(z=+3.2),0.4926582195275921,False
train/Malignant/ISPY2-182346/p-096,Malignant,True,train,3.219864401243605,aspect_ratio(z=+3.2),0.5016365499176095,False
train/Malignant/ISPY2-466267/p-036,Malignant,True,train,3.219393718252451,sharpness_lapvar(z=+3.2),0.5484097452491558,False
train/Malignant/ACRIN-6698-531988/p-028,Malignant,True,train,3.2182198348372753,snr(z=+3.2),0.49071669188543976,False
train/Malignant/ISPY2-916586/p-043,Malignant,True,train,3.2181441554636554,entropy(z=-3.2),0.5585688972074757,False
train/Malignant/ISPY2-640463/p-073,Malignant,True,train,3.2172793413439327,sharpness_lapvar(z=+3.2),0.4719993654316885,False
val/Malignant/ISPY2-896939/p-122,Malignant,True,val,3.2169799133537587,hf_energy_frac(z=+3.2),0.5039025548712793,False
train/Malignant/ISPY2-836983/p-046,Malignant,True,train,3.216820979916212,sharpness_lapvar(z=+3.2),0.47334591831771156,False
train/Malignant/ISPY2-341238/p-046,Malignant,True,train,3.2166969030589794,dynamic_range(z=-3.2),0.5062974269210502,False
train/Malignant/ACRIN-6698-748583/p-032,Malignant,True,train,3.2166969030589794,dynamic_range(z=-3.2),0.480735378717503,False
train/Malignant/ISPY2-733276/p-051,Malignant,True,train,3.2166969030589794,"dynamic_range(z=-3.2),hf_energy_frac(z=+3.0)",0.5483871560617092,False
train/Malignant/ACRIN-6698-342959/p-095,Malignant,True,train,3.2166644538224296,sharpness_lapvar(z=+3.2),0.48282758947500154,False
val/Malignant/ACRIN-6698-335536/p-020,Malignant,True,val,3.215853955244451,"entropy(z=-3.2),dynamic_range(z=-3.0)",0.5293274602455124,False
train/Malignant/ISPY2-955953/p-031,Malignant,True,train,3.215301252411206,entropy(z=-3.2),0.526131201088969,False
train/Malignant/ISPY2-497010/p-067,Malignant,True,train,3.214322870842714,hf_energy_frac(z=+3.2),0.45517537881046966,False
train/Malignant/ISPY2-228192/p-110,Malignant,True,train,3.212716802571495,hf_energy_frac(z=+3.2),0.5041691701309067,False
train/Malignant/ISPY2-605713/p-024,Malignant,True,train,3.212009932726956,snr(z=+3.2),0.49318922450619684,False
train/Malignant/ISPY2-847753/p-040,Malignant,True,train,3.211508601392916,dynamic_range(z=-3.2),0.4554067064350668,False
train/Malignant/ISPY2-112606/p-065,Malignant,True,train,3.211508601392916,dynamic_range(z=-3.2),0.486179745678744,False
train/Malignant/ISPY2-568953/p-037,Malignant,True,train,3.211508601392916,dynamic_range(z=-3.2),0.5008843252825202,False
train/Malignant/ISPY2-202956/p-022,Malignant,True,train,3.211508601392916,dynamic_range(z=-3.2),0.46632004645850983,False
train/Malignant/ISPY2-177795/p-024,Malignant,True,train,3.211508601392916,dynamic_range(z=-3.2),0.46546722599216317,False
train/Malignant/ACRIN-6698-384830/p-049,Malignant,True,train,3.211508601392916,dynamic_range(z=-3.2),0.49522581993171805,False
train/Malignant/ISPY2-245655/p-058,Malignant,True,train,3.2110851979559665,"sharpness_lapvar(z=+3.0),noise_sigma(z=+3.2)",0.49861058678238235,False
train/Malignant/ISPY2-791944/p-110,Malignant,True,train,3.2108077266586603,sharpness_lapvar(z=+3.2),0.4818020164423147,False
train/Malignant/ISPY2-120001/p-042,Malignant,True,train,3.2105984219281325,contrast(z=-3.2),0.5340893713712936,False
train/Malignant/ISPY2-327133/p-013,Malignant,True,train,3.2082667048520306,hf_energy_frac(z=+3.2),0.5306748301735078,False
train/Malignant/ISPY2-598798/p-069,Malignant,True,train,3.2074824394155073,sharpness_lapvar(z=+3.2),0.49863277107999243,False
train/Malignant/ACRIN-6698-547892/p-042,Malignant,True,train,3.2071146873850895,entropy(z=-3.2),0.47244193543547425,False
train/Malignant/ACRIN-6698-663144/p-038,Malignant,True,train,3.207013861557624,aspect_ratio(z=+3.2),0.49278199661297484,False
train/Malignant/ISPY2-840501/p-101,Malignant,True,train,3.206668207414285,"noise_sigma(z=+3.1),hf_energy_frac(z=+3.2)",0.5207015085177995,False
train/Malignant/ISPY2-531672/p-091,Malignant,True,train,3.206591981492574,noise_sigma(z=+3.2),0.5138986444266233,False
train/Malignant/ISPY2-188091/p-066,Malignant,True,train,3.206320299726853,dynamic_range(z=-3.2),0.5006085808784534,False
val/Malignant/ISPY2-712276/p-043,Malignant,True,val,3.206320299726853,dynamic_range(z=-3.2),0.49293677134006797,False
train/Malignant/ISPY2-341238/p-056,Malignant,True,train,3.206320299726853,dynamic_range(z=-3.2),0.5128974186881459,False
train/Malignant/ACRIN-6698-571995/p-029,Malignant,True,train,3.2061667753084464,snr(z=+3.2),0.4860197594740362,False
train/Malignant/ISPY2-916586/p-086,Malignant,True,train,3.205082984063531,hf_energy_frac(z=+3.2),0.4785205599787396,False
train/Malignant/ISPY2-166782/p-046,Malignant,True,train,3.2043000437925935,hf_energy_frac(z=+3.2),0.48570484821054755,False
train/Malignant/ISPY2-301968/p-055,Malignant,True,train,3.2029149887468673,entropy(z=-3.2),0.4672799404002434,False
train/Malignant/ISPY2-122287/p-123,Malignant,True,train,3.202730348328963,aspect_ratio(z=+3.2),0.5626871672980642,False
train/Malignant/ISPY2-676630/p-099,Malignant,True,train,3.2021258168575106,noise_sigma(z=+3.2),0.49661783074493127,False
train/Malignant/ISPY2-483910/p-042,Malignant,True,train,3.20131283663266,hf_energy_frac(z=+3.2),0.5156495498744922,False
train/Malignant/ISPY2-632408/p-041,Malignant,True,train,3.2012472013149638,snr(z=+3.2),0.5503413510367335,False
train/Malignant/ISPY2-541165/p-015,Malignant,True,train,3.20113199806079,dynamic_range(z=-3.2),0.5388998751068961,False
train/Malignant/ISPY2-473505/p-051,Malignant,True,train,3.20113199806079,dynamic_range(z=-3.2),0.5645504987978391,False
train/Malignant/ISPY2-765773/p-061,Malignant,True,train,3.20113199806079,dynamic_range(z=-3.2),0.5225597724544717,False
train/Malignant/ISPY2-598798/p-047,Malignant,True,train,3.2005886631483076,sharpness_lapvar(z=+3.2),0.523536429602379,False
train/Malignant/ISPY2-793684/p-014,Malignant,True,train,3.200268333449405,hf_energy_frac(z=+3.2),0.5333306376179133,False
train/Malignant/ISPY2-349639/p-067,Malignant,True,train,3.1994562707890553,sharpness_lapvar(z=+3.2),0.4866926253435283,False
train/Malignant/ISPY2-559021/p-002,Malignant,True,train,3.1994552695715877,width(z=+3.2),0.5334464170699174,False
train/Malignant/ISPY2-357017/p-065,Malignant,True,train,3.1994552695715877,width(z=+3.2),0.46986191505449443,False
train/Malignant/ISPY2-601489/p-020,Malignant,True,train,3.1994552695715877,width(z=+3.2),0.48400930807647635,False
train/Malignant/ISPY2-601489/p-123,Malignant,True,train,3.1994552695715877,width(z=+3.2),0.516089733019893,False
train/Malignant/ACRIN-6698-299962/p-029,Malignant,True,train,3.1994552695715877,width(z=+3.2),0.48850548177696984,False
train/Malignant/ISPY2-357017/p-066,Malignant,True,train,3.1994552695715877,width(z=+3.2),0.4678329016713365,False
train/Malignant/ACRIN-6698-299962/p-043,Malignant,True,train,3.1994552695715877,width(z=+3.2),0.49225670772408836,False
train/Malignant/ISPY2-559021/p-043,Malignant,True,train,3.1994552695715877,width(z=+3.2),0.47349543697696445,False
train/Malignant/ISPY2-201873/p-054,Malignant,True,train,3.1994552695715877,width(z=+3.2),0.4846006731261546,False
val/Malignant/ISPY2-896939/p-071,Malignant,True,val,3.199235755342614,hf_energy_frac(z=+3.2),0.4938986299404146,False
train/Malignant/ISPY2-282082/p-044,Malignant,True,train,3.1986186008640125,hf_energy_frac(z=+3.2),0.4853827219158147,False
train/Malignant/ISPY2-791321/p-097,Malignant,True,train,3.1983529922932674,entropy(z=-3.2),0.5094319640688373,False
train/Malignant/ACRIN-6698-102212/p-015,Malignant,True,train,3.198099431776298,snr(z=+3.2),0.5515210728552324,False
train/Malignant/ISPY2-151980/p-087,Malignant,True,train,3.1978961084210624,"sharpness_lapvar(z=+3.2),noise_sigma(z=+3.2)",0.5101673107494336,False
train/Malignant/ISPY2-573881/p-075,Malignant,True,train,3.197747230182025,sharpness_lapvar(z=+3.2),0.4545425170927942,False
train/Malignant/ISPY2-181442/p-042,Malignant,True,train,3.197468298524159,entropy(z=-3.2),0.4734455114110224,False
train/Malignant/ACRIN-6698-688291/p-034,Malignant,True,train,3.1965228661121508,entropy(z=-3.2),0.5608784526274613,False
train/Malignant/ISPY2-350331/p-036,Malignant,True,train,3.196240060008923,entropy(z=-3.2),0.5160207135297459,False
train/Malignant/ISPY2-824512/p-063,Malignant,True,train,3.1959563211433486,hf_energy_frac(z=+3.2),0.5659266734254529,False
train/Malignant/ISPY2-568953/p-032,Malignant,True,train,3.195943696394727,dynamic_range(z=-3.2),0.5092758622138243,False
train/Malignant/ISPY2-363669/p-042,Malignant,True,train,3.195943696394727,dynamic_range(z=-3.2),0.4744934747344232,False
val/Malignant/ACRIN-6698-335536/p-017,Malignant,True,val,3.195943696394727,dynamic_range(z=-3.2),0.5270261237590367,False
train/Malignant/ISPY2-573881/p-055,Malignant,True,train,3.1957139205338043,sharpness_lapvar(z=+3.2),0.4969897275495998,False
train/Malignant/ACRIN-6698-343898/p-061,Malignant,True,train,3.195495047115353,snr(z=+3.2),0.4899907384014009,False
train/Malignant/ISPY2-640463/p-079,Malignant,True,train,3.194824729955445,sharpness_lapvar(z=+3.2),0.467197824325299,False
train/Malignant/ISPY2-350331/p-055,Malignant,True,train,3.1944799453975894,entropy(z=-3.2),0.4753241393642846,False
train/Malignant/ISPY2-802105/p-058,Malignant,True,train,3.193187331515745,aspect_ratio(z=+3.2),0.5044042844175778,False
train/Malignant/ISPY2-832056/p-097,Malignant,True,train,3.193004444050969,hf_energy_frac(z=+3.2),0.4705024382230529,False
train/Malignant/ISPY2-802105/p-057,Malignant,True,train,3.192186315766106,aspect_ratio(z=+3.2),0.5039405925174968,False
train/Malignant/ISPY2-380239/p-044,Malignant,True,train,3.192186315766106,aspect_ratio(z=+3.2),0.5201404236225818,False
train/Malignant/ISPY2-451482/p-109,Malignant,True,train,3.1919349303971356,"sharpness_lapvar(z=+3.1),noise_sigma(z=+3.2),hf_energy_frac(z=+3.0)",0.5370580955997484,False
train/Malignant/ISPY2-313243/p-048,Malignant,True,train,3.1908005431864597,hf_energy_frac(z=+3.2),0.5361676951213611,False
val/Malignant/ACRIN-6698-335536/p-022,Malignant,True,val,3.1907553947286638,dynamic_range(z=-3.2),0.5217666142858861,False
train/Malignant/ACRIN-6698-383456/p-040,Malignant,True,train,3.1907553947286638,dynamic_range(z=-3.2),0.48591079950035415,False
val/Malignant/ISPY2-299364/p-119,Malignant,True,val,3.1907371527753523,hf_energy_frac(z=+3.2),0.49803305727233,False
train/Malignant/ACRIN-6698-775346/p-032,Malignant,True,train,3.190537521210137,snr(z=+3.2),0.5142700486433384,False
train/Malignant/ISPY2-349639/p-072,Malignant,True,train,3.1903604222122603,sharpness_lapvar(z=+3.2),0.4885362666179274,False
train/Malignant/ISPY2-208265/p-061,Malignant,True,train,3.1901052567076476,aspect_ratio(z=+3.2),0.4932887385466884,False
train/Malignant/ISPY2-769972/p-025,Malignant,True,train,3.1889007781951024,snr(z=+3.2),0.5160359928695163,False
train/Malignant/ISPY2-845663/p-069,Malignant,True,train,3.1879117079703536,aspect_ratio(z=+3.2),0.4793072917313428,False
train/Malignant/ISPY2-414971/p-052,Malignant,True,train,3.1877086560436556,sharpness_lapvar(z=+3.2),0.5618462047270899,False
val/Malignant/ISPY2-345483/p-062,Malignant,True,val,3.1864420541921685,hf_energy_frac(z=+3.2),0.4884569979176105,False
train/Malignant/ACRIN-6698-973837/p-060,Malignant,True,train,3.1856826711616293,hf_energy_frac(z=+3.2),0.5647388128367811,False
train/Malignant/ACRIN-6698-373346/p-058,Malignant,True,train,3.1855962954143204,aspect_ratio(z=+3.2),0.5344982021323198,False
train/Malignant/ISPY2-944419/p-057,Malignant,True,train,3.1855962954143204,aspect_ratio(z=+3.2),0.46791282363613956,False
train/Malignant/ISPY2-356684/p-070,Malignant,True,train,3.1855678055456638,dynamic_range(z=-3.2),0.4684739358955032,False
train/Malignant/ISPY2-202956/p-025,Malignant,True,train,3.1855678055456638,dynamic_range(z=-3.2),0.4909995549706497,False
train/Malignant/ISPY2-102011/p-040,Malignant,True,train,3.1855678055456638,dynamic_range(z=-3.2),0.48438066085233356,False
train/Malignant/ISPY2-803677/p-049,Malignant,True,train,3.1855670930626006,dynamic_range(z=-3.2),0.530699825532877,False
val/Malignant/ACRIN-6698-748611/p-039,Malignant,True,val,3.1850458192386055,snr(z=+3.2),0.48384052868271804,False
train/Malignant/ISPY2-953262/p-093,Malignant,True,train,3.18503802516668,sharpness_lapvar(z=+3.2),0.4645988053209375,False
train/Malignant/ACRIN-6698-641246/p-066,Malignant,True,train,3.183109746056958,sharpness_lapvar(z=+3.2),0.4833603920242376,False
train/Malignant/ISPY2-212307/p-056,Malignant,True,train,3.1828301797423144,"sharpness_lapvar(z=+3.1),noise_sigma(z=+3.2)",0.5031918608385859,False
train/Malignant/ISPY2-640463/p-089,Malignant,True,train,3.1824280672706813,sharpness_lapvar(z=+3.2),0.4640704644035422,False
train/Malignant/ISPY2-262131/p-121,Malignant,True,train,3.182301285238428,"aspect_ratio(z=+3.2),width(z=+3.1)",0.5034817318793265,False
train/Malignant/ISPY2-436371/p-043,Malignant,True,train,3.182244529335965,snr(z=+3.2),0.5049462256478171,False
train/Malignant/ACRIN-6698-571995/p-052,Malignant,True,train,3.1816180745742697,snr(z=+3.2),0.4931069631756585,False
train/Malignant/ISPY2-930903/p-079,Malignant,True,train,3.1815738928024277,entropy(z=-3.2),0.46011544183530706,False
train/Malignant/ISPY2-229824/p-109,Malignant,True,train,3.181475195412792,hf_energy_frac(z=+3.2),0.5371444916082952,False
train/Malignant/ISPY2-756412/p-025,Malignant,True,train,3.1803795038796006,dynamic_range(z=-3.2),0.47821697630479,False
train/Malignant/ISPY2-573881/p-106,Malignant,True,train,3.179938663569504,hf_energy_frac(z=+3.2),0.517896121358124,False
val/Malignant/ISPY2-123660/p-090,Malignant,True,val,3.179821394100158,"sharpness_lapvar(z=+3.0),noise_sigma(z=+3.2)",0.5720568582078752,False
train/Malignant/ISPY2-111674/p-019,Malignant,True,train,3.179030590431915,entropy(z=-3.2),0.5548322003676007,False
train/Malignant/ISPY2-349639/p-107,Malignant,True,train,3.1787066311304546,"sharpness_lapvar(z=+3.1),hf_energy_frac(z=+3.2)",0.5303695269320375,False
train/Malignant/ISPY2-573586/p-128,Malignant,True,train,3.1778080895440284,aspect_ratio(z=+3.2),0.5282869534022021,False
train/Malignant/ISPY2-415039/p-025,Malignant,True,train,3.1778080895440284,aspect_ratio(z=+3.2),0.5393177273848927,False
train/Malignant/ACRIN-6698-734997/p-078,Malignant,True,train,3.1778080895440284,aspect_ratio(z=+3.2),0.4896040910857292,False
train/Malignant/ISPY2-660915/p-052,Malignant,True,train,3.1772733154845554,snr(z=+3.2),0.5367804060467481,False
train/Malignant/ISPY2-840501/p-064,Malignant,True,train,3.1772571140791124,noise_sigma(z=+3.2),0.48704076449145073,False
train/Malignant/ISPY2-229824/p-100,Malignant,True,train,3.1770419381022252,sharpness_lapvar(z=+3.2),0.5436597583779139,False
train/Malignant/ISPY2-573586/p-015,Malignant,True,train,3.176370266921821,aspect_ratio(z=+3.2),0.4814241003592152,False
train/Malignant/ISPY2-885871/p-045,Malignant,True,train,3.17550464662991,"entropy(z=-3.1),snr(z=+3.2)",0.5391791149656013,False
train/Malignant/ISPY2-473365/p-014,Malignant,True,train,3.175291686901001,entropy(z=-3.2),0.5090253270389159,False
train/Malignant/ISPY2-255535/p-013,Malignant,True,train,3.175191914696601,dynamic_range(z=-3.2),0.48403648761272544,False
train/Malignant/ISPY2-676365/p-088,Malignant,True,train,3.175191914696601,dynamic_range(z=-3.2),0.5018655786719252,False
train/Malignant/ISPY2-167271/p-058,Malignant,True,train,3.175191914696601,dynamic_range(z=-3.2),0.47106282158886165,False
train/Malignant/ISPY2-676365/p-116,Malignant,True,train,3.175191914696601,dynamic_range(z=-3.2),0.46668297124791785,False
val/Malignant/ACRIN-6698-335536/p-024,Malignant,True,val,3.175191914696601,dynamic_range(z=-3.2),0.5780630663146797,False
val/Malignant/ISPY2-318293/p-049,Malignant,True,val,3.175190137539954,sharpness_lapvar(z=+3.2),0.5391442259463105,False
train/Malignant/ISPY2-423619/p-048,Malignant,True,train,3.1748534011152842,entropy(z=-3.2),0.5336325623505608,False
train/Malignant/ISPY2-201873/p-044,Malignant,True,train,3.173949078819655,width(z=+3.2),0.4835551512441501,False
train/Malignant/ISPY2-262131/p-022,Malignant,True,train,3.173949078819655,width(z=+3.2),0.470592697467199,False
train/Malignant/ACRIN-6698-299962/p-044,Malignant,True,train,3.173949078819655,width(z=+3.2),0.48895917886739965,False
train/Malignant/ISPY2-201873/p-055,Malignant,True,train,3.173949078819655,width(z=+3.2),0.4824547489153059,False
train/Malignant/ISPY2-262131/p-110,Malignant,True,train,3.173949078819655,width(z=+3.2),0.46686077828253103,False
train/Malignant/ACRIN-6698-299962/p-045,Malignant,True,train,3.173949078819655,width(z=+3.2),0.49091487069596684,False
train/Malignant/ISPY2-201873/p-037,Malignant,True,train,3.173949078819655,width(z=+3.2),0.4769351895144353,False
train/Malignant/ISPY2-559021/p-031,Malignant,True,train,3.173949078819655,width(z=+3.2),0.48299566524712073,False
train/Malignant/ISPY2-559021/p-105,Malignant,True,train,3.173949078819655,width(z=+3.2),0.4680491857731492,False
train/Malignant/ISPY2-262131/p-109,Malignant,True,train,3.173949078819655,width(z=+3.2),0.4662762589640832,False
train/Malignant/ISPY2-262131/p-111,Malignant,True,train,3.173949078819655,width(z=+3.2),0.4657615885997782,False
train/Malignant/ACRIN-6698-299962/p-028,Malignant,True,train,3.173949078819655,width(z=+3.2),0.4809539251355375,False
train/Malignant/ISPY2-873686/p-098,Malignant,True,train,3.1735132179228533,"sharpness_lapvar(z=+3.2),noise_sigma(z=+3.1)",0.523418774658603,False
train/Malignant/ISPY2-418593/p-104,Malignant,True,train,3.172873460496321,hf_energy_frac(z=+3.2),0.5209602803163329,False
train/Malignant/ISPY2-836983/p-030,Malignant,True,train,3.1727932998628514,sharpness_lapvar(z=+3.2),0.4720586186227982,False
train/Malignant/ACRIN-6698-343898/p-042,Malignant,True,train,3.171939728827976,snr(z=+3.2),0.48786983599917233,False
train/Malignant/ACRIN-6698-753109/p-042,Malignant,True,train,3.171778510805738,aspect_ratio(z=+3.2),0.4773594018256235,False
train/Malignant/ACRIN-6698-115987/p-067,Malignant,True,train,3.171778510805738,aspect_ratio(z=+3.2),0.5185944431897376,False
train/Malignant/ACRIN-6698-901705/p-052,Malignant,True,train,3.171778510805738,aspect_ratio(z=+3.2),0.5105399034172605,False
train/Malignant/ISPY2-598798/p-032,Malignant,True,train,3.171511519407579,sharpness_lapvar(z=+3.2),0.5525488215142166,False
train/Malignant/ISPY2-960490/p-078,Malignant,True,train,3.1713918505934315,entropy(z=-3.2),0.49184355254370876,False
train/Malignant/ISPY2-570380/p-094,Malignant,True,train,3.1713086601020066,hf_energy_frac(z=+3.2),0.48313709740082694,False
train/Malignant/ACRIN-6698-571995/p-056,Malignant,True,train,3.17090599970653,snr(z=+3.2),0.4941009650743545,False
train/Malignant/ISPY2-791321/p-095,Malignant,True,train,3.17066199188222,entropy(z=-3.2),0.49301272230408555,False
train/Malignant/ISPY2-627118/p-028,Malignant,True,train,3.1706012387901983,height(z=+3.2),0.4785398274231701,False
train/Malignant/ISPY2-627118/p-029,Malignant,True,train,3.1706012387901983,height(z=+3.2),0.47980397855983486,False
train/Malignant/ISPY2-627118/p-027,Malignant,True,train,3.1706012387901983,height(z=+3.2),0.47690900677109005,False
train/Malignant/ACRIN-6698-734997/p-082,Malignant,True,train,3.1701475591798065,aspect_ratio(z=+3.2),0.5102441746793426,False
train/Malignant/ACRIN-6698-929391/p-032,Malignant,True,train,3.170003613030538,dynamic_range(z=-3.2),0.5054275742561615,False
train/Malignant/ACRIN-6698-317402/p-039,Malignant,True,train,3.170003613030538,dynamic_range(z=-3.2),0.5109216113575756,False
train/Malignant/ISPY2-413961/p-047,Malignant,True,train,3.170003613030538,dynamic_range(z=-3.2),0.5029064739333753,False
train/Malignant/ISPY2-439489/p-022,Malignant,True,train,3.170003613030538,dynamic_range(z=-3.2),0.4697713993877739,False
train/Malignant/ISPY2-930903/p-071,Malignant,True,train,3.169602293614684,entropy(z=-3.2),0.472704906871515,False
train/Malignant/ISPY2-832056/p-102,Malignant,True,train,3.168803055192279,hf_energy_frac(z=+3.2),0.47492502065843056,False
train/Malignant/ISPY2-959366/p-108,Malignant,True,train,3.1687249260807038,noise_sigma(z=+3.2),0.5214320657890327,False
train/Malignant/ISPY2-437162/p-047,Malignant,True,train,3.1682780153396632,entropy(z=-3.2),0.4636585362159584,False
train/Malignant/ACRIN-6698-571995/p-050,Malignant,True,train,3.1682737006300647,snr(z=+3.2),0.49534603705573865,False
train/Malignant/ISPY2-824512/p-044,Malignant,True,train,3.166822081733888,hf_energy_frac(z=+3.2),0.5312227256433021,False
train/Malignant/ISPY2-267306/p-174,Malignant,True,train,3.166719796440562,aspect_ratio(z=+3.2),0.5384015411740378,False
val/Malignant/ACRIN-6698-219545/p-065,Malignant,True,val,3.1666234274686986,hf_energy_frac(z=+3.2),0.48395105562857316,False
train/Malignant/ISPY2-301968/p-058,Malignant,True,train,3.1663244348112456,entropy(z=-3.2),0.445871411355319,False
train/Malignant/ISPY2-188511/p-074,Malignant,True,train,3.166225252042315,noise_sigma(z=+3.2),0.503786483102992,False
train/Malignant/ISPY2-960490/p-080,Malignant,True,train,3.164851589793994,entropy(z=-3.2),0.4971047704687078,False
train/Malignant/ISPY2-500826/p-029,Malignant,True,train,3.1648153113644746,dynamic_range(z=-3.2),0.5348115137519196,False
train/Malignant/ACRIN-6698-607843/p-023,Malignant,True,train,3.1648153113644746,dynamic_range(z=-3.2),0.5167379033283326,False
train/Malignant/ISPY2-363669/p-050,Malignant,True,train,3.1648153113644746,dynamic_range(z=-3.2),0.5115349335189674,False
train/Malignant/ISPY2-847753/p-037,Malignant,True,train,3.1648153113644746,dynamic_range(z=-3.2),0.4694555421826287,False
train/Malignant/ISPY2-329941/p-051,Malignant,True,train,3.1648153113644746,dynamic_range(z=-3.2),0.4895584758301444,False
train/Malignant/ISPY2-198891/p-026,Malignant,True,train,3.1648153113644746,dynamic_range(z=-3.2),0.507237863039168,False
train/Malignant/ISPY2-198891/p-034,Malignant,True,train,3.1648153113644746,dynamic_range(z=-3.2),0.4542311259093107,False
train/Malignant/ACRIN-6698-289420/p-020,Malignant,True,train,3.1648145988814114,dynamic_range(z=-3.2),0.5754927719811533,False
train/Malignant/ISPY2-598798/p-094,Malignant,True,train,3.1645468730197415,sharpness_lapvar(z=+3.2),0.4926554716525997,False
train/Malignant/ISPY2-451482/p-107,Malignant,True,train,3.164030099445173,"sharpness_lapvar(z=+3.2),noise_sigma(z=+3.2)",0.5203046418276328,False
train/Malignant/ISPY2-953262/p-116,Malignant,True,train,3.163966036107384,hf_energy_frac(z=+3.2),0.49732086736777914,False
train/Malignant/ISPY2-377460/p-061,Malignant,True,train,3.1630901925496,hf_energy_frac(z=+3.2),0.4504228119155511,False
train/Malignant/ACRIN-6698-734997/p-026,Malignant,True,train,3.1630514889476853,aspect_ratio(z=+3.2),0.485441337503934,False
train/Malignant/ISPY2-451482/p-105,Malignant,True,train,3.162673656585553,noise_sigma(z=+3.2),0.5062914935386681,False
val/Malignant/ISPY2-318293/p-037,Malignant,True,val,3.1623748822721436,sharpness_lapvar(z=+3.2),0.5021107759365384,False
val/Malignant/ACRIN-6698-220471/p-086,Malignant,True,val,3.1623386824263506,sharpness_lapvar(z=+3.2),0.5051568826763121,False
train/Malignant/ACRIN-6698-629606/p-088,Malignant,True,train,3.1615825645205553,sharpness_lapvar(z=+3.2),0.45718882997438,False
train/Malignant/ISPY2-997702/p-054,Malignant,True,train,3.1614777180095266,entropy(z=-3.2),0.5251728024099585,False
train/Malignant/ISPY2-402384/p-040,Malignant,True,train,3.1611190769648316,aspect_ratio(z=+3.2),0.4786042804513663,False
train/Malignant/ISPY2-832056/p-065,Malignant,True,train,3.161089094150387,hf_energy_frac(z=+3.2),0.46483195485652273,False
train/Malignant/ISPY2-212307/p-110,Malignant,True,train,3.1597607439074906,hf_energy_frac(z=+3.2),0.4718563376805532,False
train/Malignant/ACRIN-6698-943633/p-053,Malignant,True,train,3.1596270096984114,"dynamic_range(z=-3.2),snr(z=+3.1)",0.5187651485501984,False
val/Malignant/ACRIN-6698-335536/p-023,Malignant,True,val,3.1596270096984114,"dynamic_range(z=-3.2),snr(z=+3.1)",0.5565408769854167,False
train/Malignant/ACRIN-6698-138027/p-047,Malignant,True,train,3.1596270096984114,dynamic_range(z=-3.2),0.4886443184171996,False
train/Malignant/ACRIN-6698-384830/p-040,Malignant,True,train,3.1596270096984114,dynamic_range(z=-3.2),0.4994531834618206,False
train/Malignant/ISPY2-650589/p-061,Malignant,True,train,3.15923620268477,sharpness_lapvar(z=+3.2),0.4849522543492025,False
train/Malignant/ACRIN-6698-856159/p-026,Malignant,True,train,3.159213043164873,snr(z=+3.2),0.521817876204715,False
train/Malignant/ISPY2-573881/p-057,Malignant,True,train,3.1592020116404282,"sharpness_lapvar(z=+3.1),hf_energy_frac(z=+3.2)",0.5416136093271355,False
train/Malignant/ISPY2-540539/p-118,Malignant,True,train,3.1589825473349307,hf_energy_frac(z=+3.2),0.495927813115636,False
train/Malignant/ISPY2-729270/p-080,Malignant,True,train,3.158899187219004,sharpness_lapvar(z=+3.2),0.5628349605597951,False
val/Malignant/ACRIN-6698-220471/p-085,Malignant,True,val,3.1585545238984936,sharpness_lapvar(z=+3.2),0.4935457567222331,False
train/Malignant/ACRIN-6698-531988/p-029,Malignant,True,train,3.158522343155214,snr(z=+3.2),0.4990827743995551,False
train/Malignant/ISPY2-527320/p-112,Malignant,True,train,3.158432552988668,aspect_ratio(z=+3.2),0.4981480700679366,False
train/Malignant/ISPY2-876511/p-051,Malignant,True,train,3.157331992437005,hf_energy_frac(z=+3.2),0.500463586171837,False
val/Malignant/ISPY2-375342/p-089,Malignant,True,val,3.157039540556584,aspect_ratio(z=+3.2),0.4653576560376252,False
train/Malignant/ISPY2-182346/p-105,Malignant,True,train,3.157039540556584,aspect_ratio(z=+3.2),0.5159956683518445,False
train/Malignant/ACRIN-6698-102212/p-016,Malignant,True,train,3.156491006373784,snr(z=+3.2),0.5245614061023814,False
train/Malignant/ISPY2-598798/p-061,Malignant,True,train,3.1563259390257823,sharpness_lapvar(z=+3.2),0.496977670606262,False
train/Malignant/ISPY2-618240/p-012,Malignant,True,train,3.1558885025118077,entropy(z=-3.2),0.5246817918738889,False
val/Malignant/ACRIN-6698-928815/p-059,Malignant,True,val,3.1554517481407243,snr(z=+3.2),0.521078720498365,False
train/Malignant/ISPY2-423619/p-044,Malignant,True,train,3.155087748037261,snr(z=+3.2),0.5170146492112769,False
train/Malignant/ISPY2-515565/p-091,Malignant,True,train,3.1546520785505794,"sharpness_lapvar(z=+3.2),noise_sigma(z=+3.1)",0.5565452586386487,False
train/Malignant/ISPY2-953262/p-117,Malignant,True,train,3.1546195697057806,hf_energy_frac(z=+3.2),0.48976421410335136,False
train/Malignant/ISPY2-598798/p-045,Malignant,True,train,3.1545613240076045,sharpness_lapvar(z=+3.2),0.5621708765733898,False
train/Malignant/ISPY2-934459/p-016,Malignant,True,train,3.154462662012067,hf_energy_frac(z=+3.2),0.5088270432936851,False
train/Malignant/ISPY2-436371/p-038,Malignant,True,train,3.154438708032348,dynamic_range(z=-3.2),0.48858402353092834,False
train/Malignant/ISPY2-112606/p-081,Malignant,True,train,3.154438708032348,dynamic_range(z=-3.2),0.49707552736702637,False
train/Malignant/ISPY2-689188/p-011,Malignant,True,train,3.154438708032348,dynamic_range(z=-3.2),0.5082462014334101,False
train/Malignant/ISPY2-395076/p-027,Malignant,True,train,3.154438708032348,dynamic_range(z=-3.2),0.5149273682861638,False
train/Malignant/ISPY2-356684/p-071,Malignant,True,train,3.154438708032348,dynamic_range(z=-3.2),0.4708954842258274,False
train/Malignant/ACRIN-6698-943633/p-058,Malignant,True,train,3.154438708032348,dynamic_range(z=-3.2),0.4913509991318204,False
train/Malignant/ISPY2-112606/p-088,Malignant,True,train,3.154438708032348,dynamic_range(z=-3.2),0.4922254537677602,False
train/Malignant/ISPY2-664658/p-097,Malignant,True,train,3.154362896984793,hf_energy_frac(z=+3.2),0.499744112279908,False
train/Malignant/ISPY2-769972/p-024,Malignant,True,train,3.1543496730434564,snr(z=+3.2),0.516987667247264,False
train/Malignant/ISPY2-997702/p-061,Malignant,True,train,3.1523220346703638,entropy(z=-3.2),0.5105108596334779,False
train/Malignant/ISPY2-607047/p-075,Malignant,True,train,3.1519392765189447,"sharpness_lapvar(z=+3.0),noise_sigma(z=+3.2)",0.4986813661603039,False
train/Malignant/ISPY2-377460/p-055,Malignant,True,train,3.1516942714363303,hf_energy_frac(z=+3.2),0.48054830685697475,False
train/Malignant/ISPY2-405717/p-058,Malignant,True,train,3.1512368668627073,entropy(z=-3.2),0.4981793213702611,False
val/Malignant/ACRIN-6698-748611/p-034,Malignant,True,val,3.1507256989113026,snr(z=+3.2),0.4767221274188686,False
train/Malignant/ISPY2-851223/p-049,Malignant,True,train,3.150393879298443,snr(z=+3.2),0.5069995696744087,False
train/Malignant/ACRIN-6698-506623/p-074,Malignant,True,train,3.1496855365000576,hf_energy_frac(z=+3.1),0.5709679752651131,False
val/Malignant/ISPY2-109623/p-037,Malignant,True,val,3.1495349925862346,snr(z=+3.1),0.460789391220799,False
train/Malignant/ACRIN-6698-775346/p-026,Malignant,True,train,3.149313601858959,snr(z=+3.1),0.5140947929144292,False
train/Malignant/ISPY2-492612/p-045,Malignant,True,train,3.1492640365961533,snr(z=+3.1),0.48144206640573367,False
train/Malignant/ISPY2-349639/p-068,Malignant,True,train,3.148874889076159,sharpness_lapvar(z=+3.1),0.5016523753773752,False
train/Malignant/ISPY2-559021/p-018,Malignant,True,train,3.1484428880677227,width(z=+3.1),0.5010886546449815,False
train/Malignant/ISPY2-559021/p-106,Malignant,True,train,3.1484428880677227,width(z=+3.1),0.4673323748486087,False
train/Malignant/ISPY2-201873/p-035,Malignant,True,train,3.1484428880677227,width(z=+3.1),0.47744031947790067,False
train/Malignant/ISPY2-357017/p-055,Malignant,True,train,3.1484428880677227,width(z=+3.1),0.45687501123143476,False
train/Malignant/ISPY2-262131/p-108,Malignant,True,train,3.1484428880677227,width(z=+3.1),0.46417523781776965,False
train/Malignant/ISPY2-262131/p-117,Malignant,True,train,3.1484428880677227,width(z=+3.1),0.4862101007601244,False
train/Malignant/ISPY2-357017/p-077,Malignant,True,train,3.1484428880677227,width(z=+3.1),0.46362166828113455,False
train/Malignant/ISPY2-559021/p-040,Malignant,True,train,3.1484428880677227,width(z=+3.1),0.46785401199739446,False
train/Malignant/ISPY2-357017/p-103,Malignant,True,train,3.1484428880677227,width(z=+3.1),0.47875821610790364,False
train/Malignant/ISPY2-201873/p-036,Malignant,True,train,3.1484428880677227,width(z=+3.1),0.4757456785772737,False
train/Malignant/ISPY2-262131/p-116,Malignant,True,train,3.1484428880677227,width(z=+3.1),0.4816851548367299,False
train/Malignant/ISPY2-262131/p-112,Malignant,True,train,3.1484428880677227,width(z=+3.1),0.4616844909890644,False
train/Malignant/ISPY2-262131/p-113,Malignant,True,train,3.1484428880677227,width(z=+3.1),0.47005639982526787,False
train/Malignant/ISPY2-627118/p-035,Malignant,True,train,3.1468520244391223,height(z=+3.1),0.4951039198220392,False
train/Malignant/ISPY2-627118/p-030,Malignant,True,train,3.1468520244391223,height(z=+3.1),0.4868186068096376,False
train/Malignant/ISPY2-627118/p-034,Malignant,True,train,3.1468520244391223,height(z=+3.1),0.4996626458941637,False
train/Malignant/ISPY2-485637/p-173,Malignant,True,train,3.146675366051479,sharpness_lapvar(z=+3.1),0.5021947699651835,False
train/Malignant/ISPY2-840501/p-065,Malignant,True,train,3.146428349916083,noise_sigma(z=+3.1),0.5003771393341311,False
train/Malignant/ISPY2-349639/p-063,Malignant,True,train,3.1463800005396156,hf_energy_frac(z=+3.1),0.5101320876394378,False
train/Malignant/ISPY2-349639/p-099,Malignant,True,train,3.1460288673970296,sharpness_lapvar(z=+3.1),0.4792361877889841,False
train/Malignant/ACRIN-6698-802308/p-015,Malignant,True,train,3.1458715916643523,snr(z=+3.1),0.5139850495601331,False
train/Malignant/ISPY2-953262/p-099,Malignant,True,train,3.145732130632921,sharpness_lapvar(z=+3.1),0.4734556802645,False
train/Malignant/ACRIN-6698-663144/p-037,Malignant,True,train,3.1453837222473027,aspect_ratio(z=+3.1),0.49034974299516637,False
train/Malignant/ISPY2-598798/p-095,Malignant,True,train,3.144501845732932,sharpness_lapvar(z=+3.1),0.5066266465211139,False
train/Malignant/ISPY2-572444/p-034,Malignant,True,train,3.1442830718207437,hf_energy_frac(z=+3.1),0.5205597369690198,False
train/Malignant/ISPY2-188091/p-056,Malignant,True,train,3.144062104700222,dynamic_range(z=-3.1),0.45673149285665837,False
train/Malignant/ISPY2-845079/p-054,Malignant,True,train,3.144062104700222,dynamic_range(z=-3.1),0.49287561152464066,False
train/Malignant/ISPY2-889049/p-067,Malignant,True,train,3.144062104700222,dynamic_range(z=-3.1),0.4631684789001837,False
train/Malignant/ACRIN-6698-843554/p-032,Malignant,True,train,3.144062104700222,dynamic_range(z=-3.1),0.4811896032679102,False
train/Malignant/ISPY2-999264/p-017,Malignant,True,train,3.144062104700222,dynamic_range(z=-3.1),0.4882217526071177,False
train/Malignant/ISPY2-728714/p-060,Malignant,True,train,3.143376003002549,entropy(z=-3.1),0.4823718931058127,False
train/Malignant/ACRIN-6698-169918/p-022,Malignant,True,train,3.1427611631277155,aspect_ratio(z=+3.1),0.48149462006498944,False
train/Malignant/ACRIN-6698-962153/p-093,Malignant,True,train,3.1427611631277155,aspect_ratio(z=+3.1),0.4847957629866297,False
train/Malignant/ISPY2-906795/p-086,Malignant,True,train,3.1427611631277155,aspect_ratio(z=+3.1),0.519056067684434,False
train/Malignant/ISPY2-960490/p-081,Malignant,True,train,3.1425393966122654,entropy(z=-3.1),0.4943444487260023,False
train/Malignant/ACRIN-6698-700549/p-055,Malignant,True,train,3.141591204869657,brightness(z=-3.1),0.5709161099058726,False
train/Malignant/ACRIN-6698-793155/p-094,Malignant,True,train,3.1411520853545944,sharpness_lapvar(z=+3.1),0.5003431830424141,False
train/Malignant/ISPY2-356399/p-025,Malignant,True,train,3.140896547694532,entropy(z=-3.1),0.4514003665314524,False
train/Malignant/ISPY2-746265/p-060,Malignant,True,train,3.140027005747719,aspect_ratio(z=+3.1),0.48002848689030414,False
train/Malignant/ISPY2-349639/p-105,Malignant,True,train,3.1399182314557246,sharpness_lapvar(z=+3.1),0.48188098682031616,False
train/Malignant/ISPY2-602451/p-101,Malignant,True,train,3.1388752280002854,dynamic_range(z=-3.1),0.4586243033332778,False
val/Malignant/ISPY2-241705/p-030,Malignant,True,val,3.138874515517222,dynamic_range(z=-3.1),0.46382283616727094,False
train/Malignant/ISPY2-363669/p-045,Malignant,True,train,3.138874515517222,dynamic_range(z=-3.1),0.47148774990039244,False
train/Malignant/ISPY2-188091/p-065,Malignant,True,train,3.138874515517222,dynamic_range(z=-3.1),0.48487530653280414,False
train/Malignant/ACRIN-6698-775346/p-015,Malignant,True,train,3.138874515517222,dynamic_range(z=-3.1),0.5551865750655004,False
val/Malignant/ACRIN-6698-335536/p-014,Malignant,True,val,3.138874515517222,dynamic_range(z=-3.1),0.5081165411297783,False
train/Malignant/ACRIN-6698-465008/p-038,Malignant,True,train,3.138874515517222,dynamic_range(z=-3.1),0.4796776611834691,False
train/Malignant/ACRIN-6698-383456/p-039,Malignant,True,train,3.138874515517222,dynamic_range(z=-3.1),0.4862678026603536,False
train/Malignant/ISPY2-341238/p-044,Malignant,True,train,3.138874515517222,"contrast(z=-3.0),dynamic_range(z=-3.1)",0.5548911612414125,False
train/Malignant/ISPY2-974618/p-055,Malignant,True,train,3.138874515517222,dynamic_range(z=-3.1),0.5273984478547363,False
train/Malignant/ACRIN-6698-323721/p-045,Malignant,True,train,3.138874515517222,dynamic_range(z=-3.1),0.48602825068494504,False
train/Malignant/ISPY2-198891/p-030,Malignant,True,train,3.138873803034159,dynamic_range(z=-3.1),0.4801890947995535,False
train/Malignant/ISPY2-960490/p-079,Malignant,True,train,3.138126242922662,entropy(z=-3.1),0.49593904117991644,False
train/Malignant/ISPY2-640463/p-054,Malignant,True,train,3.137185363789315,noise_sigma(z=+3.1),0.5017173396548218,False
train/Malignant/ISPY2-535569/p-045,Malignant,True,train,3.1371739719598977,aspect_ratio(z=+3.1),0.543861272426901,False
train/Malignant/ISPY2-596458/p-050,Malignant,True,train,3.1368917204046114,sharpness_lapvar(z=+3.1),0.5359125010939312,False
train/Malignant/ACRIN-6698-343898/p-062,Malignant,True,train,3.136361640333847,snr(z=+3.1),0.4907548655994074,False
train/Malignant/ISPY2-627981/p-111,Malignant,True,train,3.1358663980117902,sharpness_lapvar(z=+3.1),0.5313389831947202,False
train/Malignant/ISPY2-349639/p-071,Malignant,True,train,3.1350154467071563,sharpness_lapvar(z=+3.1),0.49159660024176915,False
train/Malignant/ISPY2-840501/p-061,Malignant,True,train,3.1345050382512687,noise_sigma(z=+3.1),0.5002408002987139,False
train/Malignant/ISPY2-865416/p-052,Malignant,True,train,3.1342860436004205,hf_energy_frac(z=+3.1),0.4724267374143962,False
train/Malignant/ISPY2-598798/p-090,Malignant,True,train,3.1342042642471966,sharpness_lapvar(z=+3.1),0.5005794001048854,False
train/Malignant/ISPY2-960490/p-083,Malignant,True,train,3.1339124897526514,entropy(z=-3.1),0.49208115350394876,False
train/Malignant/ISPY2-851488/p-060,Malignant,True,train,3.133686213851159,dynamic_range(z=-3.1),0.5338305227335112,False
train/Malignant/ISPY2-284355/p-052,Malignant,True,train,3.133686213851159,dynamic_range(z=-3.1),0.45465650214253006,False
train/Malignant/ACRIN-6698-188700/p-046,Malignant,True,train,3.133686213851159,dynamic_range(z=-3.1),0.507322511613135,False
train/Malignant/ISPY2-112606/p-066,Malignant,True,train,3.133686213851159,dynamic_range(z=-3.1),0.4808021354321446,False
train/Malignant/ISPY2-117707/p-020,Malignant,True,train,3.133686213851159,dynamic_range(z=-3.1),0.5245127534812526,False
train/Malignant/ISPY2-728714/p-062,Malignant,True,train,3.133630994003424,entropy(z=-3.1),0.47189426016801744,False
train/Malignant/ISPY2-531672/p-103,Malignant,True,train,3.132759703099222,noise_sigma(z=+3.1),0.52666229228927,False
train/Malignant/ACRIN-6698-700549/p-056,Malignant,True,train,3.1326273024562563,brightness(z=-3.1),0.570060655619035,False
train/Malignant/ACRIN-6698-571995/p-051,Malignant,True,train,3.1322250995404115,snr(z=+3.1),0.4941498219681572,False
train/Malignant/ISPY2-579881/p-033,Malignant,True,train,3.1315865196642734,hf_energy_frac(z=+3.1),0.5488975942055624,False
train/Malignant/ACRIN-6698-148357/p-064,Malignant,True,train,3.131078854322277,aspect_ratio(z=+3.1),0.47784685260705284,False
train/Malignant/ISPY2-573586/p-016,Malignant,True,train,3.131078854322277,aspect_ratio(z=+3.1),0.4827363972074656,False
train/Malignant/ISPY2-349639/p-106,Malignant,True,train,3.130603144376238,sharpness_lapvar(z=+3.1),0.5021544351922699,False
train/Malignant/ISPY2-248255/p-069,Malignant,True,train,3.1301491904937895,entropy(z=-3.1),0.5348355056881013,False
train/Malignant/ACRIN-6698-263143/p-018,Malignant,True,train,3.1300127914217297,snr(z=+3.1),0.49312503188098544,False
train/Malignant/ISPY2-836983/p-049,Malignant,True,train,3.1296757145241534,sharpness_lapvar(z=+3.1),0.47485449958663506,False
val/Malignant/ACRIN-6698-928815/p-060,Malignant,True,val,3.129554622538385,snr(z=+3.1),0.515014038386915,False
train/Malignant/ISPY2-994987/p-037,Malignant,True,train,3.1295454043730744,snr(z=+3.1),0.5017709505114989,False
train/Malignant/ISPY2-151980/p-061,Malignant,True,train,3.1293454660566113,"sharpness_lapvar(z=+3.0),hf_energy_frac(z=+3.1)",0.5509638289953928,False
train/Malignant/ISPY2-640463/p-078,Malignant,True,train,3.12913883512105,sharpness_lapvar(z=+3.1),0.4651364965000356,False
train/Malignant/ACRIN-6698-188700/p-048,Malignant,True,train,3.128498624668159,dynamic_range(z=-3.1),0.5054944552425801,False
train/Malignant/ACRIN-6698-188700/p-044,Malignant,True,train,3.128498624668159,dynamic_range(z=-3.1),0.4993889784227267,False
train/Malignant/ISPY2-436371/p-035,Malignant,True,train,3.128498624668159,dynamic_range(z=-3.1),0.4689511001255922,False
train/Malignant/ACRIN-6698-584561/p-122,Malignant,True,train,3.128498624668159,dynamic_range(z=-3.1),0.5316549169714736,False
train/Malignant/ISPY2-202956/p-026,Malignant,True,train,3.128498624668159,dynamic_range(z=-3.1),0.48389332860467843,False
train/Malignant/ACRIN-6698-580541/p-025,Malignant,True,train,3.1278186751207593,aspect_ratio(z=+3.1),0.4984237608716795,False
train/Malignant/ACRIN-6698-520471/p-070,Malignant,True,train,3.1272462460001385,sharpness_lapvar(z=+3.1),0.49042260258425413,False
train/Malignant/ISPY2-640463/p-094,Malignant,True,train,3.1271417253186224,sharpness_lapvar(z=+3.1),0.4577460135260851,False
train/Malignant/ISPY2-466267/p-037,Malignant,True,train,3.1268623236919364,"sharpness_lapvar(z=+3.1),noise_sigma(z=+3.0)",0.5499082791274799,False
train/Malignant/ISPY2-916586/p-042,Malignant,True,train,3.1265943368682234,hf_energy_frac(z=+3.1),0.5575738796720933,False
train/Malignant/ACRIN-6698-213913/p-084,Malignant,True,train,3.1262455434838645,entropy(z=-3.1),0.4672566186147066,False
train/Malignant/ISPY2-350331/p-053,Malignant,True,train,3.1256150352777587,entropy(z=-3.1),0.47424975524514196,False
train/Malignant/ACRIN-6698-275626/p-059,Malignant,True,train,3.124403249290599,aspect_ratio(z=+3.1),0.48556303886785457,False
train/Malignant/ISPY2-573881/p-109,Malignant,True,train,3.12416619996581,sharpness_lapvar(z=+3.1),0.5160273562402314,False
train/Malignant/ISPY2-598798/p-044,Malignant,True,train,3.1240861524194785,sharpness_lapvar(z=+3.1),0.5662472287128112,False
train/Malignant/ISPY2-676630/p-090,Malignant,True,train,3.1235761760621905,entropy(z=-3.1),0.5068015173397863,False
train/Malignant/ACRIN-6698-943633/p-056,Malignant,True,train,3.123310323002096,dynamic_range(z=-3.1),0.4795520286646158,False
train/Malignant/ACRIN-6698-711476/p-049,Malignant,True,train,3.123310323002096,dynamic_range(z=-3.1),0.5345516929869214,False
train/Malignant/ISPY2-726381/p-042,Malignant,True,train,3.1232327422514756,hf_energy_frac(z=+3.1),0.47270245847435144,False
train/Malignant/ISPY2-627118/p-033,Malignant,True,train,3.1231028100880462,height(z=+3.1),0.49376600426206174,False
train/Malignant/ISPY2-627118/p-032,Malignant,True,train,3.1231028100880462,height(z=+3.1),0.49881292595414634,False
train/Malignant/ISPY2-627118/p-031,Malignant,True,train,3.1231028100880462,height(z=+3.1),0.4862620398644614,False
train/Malignant/ISPY2-262131/p-019,Malignant,True,train,3.12293669731579,width(z=+3.1),0.4735519144636363,False
train/Malignant/ISPY2-262131/p-020,Malignant,True,train,3.12293669731579,width(z=+3.1),0.4720307602384681,False
train/Malignant/ISPY2-357017/p-079,Malignant,True,train,3.12293669731579,width(z=+3.1),0.4670067423106039,False
train/Malignant/ISPY2-262131/p-021,Malignant,True,train,3.12293669731579,width(z=+3.1),0.468828630152673,False
train/Malignant/ACRIN-6698-299962/p-027,Malignant,True,train,3.12293669731579,width(z=+3.1),0.48174301869701863,False
train/Malignant/ISPY2-262131/p-120,Malignant,True,train,3.12293669731579,"aspect_ratio(z=+3.0),width(z=+3.1)",0.5051610844100682,False
train/Malignant/ISPY2-262131/p-084,Malignant,True,train,3.12293669731579,width(z=+3.1),0.5057966312569513,False
train/Malignant/ISPY2-262131/p-085,Malignant,True,train,3.12293669731579,width(z=+3.1),0.5035166608184959,False
train/Malignant/ISPY2-262131/p-119,Malignant,True,train,3.12293669731579,width(z=+3.1),0.4991029883698162,False
train/Malignant/ISPY2-262131/p-114,Malignant,True,train,3.12293669731579,width(z=+3.1),0.4795911621421556,False
train/Malignant/ISPY2-262131/p-118,Malignant,True,train,3.12293669731579,width(z=+3.1),0.49390181986624904,False
train/Malignant/ISPY2-357017/p-053,Malignant,True,train,3.12293669731579,width(z=+3.1),0.45570990200265726,False
train/Malignant/ACRIN-6698-263143/p-035,Malignant,True,train,3.122516520538818,snr(z=+3.1),0.5247759608857724,False
train/Malignant/ISPY2-151980/p-086,Malignant,True,train,3.1225086549140633,sharpness_lapvar(z=+3.1),0.5001613672042821,False
train/Malignant/ACRIN-6698-775346/p-022,Malignant,True,train,3.1222362742895933,snr(z=+3.1),0.49345194318187674,False
train/Malignant/ISPY2-769972/p-031,Malignant,True,train,3.1221555838806325,snr(z=+3.1),0.5117934726589323,False
val/Malignant/ISPY2-160120/p-066,Malignant,True,val,3.122110239207365,hf_energy_frac(z=+3.1),0.474499222617895,False
train/Malignant/ACRIN-6698-342959/p-096,Malignant,True,train,3.121243189882247,sharpness_lapvar(z=+3.1),0.48913225762561063,False
train/Malignant/ISPY2-243836/p-013,Malignant,True,train,3.1206643494258257,snr(z=+3.1),0.493185827164168,False
train/Malignant/ISPY2-541165/p-037,Malignant,True,train,3.120010678481294,hf_energy_frac(z=+3.1),0.5257454518870507,False
train/Malignant/ISPY2-904269/p-047,Malignant,True,train,3.119999317320287,snr(z=+3.1),0.525411067383848,False
train/Malignant/ISPY2-959366/p-119,Malignant,True,train,3.1186297339041453,noise_sigma(z=+3.1),0.5490803690673697,False
train/Malignant/ISPY2-117707/p-027,Malignant,True,train,3.118122021336033,dynamic_range(z=-3.1),0.5349132707732518,False
train/Malignant/ISPY2-198891/p-039,Malignant,True,train,3.118122021336033,dynamic_range(z=-3.1),0.45896352957990827,False
train/Malignant/ISPY2-286984/p-031,Malignant,True,train,3.118122021336033,dynamic_range(z=-3.1),0.523703988248402,False
train/Malignant/ISPY2-726091/p-021,Malignant,True,train,3.118122021336033,dynamic_range(z=-3.1),0.5795185931663747,True
train/Malignant/ACRIN-6698-328160/p-042,Malignant,True,train,3.117060083755752,aspect_ratio(z=+3.1),0.4658851839649992,False
train/Malignant/ISPY2-515565/p-093,Malignant,True,train,3.1165468972117956,sharpness_lapvar(z=+3.1),0.541046241944887,False
train/Malignant/ISPY2-598798/p-089,Malignant,True,train,3.1160762992164828,sharpness_lapvar(z=+3.1),0.5072150735571491,False
train/Malignant/ACRIN-6698-263143/p-020,Malignant,True,train,3.115601273259874,snr(z=+3.1),0.5042962009158134,False
train/Malignant/ISPY2-590299/p-056,Malignant,True,train,3.1155131969874112,entropy(z=-3.1),0.580571300729053,True
val/Malignant/ISPY2-123660/p-072,Malignant,True,val,3.115244921696944,hf_energy_frac(z=+3.1),0.46530620092385033,False
train/Malignant/ISPY2-155171/p-105,Malignant,True,train,3.1151081030439576,aspect_ratio(z=+3.1),0.48599581575515194,False
train/Malignant/ISPY2-898618/p-056,Malignant,True,train,3.113577613823728,contrast(z=-3.1),0.571187978833449,False
train/Malignant/ISPY2-930903/p-075,Malignant,True,train,3.113562327156689,entropy(z=-3.1),0.44425189299435197,False
train/Malignant/ISPY2-791944/p-102,Malignant,True,train,3.113473989175229,sharpness_lapvar(z=+3.1),0.47999964310904897,False
train/Malignant/ISPY2-802105/p-055,Malignant,True,train,3.113106071544681,aspect_ratio(z=+3.1),0.4921920032319987,False
train/Malignant/ISPY2-802105/p-056,Malignant,True,train,3.113106071544681,aspect_ratio(z=+3.1),0.49603873468351156,False
train/Malignant/ISPY2-591180/p-059,Malignant,True,train,3.113037270720799,hf_energy_frac(z=+3.1),0.4572925838177836,False
train/Malignant/ISPY2-112606/p-082,Malignant,True,train,3.11293371966997,dynamic_range(z=-3.1),0.48021975261179556,False
train/Malignant/ISPY2-999264/p-016,Malignant,True,train,3.11293371966997,dynamic_range(z=-3.1),0.4804204475048703,False
train/Malignant/ACRIN-6698-929980/p-034,Malignant,True,train,3.11293371966997,dynamic_range(z=-3.1),0.5096597535476495,False
train/Malignant/ISPY2-676365/p-089,Malignant,True,train,3.11293371966997,dynamic_range(z=-3.1),0.5098223857759359,False
train/Malignant/ISPY2-363669/p-049,Malignant,True,train,3.11293371966997,dynamic_range(z=-3.1),0.4996084488197358,False
train/Malignant/ISPY2-341238/p-047,Malignant,True,train,3.11293371966997,dynamic_range(z=-3.1),0.5096270569986084,False
train/Malignant/ISPY2-676365/p-090,Malignant,True,train,3.11293371966997,dynamic_range(z=-3.1),0.5293507869225977,False
train/Malignant/ISPY2-198891/p-035,Malignant,True,train,3.11293371966997,dynamic_range(z=-3.1),0.4602420682998393,False
train/Malignant/ISPY2-426106/p-103,Malignant,True,train,3.1128366202321534,hf_energy_frac(z=+3.1),0.5125296485772528,False
train/Malignant/ISPY2-422450/p-092,Malignant,True,train,3.109932012714299,sharpness_lapvar(z=+3.1),0.4749770808896591,False
train/Malignant/ISPY2-632408/p-069,Malignant,True,train,3.109389502819352,snr(z=+3.1),0.4869315459240197,False
val/Malignant/ISPY2-318293/p-043,Malignant,True,val,3.1091045148308836,sharpness_lapvar(z=+3.1),0.49597451803488674,False
val/Malignant/ACRIN-6698-220471/p-068,Malignant,True,val,3.1091009458320022,sharpness_lapvar(z=+3.1),0.4675858872184595,False
train/Malignant/ISPY2-342996/p-054,Malignant,True,train,3.108943953427764,aspect_ratio(z=+3.1),0.48535466015702533,False
train/Malignant/ISPY2-112606/p-106,Malignant,True,train,3.108943953427764,aspect_ratio(z=+3.1),0.4684432826951082,False
train/Malignant/ISPY2-532183/p-107,Malignant,True,train,3.108943953427764,aspect_ratio(z=+3.1),0.46456015576187354,False
train/Malignant/ACRIN-6698-571995/p-055,Malignant,True,train,3.1085128856294824,snr(z=+3.1),0.49492028790787507,False
train/Malignant/ISPY2-832056/p-073,Malignant,True,train,3.10787158195504,hf_energy_frac(z=+3.1),0.46396188757676876,False
train/Malignant/ACRIN-6698-384830/p-035,Malignant,True,train,3.1077454180039066,dynamic_range(z=-3.1),0.5342970463699157,False
train/Malignant/ACRIN-6698-783764/p-039,Malignant,True,train,3.1077454180039066,dynamic_range(z=-3.1),0.46017560699791943,False
train/Malignant/ISPY2-571276/p-023,Malignant,True,train,3.1077454180039066,dynamic_range(z=-3.1),0.4623347391214045,False
train/Malignant/ISPY2-439489/p-017,Malignant,True,train,3.1077454180039066,dynamic_range(z=-3.1),0.49694023673516163,False
train/Malignant/ISPY2-851223/p-047,Malignant,True,train,3.1076698588943223,snr(z=+3.1),0.5193588911731235,False
train/Malignant/ISPY2-676630/p-078,Malignant,True,train,3.1074709752794223,entropy(z=-3.1),0.4940628953843371,False
train/Malignant/ISPY2-245655/p-057,Malignant,True,train,3.107443999513841,noise_sigma(z=+3.1),0.502728265074759,False
train/Malignant/ISPY2-865416/p-051,Malignant,True,train,3.104965116097533,hf_energy_frac(z=+3.1),0.46873954215304864,False
train/Malignant/ISPY2-746265/p-070,Malignant,True,train,3.104556855953175,aspect_ratio(z=+3.1),0.4985492711665286,False
val/Malignant/ACRIN-6698-928815/p-062,Malignant,True,val,3.1042718261050597,snr(z=+3.1),0.5182267334078744,False
train/Malignant/ACRIN-6698-343898/p-065,Malignant,True,train,3.104089354273653,snr(z=+3.1),0.48603654999601165,False
train/Malignant/ISPY2-350331/p-062,Malignant,True,train,3.1040030056843366,entropy(z=-3.1),0.47145718838914275,False
train/Malignant/ISPY2-959366/p-111,Malignant,True,train,3.103950642559717,noise_sigma(z=+3.1),0.5459654425760304,False
train/Malignant/ISPY2-896621/p-044,Malignant,True,train,3.103504896891235,hf_energy_frac(z=+3.1),0.4872704299749369,False
train/Malignant/ACRIN-6698-900959/p-076,Malignant,True,train,3.1028199806313297,entropy(z=-3.1),0.4812798812678615,False
train/Malignant/ISPY2-940186/p-027,Malignant,True,train,3.1027012884387917,snr(z=+3.1),0.4748119471236994,False
train/Malignant/ISPY2-363669/p-048,Malignant,True,train,3.1025571163378434,dynamic_range(z=-3.1),0.49867025610985066,False
train/Malignant/ISPY2-411008/p-082,Malignant,True,train,3.1025571163378434,dynamic_range(z=-3.1),0.4831765152632933,False
train/Malignant/ACRIN-6698-783764/p-033,Malignant,True,train,3.1025571163378434,dynamic_range(z=-3.1),0.44467641931149005,False
val/Malignant/ISPY2-819622/p-021,Malignant,True,val,3.1025571163378434,dynamic_range(z=-3.1),0.560480937762594,False
train/Malignant/ACRIN-6698-165925/p-024,Malignant,True,train,3.1025571163378434,dynamic_range(z=-3.1),0.4680838298154108,False
train/Malignant/ACRIN-6698-698094/p-036,Malignant,True,train,3.1022731613773624,aspect_ratio(z=+3.1),0.4674642569060547,False
train/Malignant/ACRIN-6698-775346/p-034,Malignant,True,train,3.1013755478049965,snr(z=+3.1),0.5137193500047693,False
val/Malignant/ISPY2-930853/p-038,Malignant,True,val,3.101079000545064,snr(z=+3.1),0.5372511145129637,False
train/Malignant/ISPY2-573881/p-060,Malignant,True,train,3.1008351444235385,sharpness_lapvar(z=+3.1),0.48621143648816895,False
train/Malignant/ISPY2-567907/p-060,Malignant,True,train,3.1006313517052857,entropy(z=-3.1),0.4549368091669071,False
train/Malignant/ISPY2-573881/p-098,Malignant,True,train,3.1003721942829707,sharpness_lapvar(z=+3.1),0.46390103427164775,False
train/Malignant/ISPY2-618240/p-090,Malignant,True,train,3.09992603084111,aspect_ratio(z=+3.1),0.4641788820199834,False
train/Malignant/ISPY2-527581/p-104,Malignant,True,train,3.0995804120842267,noise_sigma(z=+3.1),0.5189814371659099,False
train/Malignant/ACRIN-6698-343898/p-060,Malignant,True,train,3.0994308149027674,snr(z=+3.1),0.4919306855434634,False
val/Malignant/ACRIN-6698-728182/p-072,Malignant,True,val,3.09935359573697,height(z=+3.1),0.49886719813981845,False
val/Malignant/ISPY2-157463/p-062,Malignant,True,val,3.0986535045490413,snr(z=+3.1),0.4788565546334104,False
train/Malignant/ISPY2-303947/p-113,Malignant,True,train,3.0983577493431214,"sharpness_lapvar(z=+3.1),noise_sigma(z=+3.0)",0.5062750849639366,False
train/Malignant/ISPY2-960490/p-067,Malignant,True,train,3.0979607822035926,entropy(z=-3.1),0.5124356731802878,False
train/Malignant/ISPY2-357017/p-061,Malignant,True,train,3.0974305065638577,width(z=+3.1),0.4606549762301391,False
train/Malignant/ISPY2-559021/p-030,Malignant,True,train,3.0974305065638577,width(z=+3.1),0.49053247768126174,False
train/Malignant/ISPY2-357017/p-100,Malignant,True,train,3.0974305065638577,width(z=+3.1),0.4613081368365216,False
train/Malignant/ACRIN-6698-299962/p-047,Malignant,True,train,3.0974305065638577,width(z=+3.1),0.49428508764586276,False
train/Malignant/ISPY2-357017/p-104,Malignant,True,train,3.0974305065638577,width(z=+3.1),0.4774785555378763,False
train/Malignant/ISPY2-262131/p-107,Malignant,True,train,3.0974305065638577,width(z=+3.1),0.45657237329449074,False
train/Malignant/ISPY2-357017/p-052,Malignant,True,train,3.0974305065638577,width(z=+3.1),0.4493416153671892,False
train/Malignant/ISPY2-559021/p-027,Malignant,True,train,3.0974305065638577,width(z=+3.1),0.4953205420876357,False
train/Malignant/ISPY2-262131/p-115,Malignant,True,train,3.0974305065638577,width(z=+3.1),0.47802360646635805,False
train/Malignant/ISPY2-201873/p-033,Malignant,True,train,3.0974305065638577,width(z=+3.1),0.4800331495431878,False
train/Malignant/ACRIN-6698-299962/p-026,Malignant,True,train,3.0974305065638577,width(z=+3.1),0.4802460197600074,False
train/Malignant/ISPY2-201873/p-032,Malignant,True,train,3.0974305065638577,width(z=+3.1),0.47905758588200786,False
train/Malignant/ISPY2-559021/p-001,Malignant,True,train,3.0974305065638577,width(z=+3.1),0.5197407006516866,False
train/Malignant/ISPY2-650589/p-088,Malignant,True,train,3.095706017282964,hf_energy_frac(z=+3.1),0.5397398101935441,False
train/Malignant/ISPY2-872188/p-020,Malignant,True,train,3.095030587151212,aspect_ratio(z=+3.1),0.4937992926849752,False
train/Malignant/ISPY2-729270/p-071,Malignant,True,train,3.093311694782329,sharpness_lapvar(z=+3.1),0.47563061700873527,False
train/Malignant/ISPY2-783771/p-014,Malignant,True,train,3.0932331567058684,snr(z=+3.1),0.5382409093467687,False
train/Malignant/ISPY2-840501/p-066,Malignant,True,train,3.0925048008381952,noise_sigma(z=+3.1),0.5072173220379382,False
train/Malignant/ACRIN-6698-793155/p-093,Malignant,True,train,3.0924249486689033,"sharpness_lapvar(z=+3.0),noise_sigma(z=+3.1)",0.5101927801351447,False
train/Malignant/ISPY2-803514/p-095,Malignant,True,train,3.092287782141723,hf_energy_frac(z=+3.1),0.48597494539734765,False
train/Malignant/ACRIN-6698-913527/p-041,Malignant,True,train,3.092185552742592,entropy(z=-3.1),0.48323163238469696,False
train/Malignant/ISPY2-703401/p-049,Malignant,True,train,3.0921812254887806,dynamic_range(z=-3.1),0.47352636632473494,False
train/Malignant/ISPY2-329941/p-052,Malignant,True,train,3.0921812254887806,dynamic_range(z=-3.1),0.5562731340902046,False
train/Malignant/ACRIN-6698-384830/p-048,Malignant,True,train,3.0921812254887806,dynamic_range(z=-3.1),0.4961229371193672,False
train/Malignant/ISPY2-349639/p-098,Malignant,True,train,3.092139023721419,sharpness_lapvar(z=+3.1),0.46940623588593855,False
train/Malignant/ISPY2-349639/p-073,Malignant,True,train,3.092084978881221,sharpness_lapvar(z=+3.1),0.47630354003974146,False
train/Malignant/ACRIN-6698-342959/p-097,Malignant,True,train,3.091909078222084,sharpness_lapvar(z=+3.1),0.49133444860326786,False
train/Malignant/ACRIN-6698-343898/p-051,Malignant,True,train,3.0917494523625058,snr(z=+3.1),0.4836201214006122,False
train/Malignant/ISPY2-632408/p-056,Malignant,True,train,3.0916934915326144,snr(z=+3.1),0.4747503633307696,False
train/Malignant/ACRIN-6698-863161/p-066,Malignant,True,train,3.0915307643406953,sharpness_lapvar(z=+3.1),0.46888872313162067,False
train/Malignant/ISPY2-960490/p-068,Malignant,True,train,3.0911424047337333,entropy(z=-3.1),0.5305354931136141,False
train/Malignant/ISPY2-436371/p-044,Malignant,True,train,3.0909505684026835,snr(z=+3.1),0.5046742134917639,False
train/Malignant/ISPY2-769972/p-026,Malignant,True,train,3.0907984305698557,snr(z=+3.1),0.5049890305588131,False
train/Malignant/ISPY2-349639/p-101,Malignant,True,train,3.0903657411345304,sharpness_lapvar(z=+3.1),0.47734450277094115,False
train/Malignant/ACRIN-6698-973837/p-099,Malignant,True,train,3.089847176185438,aspect_ratio(z=+3.1),0.4436921035380924,False
train/Malignant/ISPY2-229824/p-026,Malignant,True,train,3.0879544341706047,hf_energy_frac(z=+3.1),0.5128083560753989,False
train/Malignant/ISPY2-953262/p-072,Malignant,True,train,3.087793908654081,"sharpness_lapvar(z=+3.0),hf_energy_frac(z=+3.1)",0.5592136893981478,False
train/Malignant/ISPY2-930903/p-078,Malignant,True,train,3.087771960689967,entropy(z=-3.1),0.4500110820100117,False
train/Malignant/ISPY2-640463/p-075,Malignant,True,train,3.0876711469793534,sharpness_lapvar(z=+3.1),0.4634493748995153,False
train/Malignant/ISPY2-559021/p-130,Malignant,True,train,3.087139424188392,aspect_ratio(z=+3.1),0.4847840850961792,False
train/Malignant/ISPY2-473505/p-052,Malignant,True,train,3.0869929238227174,dynamic_range(z=-3.1),0.5653516557737033,False
train/Malignant/ISPY2-609642/p-049,Malignant,True,train,3.0869929238227174,dynamic_range(z=-3.1),0.5463455899767551,False
train/Malignant/ISPY2-350331/p-035,Malignant,True,train,3.086042940244835,entropy(z=-3.1),0.5054773629979635,False
train/Malignant/ACRIN-6698-571995/p-064,Malignant,True,train,3.085451309282394,snr(z=+3.1),0.4903354695892723,False
train/Malignant/ISPY2-485637/p-126,Malignant,True,train,3.0843701917173045,hf_energy_frac(z=+3.1),0.4850306103141719,False
train/Malignant/ACRIN-6698-641246/p-067,Malignant,True,train,3.0840700271083947,sharpness_lapvar(z=+3.1),0.5253577042291313,False
train/Malignant/ISPY2-573881/p-102,Malignant,True,train,3.083837532324145,sharpness_lapvar(z=+3.1),0.4675652088469272,False
train/Malignant/ISPY2-640463/p-047,Malignant,True,train,3.0837444031268095,noise_sigma(z=+3.1),0.5147409166787071,False
train/Malignant/ISPY2-759015/p-026,Malignant,True,train,3.083651558239693,snr(z=+3.1),0.5229921232583818,False
train/Malignant/ISPY2-802105/p-059,Malignant,True,train,3.0832098816560927,aspect_ratio(z=+3.1),0.4993496841990648,False
train/Malignant/ISPY2-151980/p-063,Malignant,True,train,3.0831711492473586,sharpness_lapvar(z=+3.1),0.5431399458679982,False
train/Malignant/ACRIN-6698-343898/p-068,Malignant,True,train,3.082883867203789,snr(z=+3.1),0.5027764936662925,False
train/Malignant/ACRIN-6698-973837/p-075,Malignant,True,train,3.082442303377189,aspect_ratio(z=+3.1),0.4905014764966983,False
train/Malignant/ISPY2-535569/p-032,Malignant,True,train,3.0818053346397174,dynamic_range(z=-3.1),0.48469643537710355,False
train/Malignant/ISPY2-363669/p-047,Malignant,True,train,3.0818053346397174,dynamic_range(z=-3.1),0.48542745627239586,False
train/Malignant/ISPY2-117707/p-028,Malignant,True,train,3.0818053346397174,dynamic_range(z=-3.1),0.5440124416360672,False
train/Malignant/ISPY2-115638/p-048,Malignant,True,train,3.0818053346397174,dynamic_range(z=-3.1),0.5101148677670757,False
train/Malignant/ISPY2-664658/p-103,Malignant,True,train,3.0818053346397174,dynamic_range(z=-3.1),0.5457347101603869,False
train/Malignant/ISPY2-650589/p-059,Malignant,True,train,3.0814391650760933,sharpness_lapvar(z=+3.1),0.4818818841427466,False
train/Malignant/ISPY2-640463/p-057,Malignant,True,train,3.0811008725036224,noise_sigma(z=+3.1),0.47826218968944956,False
train/Malignant/ISPY2-485637/p-140,Malignant,True,train,3.079887491302028,hf_energy_frac(z=+3.1),0.4930292818185291,False
train/Malignant/ACRIN-6698-629606/p-087,Malignant,True,train,3.0792376026234813,sharpness_lapvar(z=+3.1),0.45906467712289245,False
train/Malignant/ISPY2-451482/p-089,Malignant,True,train,3.079179486613108,entropy(z=-3.1),0.5309757458389416,False
train/Malignant/ACRIN-6698-102212/p-021,Malignant,True,train,3.0790117263367986,snr(z=+3.1),0.4916833614898092,False
train/Malignant/ACRIN-6698-531988/p-016,Malignant,True,train,3.0789301526053565,snr(z=+3.1),0.5531711731975497,False
train/Malignant/ISPY2-229824/p-041,Malignant,True,train,3.0788057537588767,sharpness_lapvar(z=+3.1),0.48179341169014384,False
train/Malignant/ISPY2-466267/p-028,Malignant,True,train,3.078611579539619,entropy(z=-3.1),0.5288170486238637,False
train/Malignant/ACRIN-6698-179369/p-026,Malignant,True,train,3.078508464697807,aspect_ratio(z=+3.1),0.4711354727413658,False
train/Malignant/ISPY2-133650/p-012,Malignant,True,train,3.078508464697807,aspect_ratio(z=+3.1),0.5168666081903114,False
train/Malignant/ACRIN-6698-663144/p-039,Malignant,True,train,3.078508464697807,aspect_ratio(z=+3.1),0.47325492653044315,False
train/Malignant/ACRIN-6698-783764/p-025,Malignant,True,train,3.078508464697807,aspect_ratio(z=+3.1),0.5371417346424546,False
train/Malignant/ISPY2-640463/p-056,Malignant,True,train,3.0781144588607785,"sharpness_lapvar(z=+3.0),noise_sigma(z=+3.1)",0.49001221739077233,False
train/Malignant/ACRIN-6698-700549/p-057,Malignant,True,train,3.0779054432983592,brightness(z=-3.1),0.5590967063293152,False
train/Malignant/ISPY2-515141/p-061,Malignant,True,train,3.07775270843285,entropy(z=-3.1),0.48699369280297927,False
val/Malignant/ACRIN-6698-928815/p-061,Malignant,True,val,3.077736655744971,snr(z=+3.1),0.5160623890502595,False
train/Malignant/ISPY2-632408/p-049,Malignant,True,train,3.0777115261804346,snr(z=+3.1),0.49728035442118335,False
train/Malignant/ISPY2-572444/p-042,Malignant,True,train,3.0769674168872854,hf_energy_frac(z=+3.1),0.4991668687801968,False
train/Malignant/ISPY2-676365/p-094,Malignant,True,train,3.076617032973654,dynamic_range(z=-3.1),0.4973158845098021,False
train/Malignant/ISPY2-413961/p-024,Malignant,True,train,3.076617032973654,dynamic_range(z=-3.1),0.4861310128470906,False
train/Malignant/ISPY2-756412/p-043,Malignant,True,train,3.076617032973654,dynamic_range(z=-3.1),0.5738386937261647,False
train/Malignant/ISPY2-847753/p-039,Malignant,True,train,3.076617032973654,dynamic_range(z=-3.1),0.47743344955987305,False
val/Malignant/ISPY2-123660/p-091,Malignant,True,val,3.0762211963041555,noise_sigma(z=+3.1),0.5717108443999349,False
val/Malignant/ACRIN-6698-728182/p-056,Malignant,True,val,3.0756043813858938,height(z=+3.1),0.47568752655556984,False
val/Malignant/ISPY2-157463/p-065,Malignant,True,val,3.075347670368879,snr(z=+3.1),0.49108949758768156,False
train/Malignant/ACRIN-6698-263143/p-022,Malignant,True,train,3.075048711944928,snr(z=+3.1),0.5104477254750157,False
train/Malignant/ISPY2-932200/p-042,Malignant,True,train,3.0747014661590972,snr(z=+3.1),0.500037981926349,False
train/Malignant/ISPY2-211408/p-092,Malignant,True,train,3.074407228627813,"hf_energy_frac(z=+3.1),aspect_ratio(z=+3.1)",0.5517218562073106,False
train/Malignant/ACRIN-6698-263143/p-030,Malignant,True,train,3.073975250614783,snr(z=+3.1),0.5104253041329349,False
train/Malignant/ACRIN-6698-571995/p-057,Malignant,True,train,3.0739619519108916,snr(z=+3.1),0.4915958413721011,False
train/Malignant/ISPY2-572444/p-080,Malignant,True,train,3.0737894715446776,hf_energy_frac(z=+3.1),0.4912199772527009,False
train/Malignant/ISPY2-832056/p-110,Malignant,True,train,3.073229016012319,hf_energy_frac(z=+3.1),0.479157591455534,False
train/Malignant/ACRIN-6698-894673/p-106,Malignant,True,train,3.073120338541397,sharpness_lapvar(z=+3.1),0.50241997600715,False
train/Malignant/ISPY2-423619/p-045,Malignant,True,train,3.073000093290737,entropy(z=-3.1),0.5324668873506877,False
val/Malignant/ISPY2-353318/p-032,Malignant,True,val,3.0729799027916753,snr(z=+3.1),0.5037496051919975,False
train/Malignant/ISPY2-756412/p-035,Malignant,True,train,3.072898096937473,snr(z=+3.1),0.5331371501152602,False
train/Malignant/ISPY2-953262/p-091,Malignant,True,train,3.0726074224164948,sharpness_lapvar(z=+3.1),0.5156396628834934,False
train/Malignant/ISPY2-349639/p-102,Malignant,True,train,3.072512079160673,sharpness_lapvar(z=+3.1),0.4718786421789625,False
train/Malignant/ISPY2-559021/p-107,Malignant,True,train,3.0719243158119256,width(z=+3.1),0.462628363039168,False
train/Malignant/ISPY2-357017/p-060,Malignant,True,train,3.0719243158119256,width(z=+3.1),0.4623457906423622,False
train/Malignant/ISPY2-201873/p-031,Malignant,True,train,3.0719243158119256,width(z=+3.1),0.483435092166205,False
train/Malignant/ISPY2-559021/p-108,Malignant,True,train,3.0719243158119256,width(z=+3.1),0.4673520164381166,False
train/Malignant/ISPY2-262131/p-087,Malignant,True,train,3.0719243158119256,width(z=+3.1),0.4909251432352681,False
train/Malignant/ISPY2-640463/p-052,Malignant,True,train,3.0717289388347786,sharpness_lapvar(z=+3.1),0.5788576035032235,False
train/Malignant/ACRIN-6698-188700/p-029,Malignant,True,train,3.0714287313075914,dynamic_range(z=-3.1),0.4571692509554195,False
train/Malignant/ACRIN-6698-383456/p-043,Malignant,True,train,3.0714287313075914,dynamic_range(z=-3.1),0.49351460097330635,False
train/Malignant/ISPY2-787415/p-102,Malignant,True,train,3.0714287313075914,dynamic_range(z=-3.1),0.4885653245764918,False
train/Malignant/ISPY2-664658/p-102,Malignant,True,train,3.0714287313075914,dynamic_range(z=-3.1),0.5483445578417206,False
train/Malignant/ISPY2-845079/p-055,Malignant,True,train,3.0714287313075914,dynamic_range(z=-3.1),0.49808777936448223,False
train/Malignant/ISPY2-802105/p-054,Malignant,True,train,3.0709984090371685,aspect_ratio(z=+3.1),0.48844269249115324,False
train/Malignant/ISPY2-769972/p-023,Malignant,True,train,3.0708006400215533,snr(z=+3.1),0.4953631938424504,False
train/Malignant/ACRIN-6698-753109/p-073,Malignant,True,train,3.0698676202536443,entropy(z=-3.1),0.48199970129356723,False
train/Malignant/ISPY2-489973/p-030,Malignant,True,train,3.069515655480228,brightness(z=-3.1),0.5833813267445274,True
train/Malignant/ISPY2-422450/p-075,Malignant,True,train,3.0694325429833276,sharpness_lapvar(z=+3.1),0.49302645363294323,False
train/Malignant/ISPY2-311455/p-028,Malignant,True,train,3.0690972268976284,entropy(z=-3.1),0.48621920124356105,False
train/Malignant/ISPY2-539291/p-056,Malignant,True,train,3.0690285583720827,aspect_ratio(z=+3.1),0.5052660874946893,False
train/Malignant/ISPY2-356684/p-063,Malignant,True,train,3.069026013386264,entropy(z=-3.1),0.4973478306165902,False
val/Malignant/ACRIN-6698-220471/p-081,Malignant,True,val,3.0687850246149124,sharpness_lapvar(z=+3.1),0.46463094805414656,False
val/Malignant/ISPY2-157463/p-046,Malignant,True,val,3.068474318003789,snr(z=+3.1),0.507819761850074,False
train/Malignant/ISPY2-188511/p-075,Malignant,True,train,3.0679268774496977,noise_sigma(z=+3.1),0.5148459863138215,False
train/Malignant/ISPY2-832056/p-066,Malignant,True,train,3.0678276337433603,hf_energy_frac(z=+3.1),0.4691221506092192,False
train/Malignant/ISPY2-112606/p-087,Malignant,True,train,3.066240429641528,dynamic_range(z=-3.1),0.48698673341786836,False
train/Malignant/ACRIN-6698-711476/p-047,Malignant,True,train,3.066240429641528,dynamic_range(z=-3.1),0.481695236243692,False
train/Malignant/ISPY2-102011/p-039,Malignant,True,train,3.066240429641528,dynamic_range(z=-3.1),0.47187249739849396,False
val/Malignant/ACRIN-6698-695521/p-043,Malignant,True,val,3.066240429641528,dynamic_range(z=-3.1),0.5425841220737586,False
train/Malignant/ISPY2-726091/p-033,Malignant,True,train,3.066240429641528,dynamic_range(z=-3.1),0.5566275633710276,False
train/Malignant/ACRIN-6698-584561/p-071,Malignant,True,train,3.066240429641528,dynamic_range(z=-3.1),0.4600796741358042,False
train/Malignant/ISPY2-116165/p-046,Malignant,True,train,3.066240429641528,dynamic_range(z=-3.1),0.4630437684794577,False
train/Malignant/ISPY2-676630/p-089,Malignant,True,train,3.065967966225113,entropy(z=-3.1),0.48189003301874817,False
train/Malignant/ACRIN-6698-401215/p-014,Malignant,True,train,3.065657925011825,aspect_ratio(z=+3.1),0.45276880089656174,False
train/Malignant/ISPY2-388581/p-105,Malignant,True,train,3.065657925011825,aspect_ratio(z=+3.1),0.4916730699603354,False
train/Malignant/ACRIN-6698-240957/p-052,Malignant,True,train,3.065657925011825,aspect_ratio(z=+3.1),0.457949653763192,False
train/Malignant/ISPY2-294265/p-042,Malignant,True,train,3.065657925011825,aspect_ratio(z=+3.1),0.47519137036800696,False
train/Malignant/ISPY2-729270/p-043,Malignant,True,train,3.0643609955733853,sharpness_lapvar(z=+3.1),0.45957221194304587,False
train/Malignant/ISPY2-405717/p-060,Malignant,True,train,3.0639762607609775,entropy(z=-3.1),0.4767809223105492,False
train/Malignant/ACRIN-6698-263143/p-023,Malignant,True,train,3.063406361423449,snr(z=+3.1),0.5152248733861319,False
train/Malignant/ISPY2-151230/p-067,Malignant,True,train,3.0628794299445863,aspect_ratio(z=+3.1),0.5134717493442259,False
train/Malignant/ISPY2-885590/p-091,Malignant,True,train,3.06235449601534,noise_sigma(z=+3.1),0.5055641014267304,False
train/Malignant/ISPY2-303947/p-112,Malignant,True,train,3.062313624142426,noise_sigma(z=+3.1),0.4974222514856553,False
train/Malignant/ISPY2-596458/p-062,Malignant,True,train,3.0620426758716652,sharpness_lapvar(z=+3.1),0.4722027514348078,False
train/Malignant/ISPY2-960490/p-076,Malignant,True,train,3.0617174772766074,entropy(z=-3.1),0.5103455279369062,False
val/Malignant/ACRIN-6698-220471/p-082,Malignant,True,val,3.061683226698647,sharpness_lapvar(z=+3.1),0.46502936209304596,False
train/Malignant/ISPY2-120422/p-077,Malignant,True,train,3.0616231370940783,hf_energy_frac(z=+3.1),0.5160315123416906,False
train/Malignant/ISPY2-211408/p-096,Malignant,True,train,3.0615663475777426,hf_energy_frac(z=+3.1),0.52119736255539,False
train/Malignant/ISPY2-212307/p-054,Malignant,True,train,3.0610591617514498,sharpness_lapvar(z=+3.1),0.4953522588912038,False
train/Malignant/ISPY2-847753/p-035,Malignant,True,train,3.061052127975465,dynamic_range(z=-3.1),0.46243847728666904,False
train/Malignant/ISPY2-974618/p-034,Malignant,True,train,3.061052127975465,dynamic_range(z=-3.1),0.4907403287543087,False
train/Malignant/ISPY2-196024/p-021,Malignant,True,train,3.061052127975465,dynamic_range(z=-3.1),0.453934576597873,False
train/Malignant/ISPY2-831702/p-036,Malignant,True,train,3.061052127975465,dynamic_range(z=-3.1),0.5518684416632125,False
train/Malignant/ISPY2-100899/p-044,Malignant,True,train,3.0609850014896502,aspect_ratio(z=+3.1),0.4436036328518929,False
train/Malignant/ISPY2-451482/p-108,Malignant,True,train,3.060708796979892,noise_sigma(z=+3.1),0.5277580054217004,False
train/Malignant/ACRIN-6698-520471/p-083,Malignant,True,train,3.0600481153541526,sharpness_lapvar(z=+3.1),0.5075784266005017,False
train/Malignant/ISPY2-729270/p-072,Malignant,True,train,3.059854369700611,sharpness_lapvar(z=+3.1),0.4865003510260929,False
train/Malignant/ISPY2-607047/p-074,Malignant,True,train,3.0597722835703043,noise_sigma(z=+3.1),0.4891390664720201,False
train/Malignant/ISPY2-151980/p-062,Malignant,True,train,3.059735573023571,sharpness_lapvar(z=+3.1),0.5027805285929072,False
val/Malignant/ISPY2-318293/p-051,Malignant,True,val,3.059465858679562,"sharpness_lapvar(z=+3.1),noise_sigma(z=+3.0)",0.5359414599463109,False
train/Malignant/ISPY2-212307/p-064,Malignant,True,train,3.0586507944786154,"sharpness_lapvar(z=+3.0),noise_sigma(z=+3.1)",0.4861008584189265,False
train/Malignant/ISPY2-632408/p-052,Malignant,True,train,3.058375544729346,snr(z=+3.1),0.48862642359635694,False
train/Malignant/ISPY2-563856/p-031,Malignant,True,train,3.05712507609192,entropy(z=-3.1),0.491561579679583,False
train/Malignant/ISPY2-559021/p-129,Malignant,True,train,3.057090898554504,aspect_ratio(z=+3.1),0.497854849242218,False
train/Malignant/ISPY2-851223/p-044,Malignant,True,train,3.056846947550343,snr(z=+3.1),0.5116652930038438,False
train/Malignant/ACRIN-6698-520471/p-100,Malignant,True,train,3.0568156220819063,sharpness_lapvar(z=+3.1),0.5363535656662423,False
train/Malignant/ISPY2-644186/p-041,Malignant,True,train,3.055863826309402,dynamic_range(z=-3.1),0.4824442407771775,False
train/Malignant/ISPY2-413961/p-021,Malignant,True,train,3.055863826309402,dynamic_range(z=-3.1),0.5125564767854591,False
train/Malignant/ISPY2-341238/p-045,Malignant,True,train,3.055863826309402,dynamic_range(z=-3.1),0.5561121807841374,False
train/Malignant/ISPY2-782334/p-114,Malignant,True,train,3.055863826309402,dynamic_range(z=-3.1),0.5266915982107704,False
train/Malignant/ISPY2-500826/p-028,Malignant,True,train,3.055863826309402,dynamic_range(z=-3.1),0.4979180723960303,False
train/Malignant/ACRIN-6698-383456/p-048,Malignant,True,train,3.055863826309402,dynamic_range(z=-3.1),0.4878357163908376,False
train/Malignant/ISPY2-122795/p-037,Malignant,True,train,3.0556630655193984,entropy(z=-3.1),0.49929466275782275,False
train/Malignant/ISPY2-573881/p-101,Malignant,True,train,3.054729287307453,sharpness_lapvar(z=+3.1),0.46122563392862254,False
train/Malignant/ACRIN-6698-263143/p-021,Malignant,True,train,3.0546802575693373,snr(z=+3.1),0.50795302942038,False
train/Malignant/ISPY2-527320/p-114,Malignant,True,train,3.0540743399427717,aspect_ratio(z=+3.1),0.4937048316668809,False
train/Malignant/ACRIN-6698-343898/p-058,Malignant,True,train,3.0530289857817503,snr(z=+3.1),0.4885460804575052,False
train/Malignant/ISPY2-940186/p-025,Malignant,True,train,3.052775066822938,snr(z=+3.1),0.48181755458567915,False
train/Malignant/ISPY2-212307/p-057,Malignant,True,train,3.0527661755587436,noise_sigma(z=+3.1),0.49511357775763404,False
val/Malignant/ACRIN-6698-728182/p-055,Malignant,True,val,3.0518551670348177,height(z=+3.1),0.4775252751783679,False
val/Malignant/ACRIN-6698-728182/p-057,Malignant,True,val,3.0518551670348177,height(z=+3.1),0.4794706735496651,False
train/Malignant/ISPY2-697098/p-035,Malignant,True,train,3.0518551670348177,height(z=+3.1),0.5162530469476754,False
val/Malignant/ACRIN-6698-728182/p-054,Malignant,True,val,3.0518551670348177,height(z=+3.1),0.4778945003492822,False
val/Malignant/ACRIN-6698-728182/p-071,Malignant,True,val,3.0518551670348177,height(z=+3.1),0.49886719813981845,False
train/Malignant/ISPY2-697098/p-034,Malignant,True,train,3.0518551670348177,height(z=+3.1),0.517710840157407,False
train/Malignant/ISPY2-180027/p-051,Malignant,True,train,3.050971593942132,aspect_ratio(z=+3.1),0.48155537911317076,False
train/Malignant/ISPY2-180027/p-050,Malignant,True,train,3.050971593942132,aspect_ratio(z=+3.1),0.4768514503782932,False
train/Malignant/ISPY2-284355/p-053,Malignant,True,train,3.050676237126402,dynamic_range(z=-3.1),0.4784799147808137,False
train/Malignant/ISPY2-614044/p-023,Malignant,True,train,3.0506755246433386,dynamic_range(z=-3.1),0.5323501621500112,False
train/Malignant/ISPY2-614434/p-019,Malignant,True,train,3.0506755246433386,dynamic_range(z=-3.1),0.5290912978387009,False
train/Malignant/ISPY2-851223/p-042,Malignant,True,train,3.050139149687434,snr(z=+3.1),0.5146918532168147,False
train/Malignant/ISPY2-520986/p-074,Malignant,True,train,3.0497939500608124,entropy(z=-3.0),0.45665130401323034,False
train/Malignant/ISPY2-180663/p-038,Malignant,True,train,3.049728003294919,entropy(z=-3.0),0.4972913834911183,False
train/Malignant/ACRIN-6698-326433/p-079,Malignant,True,train,3.0497184128784878,sharpness_lapvar(z=+3.0),0.5144215679074138,False
train/Malignant/ISPY2-590220/p-044,Malignant,True,train,3.048523817967309,sharpness_lapvar(z=+3.0),0.5187907950925662,False
val/Malignant/ISPY2-318293/p-040,Malignant,True,val,3.0484192972857933,sharpness_lapvar(z=+3.0),0.5493385573391208,False
train/Malignant/ISPY2-573881/p-085,Malignant,True,train,3.0475637572683123,sharpness_lapvar(z=+3.0),0.44814807450994315,False
train/Malignant/ISPY2-342996/p-053,Malignant,True,train,3.046966230923125,aspect_ratio(z=+3.0),0.48403766093259915,False
train/Malignant/ISPY2-212307/p-058,Malignant,True,train,3.04653486587661,sharpness_lapvar(z=+3.0),0.49122003323242946,False
train/Malignant/ISPY2-601489/p-017,Malignant,True,train,3.046418125059993,width(z=+3.0),0.4733002281249094,False
train/Malignant/ACRIN-6698-299962/p-025,Malignant,True,train,3.046418125059993,width(z=+3.0),0.47704616660335475,False
train/Malignant/ISPY2-262131/p-088,Malignant,True,train,3.046418125059993,width(z=+3.0),0.48590230186209304,False
train/Malignant/ISPY2-357017/p-059,Malignant,True,train,3.046418125059993,width(z=+3.0),0.45086232252801317,False
train/Malignant/ISPY2-262131/p-086,Malignant,True,train,3.046418125059993,width(z=+3.0),0.49151588128358903,False
train/Malignant/ISPY2-201873/p-027,Malignant,True,train,3.046418125059993,width(z=+3.0),0.48870103174350016,False
train/Malignant/ISPY2-201873/p-030,Malignant,True,train,3.046418125059993,width(z=+3.0),0.477665798731634,False
train/Malignant/ISPY2-601489/p-019,Malignant,True,train,3.046418125059993,width(z=+3.0),0.4727795600601229,False
train/Malignant/ISPY2-540539/p-066,Malignant,True,train,3.0458854909360538,"noise_sigma(z=+3.0),hf_energy_frac(z=+3.0)",0.5270417449673441,False
train/Malignant/ACRIN-6698-712785/p-039,Malignant,True,train,3.045488647943402,dynamic_range(z=-3.0),0.5042713767831754,False
train/Malignant/ACRIN-6698-384830/p-043,Malignant,True,train,3.045487935460339,dynamic_range(z=-3.0),0.48969090310568325,False
train/Malignant/ACRIN-6698-929391/p-026,Malignant,True,train,3.045487935460339,dynamic_range(z=-3.0),0.5249321587001662,False
train/Malignant/ACRIN-6698-924071/p-022,Malignant,True,train,3.045487935460339,dynamic_range(z=-3.0),0.48616838390516187,False
val/Malignant/ISPY2-279902/p-045,Malignant,True,val,3.045487935460339,dynamic_range(z=-3.0),0.5767614826643744,False
val/Malignant/ISPY2-345483/p-084,Malignant,True,val,3.045487935460339,dynamic_range(z=-3.0),0.5320558727927077,False
train/Malignant/ACRIN-6698-218503/p-027,Malignant,True,train,3.045487222977276,dynamic_range(z=-3.0),0.4771861382864918,False
train/Malignant/ISPY2-136536/p-022,Malignant,True,train,3.04513989717111,sharpness_lapvar(z=+3.0),0.5356662434278512,False
train/Malignant/ISPY2-650589/p-060,Malignant,True,train,3.0446180585490055,sharpness_lapvar(z=+3.0),0.4793917148305633,False
train/Malignant/ISPY2-540539/p-115,Malignant,True,train,3.043946502829615,hf_energy_frac(z=+3.0),0.49462339208303124,False
train/Malignant/ISPY2-188511/p-053,Malignant,True,train,3.0438233591355743,noise_sigma(z=+3.0),0.5799806572789781,True
train/Malignant/ISPY2-552313/p-067,Malignant,True,train,3.0430991025049283,hf_energy_frac(z=+3.0),0.4982013430448082,False
train/Malignant/ISPY2-115638/p-119,Malignant,True,train,3.0428125211256356,aspect_ratio(z=+3.0),0.4512255744624333,False
train/Malignant/ISPY2-598798/p-060,Malignant,True,train,3.0415997052096206,sharpness_lapvar(z=+3.0),0.4972798785865414,False
train/Malignant/ISPY2-640463/p-083,Malignant,True,train,3.0407166329150574,sharpness_lapvar(z=+3.0),0.4825548301758771,False
train/Malignant/ISPY2-613961/p-028,Malignant,True,train,3.040299633794276,dynamic_range(z=-3.0),0.49933595867355207,False
train/Malignant/ISPY2-756412/p-012,Malignant,True,train,3.040299633794276,dynamic_range(z=-3.0),0.5266376969872333,False
train/Malignant/ISPY2-596079/p-030,Malignant,True,train,3.0396444036798,sharpness_lapvar(z=+3.0),0.5386260780937437,False
train/Malignant/ISPY2-520986/p-052,Malignant,True,train,3.0395440986577156,entropy(z=-3.0),0.4802057385713194,False
train/Malignant/ACRIN-6698-343898/p-056,Malignant,True,train,3.0389296639147485,snr(z=+3.0),0.4638649356087818,False
train/Malignant/ACRIN-6698-296123/p-075,Malignant,True,train,3.0387371156108176,entropy(z=-3.0),0.4800859399881251,False
train/Malignant/ISPY2-349639/p-096,Malignant,True,train,3.0386221404288762,sharpness_lapvar(z=+3.0),0.4650807039715242,False
train/Malignant/ISPY2-212307/p-113,Malignant,True,train,3.038508279122824,hf_energy_frac(z=+3.0),0.48421501507888803,False
train/Malignant/ISPY2-955953/p-058,Malignant,True,train,3.0380533776680254,hf_energy_frac(z=+3.0),0.478253915354962,False
train/Malignant/ISPY2-151980/p-064,Malignant,True,train,3.037825488892932,sharpness_lapvar(z=+3.0),0.5275211363537863,False
train/Malignant/ISPY2-421829/p-096,Malignant,True,train,3.036668644495801,hf_energy_frac(z=+3.0),0.45766653100822613,False
train/Malignant/ISPY2-960490/p-077,Malignant,True,train,3.0363228365948767,entropy(z=-3.0),0.4969347551183036,False
train/Malignant/ISPY2-188511/p-076,Malignant,True,train,3.0353174672612733,noise_sigma(z=+3.0),0.5108088158073449,False
train/Malignant/ACRIN-6698-306401/p-037,Malignant,True,train,3.035112044611276,dynamic_range(z=-3.0),0.5109381217679752,False
train/Malignant/ISPY2-442669/p-021,Malignant,True,train,3.035112044611276,dynamic_range(z=-3.0),0.45604626740998017,False
train/Malignant/ACRIN-6698-580541/p-027,Malignant,True,train,3.035112044611276,dynamic_range(z=-3.0),0.5349002973446944,False
train/Malignant/ACRIN-6698-107700/p-045,Malignant,True,train,3.035112044611276,dynamic_range(z=-3.0),0.5261413848598031,False
train/Malignant/ISPY2-493472/p-026,Malignant,True,train,3.034145811373511,entropy(z=-3.0),0.49548171009731057,False
train/Malignant/ISPY2-127791/p-047,Malignant,True,train,3.0340258273232554,aspect_ratio(z=+3.0),0.49268916923907224,False
train/Malignant/ISPY2-182346/p-106,Malignant,True,train,3.0340258273232554,aspect_ratio(z=+3.0),0.5179332501512321,False
train/Malignant/ISPY2-136536/p-021,Malignant,True,train,3.0334516807642307,sharpness_lapvar(z=+3.0),0.511487768110442,False
train/Malignant/ISPY2-494022/p-022,Malignant,True,train,3.0333680863521395,contrast(z=+3.0),0.5056077792154774,False
train/Malignant/ISPY2-303947/p-106,Malignant,True,train,3.0323618614630594,sharpness_lapvar(z=+3.0),0.5099793021537111,False
train/Malignant/ISPY2-759418/p-020,Malignant,True,train,3.031917177989479,contrast(z=-3.0),0.5644620309756824,False
train/Malignant/ACRIN-6698-342959/p-093,Malignant,True,train,3.031834669342633,sharpness_lapvar(z=+3.0),0.48338040846883623,False
train/Malignant/ACRIN-6698-755914/p-093,Malignant,True,train,3.031408341915261,snr(z=+3.0),0.47644122331409267,False
train/Malignant/ACRIN-6698-343898/p-064,Malignant,True,train,3.030852244446705,snr(z=+3.0),0.4821304404782668,False
train/Malignant/ACRIN-6698-775346/p-033,Malignant,True,train,3.03065635013724,snr(z=+3.0),0.4745153618052031,False
train/Malignant/ACRIN-6698-629606/p-086,Malignant,True,train,3.030607953441525,sharpness_lapvar(z=+3.0),0.4569177615281344,False
train/Malignant/ISPY2-640463/p-064,Malignant,True,train,3.030174596402551,noise_sigma(z=+3.0),0.4951511525163746,False
train/Malignant/ISPY2-169536/p-026,Malignant,True,train,3.0300746430373025,sharpness_lapvar(z=+3.0),0.5234630498515616,False
train/Malignant/ISPY2-787415/p-092,Malignant,True,train,3.0299237429452126,dynamic_range(z=-3.0),0.4732118475452785,False
train/Malignant/ISPY2-613961/p-027,Malignant,True,train,3.0299237429452126,dynamic_range(z=-3.0),0.5391338394719074,False
train/Malignant/ACRIN-6698-688955/p-031,Malignant,True,train,3.0299237429452126,dynamic_range(z=-3.0),0.4366387781362227,False
train/Malignant/ACRIN-6698-188700/p-032,Malignant,True,train,3.0299237429452126,dynamic_range(z=-3.0),0.4557336437110117,False
train/Malignant/ISPY2-676365/p-115,Malignant,True,train,3.0299237429452126,dynamic_range(z=-3.0),0.4651427391278516,False
train/Malignant/ISPY2-510543/p-033,Malignant,True,train,3.0297931292221354,entropy(z=-3.0),0.46152273169100033,False
train/Malignant/ISPY2-953262/p-094,Malignant,True,train,3.0292185931628386,sharpness_lapvar(z=+3.0),0.4665125399455476,False
train/Malignant/ACRIN-6698-343898/p-059,Malignant,True,train,3.0288847011353397,snr(z=+3.0),0.4983591360137252,False
val/Malignant/ISPY2-157463/p-059,Malignant,True,val,3.028320210157961,snr(z=+3.0),0.48006707599585946,False
train/Malignant/ISPY2-621179/p-064,Malignant,True,train,3.028292314844969,hf_energy_frac(z=+3.0),0.4735420652923507,False
train/Malignant/ISPY2-905264/p-043,Malignant,True,train,3.02821953681387,entropy(z=-3.0),0.5117747886062763,False
train/Malignant/ISPY2-563856/p-039,Malignant,True,train,3.0282139697881982,entropy(z=-3.0),0.4645794391622535,False
val/Malignant/ACRIN-6698-728182/p-052,Malignant,True,val,3.0281059526837413,height(z=+3.0),0.4824309435376602,False
train/Malignant/ISPY2-697098/p-043,Malignant,True,train,3.0281059526837413,height(z=+3.0),0.5082717731596351,False
train/Malignant/ISPY2-201873/p-117,Malignant,True,train,3.0277826501478793,aspect_ratio(z=+3.0),0.5304291116712915,False
train/Malignant/ISPY2-483910/p-046,Malignant,True,train,3.0270748994777974,sharpness_lapvar(z=+3.0),0.5158947359012707,False
train/Malignant/ISPY2-598798/p-096,Malignant,True,train,3.0261026022112083,sharpness_lapvar(z=+3.0),0.49835179048855893,False
train/Malignant/ISPY2-166782/p-026,Malignant,True,train,3.025845856737708,hf_energy_frac(z=+3.0),0.49357499746836664,False
train/Malignant/ISPY2-350331/p-060,Malignant,True,train,3.0252529152663175,entropy(z=-3.0),0.4686016439350126,False
train/Malignant/ISPY2-117707/p-029,Malignant,True,train,3.0247354412791494,dynamic_range(z=-3.0),0.534783814934697,False
train/Malignant/ACRIN-6698-584561/p-069,Malignant,True,train,3.0247354412791494,dynamic_range(z=-3.0),0.4727690284467695,False
val/Malignant/ISPY2-712276/p-042,Malignant,True,val,3.0247354412791494,dynamic_range(z=-3.0),0.46865149345487833,False
train/Malignant/ACRIN-6698-962153/p-092,Malignant,True,train,3.024536198016684,aspect_ratio(z=+3.0),0.47907831257535194,False
train/Malignant/ISPY2-607047/p-034,Malignant,True,train,3.024002160683967,hf_energy_frac(z=+3.0),0.49611473146669244,False
train/Malignant/ISPY2-493519/p-053,Malignant,True,train,3.0239372675739404,hf_energy_frac(z=+3.0),0.5233471851877193,False
train/Malignant/ISPY2-255078/p-065,Malignant,True,train,3.0234730833121923,noise_sigma(z=+3.0),0.5311762319992922,False
val/Malignant/ISPY2-123660/p-039,Malignant,True,val,3.023152063191118,hf_energy_frac(z=+3.0),0.4731288026738841,False
train/Malignant/ISPY2-218249/p-067,Malignant,True,train,3.021606938263569,sharpness_lapvar(z=+3.0),0.5564480361342422,False
train/Malignant/ISPY2-345460/p-082,Malignant,True,train,3.021202003935997,aspect_ratio(z=+3.0),0.4895948637469848,False
train/Malignant/ISPY2-601489/p-124,Malignant,True,train,3.0209119343080606,width(z=+3.0),0.49706245107837355,False
train/Malignant/ISPY2-357017/p-105,Malignant,True,train,3.0209119343080606,width(z=+3.0),0.46450374816351553,False
train/Malignant/ISPY2-201873/p-077,Malignant,True,train,3.0209119343080606,width(z=+3.0),0.47226524482477844,False
train/Malignant/ISPY2-601489/p-016,Malignant,True,train,3.0209119343080606,width(z=+3.0),0.4680389649938361,False
train/Malignant/ISPY2-559021/p-036,Malignant,True,train,3.0209119343080606,width(z=+3.0),0.45903099833959454,False
train/Malignant/ACRIN-6698-299962/p-050,Malignant,True,train,3.0209119343080606,width(z=+3.0),0.48562945891349135,False
train/Malignant/ISPY2-559021/p-028,Malignant,True,train,3.0209119343080606,width(z=+3.0),0.48888656068771735,False
train/Malignant/ISPY2-559021/p-109,Malignant,True,train,3.0209119343080606,width(z=+3.0),0.46030922887753695,False
train/Malignant/ISPY2-601489/p-018,Malignant,True,train,3.0209119343080606,width(z=+3.0),0.4762860480797007,False
val/Malignant/ISPY2-157463/p-064,Malignant,True,val,3.020717992493154,snr(z=+3.0),0.48828405371131606,False
val/Malignant/ISPY2-890414/p-061,Malignant,True,val,3.0206587331900128,entropy(z=-3.0),0.44951697244763833,False
train/Malignant/ISPY2-824512/p-068,Malignant,True,train,3.020548814338172,noise_sigma(z=+3.0),0.572067745848999,False
train/Malignant/ISPY2-613961/p-025,Malignant,True,train,3.0195471396130866,dynamic_range(z=-3.0),0.5256895428830713,False
train/Malignant/ISPY2-117707/p-039,Malignant,True,train,3.0195471396130866,dynamic_range(z=-3.0),0.49887069602532186,False
train/Malignant/ACRIN-6698-895653/p-040,Malignant,True,train,3.0195471396130866,dynamic_range(z=-3.0),0.47672701637971215,False
train/Malignant/ACRIN-6698-584561/p-063,Malignant,True,train,3.0195471396130866,dynamic_range(z=-3.0),0.47763895548151064,False
train/Malignant/ACRIN-6698-584561/p-067,Malignant,True,train,3.0195471396130866,dynamic_range(z=-3.0),0.47559551353638124,False
train/Malignant/ISPY2-568953/p-041,Malignant,True,train,3.0195471396130866,dynamic_range(z=-3.0),0.5387826233639983,False
train/Malignant/ISPY2-571276/p-030,Malignant,True,train,3.0195471396130866,dynamic_range(z=-3.0),0.4555122565077998,False
train/Malignant/ACRIN-6698-929980/p-033,Malignant,True,train,3.0195471396130866,dynamic_range(z=-3.0),0.48134583980481355,False
train/Malignant/ACRIN-6698-102212/p-020,Malignant,True,train,3.0188770562660667,snr(z=+3.0),0.5134518055911099,False
train/Malignant/ISPY2-851223/p-051,Malignant,True,train,3.0186364367468577,snr(z=+3.0),0.49144499901287375,False
train/Malignant/ISPY2-701790/p-053,Malignant,True,train,3.0183836765761587,entropy(z=-3.0),0.5292473682178901,False
train/Malignant/ACRIN-6698-629606/p-085,Malignant,True,train,3.018363483066188,sharpness_lapvar(z=+3.0),0.4582993598762148,False
val/Malignant/ISPY2-318293/p-053,Malignant,True,val,3.0179849142563073,sharpness_lapvar(z=+3.0),0.5067946659942757,False
train/Malignant/ISPY2-552313/p-071,Malignant,True,train,3.0177722233882984,noise_sigma(z=+3.0),0.5110290095436792,False
train/Malignant/ISPY2-824512/p-075,Malignant,True,train,3.0174921429172037,hf_energy_frac(z=+3.0),0.5397483515708108,False
train/Malignant/ISPY2-650589/p-069,Malignant,True,train,3.017085526538288,sharpness_lapvar(z=+3.0),0.4670970033616521,False
train/Malignant/ISPY2-959366/p-106,Malignant,True,train,3.0163060270816873,noise_sigma(z=+3.0),0.5439183402149864,False
train/Malignant/ISPY2-591180/p-056,Malignant,True,train,3.0161256168548403,hf_energy_frac(z=+3.0),0.46232881296465494,False
train/Malignant/ISPY2-640463/p-088,Malignant,True,train,3.0159516046080865,sharpness_lapvar(z=+3.0),0.4682426521425131,False
train/Malignant/ISPY2-102011/p-041,Malignant,True,train,3.0143588379470234,dynamic_range(z=-3.0),0.5070423654913997,False
train/Malignant/ISPY2-756412/p-037,Malignant,True,train,3.0143588379470234,dynamic_range(z=-3.0),0.5274993549047876,False
train/Malignant/ACRIN-6698-802308/p-022,Malignant,True,train,3.0143588379470234,dynamic_range(z=-3.0),0.5157403035803503,False
train/Malignant/ISPY2-112606/p-077,Malignant,True,train,3.0143588379470234,dynamic_range(z=-3.0),0.47400303795110477,False
train/Malignant/ISPY2-284355/p-054,Malignant,True,train,3.0143588379470234,dynamic_range(z=-3.0),0.49348627931837025,False
train/Malignant/ISPY2-417654/p-032,Malignant,True,train,3.0143588379470234,dynamic_range(z=-3.0),0.47885314994806,False
train/Malignant/ISPY2-787415/p-100,Malignant,True,train,3.0143588379470234,dynamic_range(z=-3.0),0.47350593545433756,False
train/Malignant/ISPY2-568953/p-053,Malignant,True,train,3.0143588379470234,dynamic_range(z=-3.0),0.47420284267675716,False
train/Malignant/ISPY2-655703/p-125,Malignant,True,train,3.0142557662678993,aspect_ratio(z=+3.0),0.5201171490605476,False
train/Malignant/ACRIN-6698-287961/p-114,Malignant,True,train,3.0142557662678993,aspect_ratio(z=+3.0),0.5076277278079364,False
train/Malignant/ISPY2-451482/p-095,Malignant,True,train,3.013709174712054,entropy(z=-3.0),0.5040497430468538,False
train/Malignant/ACRIN-6698-343898/p-063,Malignant,True,train,3.013452930048205,snr(z=+3.0),0.47897856708282577,False
train/Malignant/ISPY2-466267/p-023,Malignant,True,train,3.0126381487881932,entropy(z=-3.0),0.515339184927219,False
train/Malignant/ISPY2-940186/p-026,Malignant,True,train,3.0122084307660506,snr(z=+3.0),0.4636435868017273,False
train/Malignant/ACRIN-6698-396723/p-023,Malignant,True,train,3.0107858364914555,entropy(z=-3.0),0.5305648021639167,False
train/Malignant/ISPY2-640463/p-055,Malignant,True,train,3.0106615834809265,sharpness_lapvar(z=+3.0),0.4923272704874882,False
train/Malignant/ISPY2-974181/p-096,Malignant,True,train,3.010102389709416,hf_energy_frac(z=+3.0),0.5356810811994244,False
train/Malignant/ISPY2-167271/p-048,Malignant,True,train,3.00917053628096,dynamic_range(z=-3.0),0.47423116472234406,False
train/Malignant/ISPY2-105286/p-046,Malignant,True,train,3.008375779748286,hf_energy_frac(z=+3.0),0.5124819718725203,False
train/Malignant/ACRIN-6698-775346/p-019,Malignant,True,train,3.007118524023013,snr(z=+3.0),0.47932895026263067,False
train/Malignant/ISPY2-840501/p-060,Malignant,True,train,3.0069779678262067,noise_sigma(z=+3.0),0.5108345760886828,False
train/Malignant/ISPY2-572444/p-077,Malignant,True,train,3.0065666773103032,hf_energy_frac(z=+3.0),0.512450296944331,False
train/Malignant/ISPY2-905264/p-052,Malignant,True,train,3.0063163273432734,sharpness_lapvar(z=+3.0),0.5301961603606639,False
train/Malignant/ISPY2-824512/p-078,Malignant,True,train,3.005603284346821,hf_energy_frac(z=+3.0),0.5422265911581688,False
train/Malignant/ISPY2-236470/p-090,Malignant,True,train,3.00548641216049,hf_energy_frac(z=+3.0),0.5578738479785037,False
train/Malignant/ACRIN-6698-384830/p-072,Malignant,True,train,3.005393325105153,aspect_ratio(z=+3.0),0.5057487836001636,False
train/Malignant/ISPY2-255078/p-025,Malignant,True,train,3.0049860617839563,hf_energy_frac(z=+3.0),0.4767223858646829,False
train/Malignant/ISPY2-590220/p-043,Malignant,True,train,3.004755145261315,sharpness_lapvar(z=+3.0),0.5097252572551689,False
train/Malignant/ISPY2-802105/p-052,Malignant,True,train,3.0047368479819867,aspect_ratio(z=+3.0),0.483687007780585,False
train/Malignant/ACRIN-6698-343898/p-046,Malignant,True,train,3.0047278126394623,snr(z=+3.0),0.4621493054240559,False
train/Malignant/ACRIN-6698-938719/p-016,Malignant,True,train,3.004491664131071,entropy(z=-3.0),0.5894713342625958,True
val/Malignant/ISPY2-917762/p-027,Malignant,True,val,3.0043567383326653,height(z=+3.0),0.5003555805192726,False
train/Malignant/ISPY2-697098/p-033,Malignant,True,train,3.0043567383326653,height(z=+3.0),0.5033078574008046,False
val/Malignant/ISPY2-917762/p-028,Malignant,True,val,3.0043567383326653,height(z=+3.0),0.5028620986304655,False
train/Malignant/ISPY2-697098/p-044,Malignant,True,train,3.0043567383326653,height(z=+3.0),0.507718097831169,False
train/Malignant/ISPY2-697098/p-042,Malignant,True,train,3.0043567383326653,height(z=+3.0),0.5084294751421894,False
train/Malignant/ISPY2-974181/p-097,Malignant,True,train,3.004260603522964,hf_energy_frac(z=+3.0),0.5367529941552329,False
train/Malignant/ISPY2-341238/p-049,Malignant,True,train,3.00398294709796,dynamic_range(z=-3.0),0.5067526857795954,False
train/Malignant/ACRIN-6698-343898/p-045,Malignant,True,train,3.0032608832630525,snr(z=+3.0),0.47223992048845564,False
train/Malignant/ISPY2-422450/p-093,Malignant,True,train,3.0031236029157014,sharpness_lapvar(z=+3.0),0.47078553790946387,False
train/Malignant/ACRIN-6698-793155/p-092,Malignant,True,train,3.003098619923534,sharpness_lapvar(z=+3.0),0.4978506773935796,False
train/Malignant/ISPY2-108939/p-075,Malignant,True,train,3.0030813839322628,aspect_ratio(z=+3.0),0.4892987390503705,False
train/Malignant/ISPY2-640463/p-093,Malignant,True,train,3.0026632020600483,sharpness_lapvar(z=+3.0),0.45671947319847556,False
val/Malignant/ACRIN-6698-928815/p-063,Malignant,True,val,3.0026290071107726,snr(z=+3.0),0.5281681576175903,False
train/Malignant/ISPY2-188511/p-091,Malignant,True,train,3.002419145558577,noise_sigma(z=+3.0),0.5181971421886498,False
train/Malignant/ISPY2-451482/p-094,Malignant,True,train,3.0015533323453014,entropy(z=-3.0),0.5021771601040601,False
train/Malignant/ISPY2-573881/p-097,Malignant,True,train,3.001280979779124,sharpness_lapvar(z=+3.0),0.4539827090746558,False
train/Malignant/ISPY2-494022/p-023,Malignant,True,train,3.0001589832420037,contrast(z=+3.0),0.5008357241683444,False
train/Malignant/ISPY2-515105/p-100,Malignant,True,train,3.0000273681904175,hf_energy_frac(z=+3.0),0.5152793968300512,False
train/Malignant/ISPY2-596458/p-092,Malignant,True,train,2.9653653792538517,,0.6065024432864452,True
train/Malignant/ACRIN-6698-860243/p-066,Malignant,True,train,2.9431676743880004,,0.5820082868607731,True
train/Malignant/ISPY2-473505/p-054,Malignant,True,train,2.8624198896878075,,0.5820904045436588,True
train/Malignant/ACRIN-6698-407539/p-014,Malignant,True,train,2.8275856778332566,,0.599601714477002,True
train/Malignant/ISPY2-254273/p-064,Malignant,True,train,2.8068331836520675,,0.588555875122664,True
train/Malignant/ISPY2-414971/p-054,Malignant,True,train,2.7929026857538046,,0.5817069832784221,True
val/Malignant/ISPY2-246134/p-061,Malignant,True,val,2.726887584218183,,0.592958877195342,True
val/Malignant/ISPY2-246134/p-062,Malignant,True,val,2.7253352030752276,,0.5900168025764281,True
train/Malignant/ISPY2-552313/p-059,Malignant,True,train,2.686612035721448,,0.5944556149646434,True
train/Malignant/ISPY2-228192/p-117,Malignant,True,train,2.6862554614856426,,0.5828165613863519,True
train/Malignant/ACRIN-6698-641246/p-078,Malignant,True,train,2.607362415568192,,0.5828749850900664,True
train/Malignant/ISPY2-515281/p-016,Malignant,True,train,2.441211492148236,,0.620773561909746,True
train/Malignant/ISPY2-590220/p-054,Malignant,True,train,2.248368928726876,,0.5825515999125084,True
