sample_id,reasons,decision,note
train/Malignant/ISPY2-155171/p-120,aspect_ratio(z=+22.5),,
train/Malignant/ISPY2-953262/p-114,hf_energy_frac(z=+18.2),,
train/Malignant/ISPY2-573586/p-124,"hf_energy_frac(z=+17.6),aspect_ratio(z=+7.2)",,
val/Malignant/ACRIN-6698-805136/p-018,aspect_ratio(z=+15.3),,
train/Malignant/ISPY2-229824/p-112,hf_energy_frac(z=+14.5),,
val/Malignant/ACRIN-6698-805136/p-017,aspect_ratio(z=+14.1),,
val/Malignant/ISPY2-930853/p-026,"contrast(z=-3.6),entropy(z=-6.0),dynamic_range(z=-5.5),snr(z=+14.0)",,
val/Malignant/ISPY2-859699/p-100,hf_energy_frac(z=+13.7),,
train/Malignant/ISPY2-559021/p-131,aspect_ratio(z=+13.6),,
val/Malignant/ISPY2-910188/p-135,hf_energy_frac(z=+13.3),,
train/Malignant/ISPY2-282082/p-031,hf_energy_frac(z=+12.9),,
train/Malignant/ISPY2-414286/p-099,hf_energy_frac(z=+12.7),,
train/Malignant/ACRIN-6698-275034/p-034,snr(z=+12.5),,
train/Malignant/ISPY2-924812/p-129,hf_energy_frac(z=+12.5),,
train/Malignant/ACRIN-6698-900959/p-072,entropy(z=-12.5),,
train/Malignant/ISPY2-955953/p-027,entropy(z=-12.4),,
train/Malignant/ACRIN-6698-275034/p-033,snr(z=+12.3),,
train/Malignant/ACRIN-6698-275034/p-030,snr(z=+12.2),,
train/Malignant/ACRIN-6698-275034/p-037,snr(z=+12.2),,
train/Malignant/ACRIN-6698-275034/p-036,snr(z=+12.1),,
train/Malignant/ACRIN-6698-275034/p-038,snr(z=+12.1),,
val/Malignant/ISPY2-859699/p-083,hf_energy_frac(z=+12.0),,
train/Malignant/ISPY2-109980/p-022,aspect_ratio(z=+12.0),,
train/Malignant/ACRIN-6698-900959/p-073,"entropy(z=-11.9),snr(z=+3.9)",,
train/Malignant/ACRIN-6698-275034/p-035,snr(z=+11.9),,
train/Malignant/ISPY2-666450/p-011,aspect_ratio(z=+11.8),,
train/Malignant/ISPY2-229824/p-111,hf_energy_frac(z=+11.8),,
train/Malignant/ISPY2-953262/p-113,"sharpness_lapvar(z=+3.3),hf_energy_frac(z=+11.7)",,
train/Malignant/ISPY2-155171/p-119,aspect_ratio(z=+11.5),,
train/Malignant/ISPY2-953262/p-109,"sharpness_lapvar(z=+4.6),hf_energy_frac(z=+11.4)",,
train/Malignant/ISPY2-666450/p-012,aspect_ratio(z=+11.4),,
train/Malignant/ACRIN-6698-275034/p-031,snr(z=+11.4),,
train/Malignant/ISPY2-824512/p-094,hf_energy_frac(z=+11.4),,
train/Malignant/ISPY2-940186/p-018,"dynamic_range(z=-3.6),aspect_ratio(z=+11.3)",,
train/Malignant/ACRIN-6698-275034/p-032,snr(z=+11.3),,
val/Malignant/ISPY2-859699/p-099,hf_energy_frac(z=+11.2),,
train/Malignant/ACRIN-6698-900959/p-074,"entropy(z=-11.0),snr(z=+4.3)",,
train/Malignant/ISPY2-573586/p-122,aspect_ratio(z=+10.9),,
train/Malignant/ACRIN-6698-275034/p-029,snr(z=+10.9),,
train/Malignant/ACRIN-6698-275034/p-039,snr(z=+10.8),,
train/Malignant/ISPY2-559021/p-132,aspect_ratio(z=+10.7),,
val/Malignant/ISPY2-859699/p-097,hf_energy_frac(z=+10.7),,
train/Malignant/ISPY2-955953/p-028,entropy(z=-10.6),,
train/Malignant/ISPY2-987995/p-120,hf_energy_frac(z=+10.6),,
train/Malignant/ACRIN-6698-275034/p-040,snr(z=+10.4),,
train/Malignant/ISPY2-155171/p-118,"hf_energy_frac(z=+3.2),aspect_ratio(z=+10.4)",,
train/Malignant/ISPY2-212307/p-119,hf_energy_frac(z=+10.3),,
train/Malignant/ISPY2-414286/p-097,hf_energy_frac(z=+10.3),,
train/Malignant/ISPY2-934459/p-063,hf_energy_frac(z=+10.1),,
train/Malignant/ACRIN-6698-275034/p-028,snr(z=+10.1),,
train/Malignant/ISPY2-188511/p-062,"sharpness_lapvar(z=+4.1),noise_sigma(z=+4.5),hf_energy_frac(z=+10.1)",,
train/Malignant/ISPY2-120001/p-039,"contrast(z=-3.2),hf_energy_frac(z=+10.1)",,
train/Malignant/ISPY2-188511/p-059,"sharpness_lapvar(z=+3.3),noise_sigma(z=+3.9),hf_energy_frac(z=+10.0)",,
val/Malignant/ISPY2-123660/p-093,hf_energy_frac(z=+9.9),,
train/Malignant/ACRIN-6698-275034/p-042,snr(z=+9.8),,
train/Malignant/ISPY2-318407/p-106,hf_energy_frac(z=+9.8),,
train/Malignant/ISPY2-824512/p-052,"noise_sigma(z=+3.0),hf_energy_frac(z=+9.8)",,
train/Malignant/ACRIN-6698-275034/p-044,snr(z=+9.7),,
train/Malignant/ISPY2-559021/p-133,aspect_ratio(z=+9.7),,
train/Malignant/ACRIN-6698-275034/p-041,snr(z=+9.6),,
train/Malignant/ISPY2-252748/p-039,hf_energy_frac(z=+9.6),,
train/Malignant/ACRIN-6698-275034/p-027,"dynamic_range(z=-3.1),snr(z=+9.6)",,
train/Malignant/ISPY2-342996/p-035,aspect_ratio(z=+9.5),,
train/Malignant/ISPY2-342996/p-034,aspect_ratio(z=+9.4),,
val/Malignant/ISPY2-859699/p-098,hf_energy_frac(z=+9.3),,
train/Malignant/ISPY2-790722/p-066,aspect_ratio(z=+9.3),,
train/Malignant/ACRIN-6698-275034/p-043,snr(z=+9.3),,
train/Malignant/ISPY2-360937/p-008,aspect_ratio(z=+9.2),,
train/Malignant/ISPY2-159352/p-058,hf_energy_frac(z=+9.2),,
train/Malignant/ISPY2-573586/p-123,aspect_ratio(z=+9.1),,
train/Malignant/ACRIN-6698-275034/p-026,"dynamic_range(z=-3.0),snr(z=+9.1)",,
train/Malignant/ISPY2-570148/p-013,aspect_ratio(z=+9.1),,
train/Malignant/ISPY2-590220/p-048,hf_energy_frac(z=+9.1),,
train/Malignant/ISPY2-188511/p-058,"sharpness_lapvar(z=+3.1),noise_sigma(z=+3.6),hf_energy_frac(z=+9.0)",,
train/Malignant/ISPY2-159352/p-057,hf_energy_frac(z=+9.0),,
train/Malignant/ISPY2-303947/p-098,"sharpness_lapvar(z=+3.8),hf_energy_frac(z=+9.0)",,
train/Malignant/ISPY2-182346/p-051,hf_energy_frac(z=+9.0),,
train/Malignant/ISPY2-924812/p-128,hf_energy_frac(z=+9.0),,
train/Malignant/ISPY2-255577/p-033,"entropy(z=-7.0),snr(z=+8.9)",,
train/Malignant/ISPY2-188511/p-063,"sharpness_lapvar(z=+3.7),noise_sigma(z=+4.1),hf_energy_frac(z=+8.9)",,
train/Malignant/ACRIN-6698-511851/p-038,"contrast(z=-4.0),entropy(z=-4.6),dynamic_range(z=-8.9)",,
train/Malignant/ACRIN-6698-345907/p-022,"contrast(z=-3.9),entropy(z=-5.5),dynamic_range(z=-8.8),snr(z=+6.0)",,
train/Malignant/ISPY2-591180/p-024,entropy(z=-8.7),,
train/Malignant/ISPY2-666450/p-013,aspect_ratio(z=+8.7),,
train/Malignant/ISPY2-974181/p-127,hf_energy_frac(z=+8.7),,
train/Malignant/ISPY2-596079/p-027,hf_energy_frac(z=+8.6),,
train/Malignant/ACRIN-6698-685795/p-042,"entropy(z=-8.6),snr(z=+3.3)",,
train/Malignant/ACRIN-6698-685795/p-044,entropy(z=-8.6),,
val/Malignant/ISPY2-123660/p-035,hf_energy_frac(z=+8.6),,
train/Malignant/ISPY2-824512/p-059,"sharpness_lapvar(z=+3.5),noise_sigma(z=+3.3),hf_energy_frac(z=+8.6)",,
train/Malignant/ACRIN-6698-685795/p-043,entropy(z=-8.6),,
val/Malignant/ISPY2-859699/p-101,hf_energy_frac(z=+8.6),,
train/Malignant/ACRIN-6698-687288/p-024,hf_energy_frac(z=+8.5),,
train/Malignant/ISPY2-141782/p-084,hf_energy_frac(z=+8.5),,
train/Malignant/ACRIN-6698-651145/p-053,aspect_ratio(z=+8.5),,
train/Malignant/ISPY2-974181/p-119,hf_energy_frac(z=+8.4),,
train/Malignant/ISPY2-282082/p-042,hf_energy_frac(z=+8.4),,
train/Malignant/ISPY2-318438/p-110,"sharpness_lapvar(z=+3.3),noise_sigma(z=+3.1),hf_energy_frac(z=+8.3)",,
train/Malignant/ACRIN-6698-685795/p-050,"contrast(z=-3.1),entropy(z=-8.3),dynamic_range(z=-5.1),snr(z=+3.3)",,
train/Malignant/ISPY2-155171/p-117,aspect_ratio(z=+8.3),,
train/Malignant/ISPY2-318438/p-109,"sharpness_lapvar(z=+3.5),noise_sigma(z=+3.3),hf_energy_frac(z=+8.3)",,
train/Malignant/ISPY2-229824/p-110,hf_energy_frac(z=+8.3),,
train/Malignant/ISPY2-934459/p-062,hf_energy_frac(z=+8.3),,
train/Malignant/ISPY2-974181/p-120,hf_energy_frac(z=+8.3),,
train/Malignant/ISPY2-885590/p-095,hf_energy_frac(z=+8.2),,
train/Malignant/ISPY2-451482/p-111,"sharpness_lapvar(z=+3.7),noise_sigma(z=+3.9),hf_energy_frac(z=+8.2)",,
train/Malignant/ISPY2-627981/p-116,"sharpness_lapvar(z=+5.5),noise_sigma(z=+5.1),hf_energy_frac(z=+8.2)",,
val/Malignant/ISPY2-859699/p-096,hf_energy_frac(z=+8.2),,
train/Malignant/ISPY2-318407/p-105,hf_energy_frac(z=+8.2),,
train/Malignant/ACRIN-6698-638126/p-010,aspect_ratio(z=+8.1),,
train/Malignant/ISPY2-282082/p-119,hf_energy_frac(z=+8.1),,
train/Malignant/ISPY2-768214/p-052,"dynamic_range(z=-3.8),hf_energy_frac(z=+8.1)",,
train/Malignant/ISPY2-313243/p-050,hf_energy_frac(z=+8.1),,
train/Malignant/ISPY2-831702/p-058,hf_energy_frac(z=+8.1),,
train/Malignant/ISPY2-607047/p-105,hf_energy_frac(z=+8.0),,
train/Malignant/ACRIN-6698-162562/p-038,aspect_ratio(z=+8.0),,
train/Malignant/ISPY2-342996/p-036,"snr(z=+3.2),aspect_ratio(z=+8.0)",,
train/Malignant/ISPY2-824512/p-056,"sharpness_lapvar(z=+3.2),noise_sigma(z=+3.1),hf_energy_frac(z=+8.0)",,
train/Malignant/ISPY2-342996/p-037,"snr(z=+4.0),aspect_ratio(z=+7.9)",,
val/Malignant/ISPY2-859699/p-082,hf_energy_frac(z=+7.9),,
train/Malignant/ISPY2-591180/p-023,entropy(z=-7.9),,
train/Malignant/ACRIN-6698-607843/p-006,hf_energy_frac(z=+7.9),,
train/Malignant/ISPY2-282082/p-030,hf_energy_frac(z=+7.9),,
train/Malignant/ISPY2-532183/p-111,aspect_ratio(z=+7.9),,
val/Malignant/ISPY2-178815/p-017,aspect_ratio(z=+7.9),,
train/Malignant/ISPY2-532183/p-112,aspect_ratio(z=+7.9),,
train/Malignant/ISPY2-303947/p-097,"sharpness_lapvar(z=+4.1),noise_sigma(z=+3.3),hf_energy_frac(z=+7.9)",,
train/Malignant/ISPY2-282082/p-032,hf_energy_frac(z=+7.9),,
train/Malignant/ISPY2-188511/p-061,"sharpness_lapvar(z=+3.6),noise_sigma(z=+4.2),hf_energy_frac(z=+7.9)",,
val/Malignant/ISPY2-178815/p-018,aspect_ratio(z=+7.9),,
train/Malignant/ISPY2-851180/p-064,hf_energy_frac(z=+7.8),,
train/Malignant/ISPY2-451482/p-116,"sharpness_lapvar(z=+4.2),noise_sigma(z=+4.5),hf_energy_frac(z=+7.8)",,
train/Malignant/ISPY2-598798/p-020,aspect_ratio(z=+7.8),,
train/Malignant/ISPY2-598798/p-021,aspect_ratio(z=+7.8),,
train/Malignant/ACRIN-6698-734997/p-089,aspect_ratio(z=+7.8),,
train/Malignant/ACRIN-6698-734997/p-090,aspect_ratio(z=+7.8),,
train/Malignant/ACRIN-6698-900959/p-071,entropy(z=-7.8),,
train/Malignant/ISPY2-824512/p-058,"sharpness_lapvar(z=+3.4),noise_sigma(z=+3.3),hf_energy_frac(z=+7.8)",,
val/Malignant/ISPY2-178815/p-022,aspect_ratio(z=+7.7),,
train/Malignant/ACRIN-6698-342959/p-050,hf_energy_frac(z=+7.7),,
train/Malignant/ISPY2-437162/p-060,entropy(z=-7.7),,
train/Malignant/ISPY2-303947/p-099,"sharpness_lapvar(z=+3.6),hf_energy_frac(z=+7.7)",,
train/Malignant/ACRIN-6698-687288/p-025,hf_energy_frac(z=+7.7),,
train/Malignant/ISPY2-974181/p-126,hf_energy_frac(z=+7.7),,
train/Malignant/ISPY2-437162/p-061,entropy(z=-7.7),,
train/Malignant/ISPY2-235995/p-028,"entropy(z=-7.7),snr(z=+4.0)",,
train/Malignant/ISPY2-527581/p-056,"entropy(z=-7.6),dynamic_range(z=-3.3)",,
val/Malignant/ACRIN-6698-375954/p-032,hf_energy_frac(z=+7.6),,
train/Malignant/ISPY2-974181/p-125,hf_energy_frac(z=+7.6),,
train/Malignant/ACRIN-6698-685795/p-041,entropy(z=-7.6),,
train/Malignant/ISPY2-342996/p-038,"snr(z=+3.8),aspect_ratio(z=+7.5)",,
train/Malignant/ACRIN-6698-169918/p-018,"hf_energy_frac(z=+7.5),aspect_ratio(z=+4.6)",,
train/Malignant/ISPY2-451482/p-115,"sharpness_lapvar(z=+4.2),noise_sigma(z=+4.4),hf_energy_frac(z=+7.5),aspect_ratio(z=+3.3)",,
train/Malignant/ISPY2-916586/p-036,"entropy(z=-7.5),dynamic_range(z=-4.0)",,
train/Malignant/ISPY2-916586/p-038,entropy(z=-7.5),,
train/Malignant/ACRIN-6698-685795/p-045,entropy(z=-7.5),,
train/Malignant/ISPY2-437162/p-062,entropy(z=-7.5),,
val/Malignant/ISPY2-178815/p-061,aspect_ratio(z=+7.5),,
train/Malignant/ISPY2-934459/p-060,hf_energy_frac(z=+7.5),,
train/Malignant/ISPY2-235995/p-027,entropy(z=-7.5),,
train/Malignant/ISPY2-235995/p-029,"entropy(z=-7.5),snr(z=+3.8)",,
train/Malignant/ISPY2-437162/p-057,"entropy(z=-7.4),snr(z=+3.4)",,
train/Malignant/ACRIN-6698-139973/p-022,aspect_ratio(z=+7.4),,
train/Malignant/ISPY2-437162/p-059,"entropy(z=-7.4),snr(z=+3.1)",,
val/Malignant/ISPY2-151481/p-107,hf_energy_frac(z=+7.4),,
train/Malignant/ISPY2-473505/p-060,hf_energy_frac(z=+7.4),,
train/Malignant/ISPY2-824512/p-060,"sharpness_lapvar(z=+3.2),entropy(z=-3.0),hf_energy_frac(z=+7.4)",,
train/Malignant/ISPY2-201831/p-043,"contrast(z=-3.4),entropy(z=-3.2),dynamic_range(z=-7.4)",,
train/Malignant/ACRIN-6698-280375/p-025,"contrast(z=-3.5),entropy(z=-3.4),dynamic_range(z=-7.3),snr(z=+3.1)",,
train/Malignant/ISPY2-201831/p-038,"contrast(z=-3.9),entropy(z=-7.2),dynamic_range(z=-7.3),snr(z=+4.2)",,
train/Malignant/ISPY2-924868/p-056,hf_energy_frac(z=+7.3),,
train/Malignant/ISPY2-567907/p-077,aspect_ratio(z=+7.3),,
train/Malignant/ISPY2-342996/p-039,"snr(z=+3.9),aspect_ratio(z=+7.3)",,
train/Malignant/ISPY2-570685/p-036,"contrast(z=-3.5),dynamic_range(z=-7.3),snr(z=+4.4)",,
train/Malignant/ISPY2-120001/p-038,"contrast(z=-3.3),dynamic_range(z=-7.3)",,
train/Malignant/ISPY2-151980/p-099,hf_energy_frac(z=+7.3),,
train/Malignant/ISPY2-342996/p-033,aspect_ratio(z=+7.3),,
train/Malignant/ISPY2-414286/p-098,hf_energy_frac(z=+7.3),,
val/Malignant/ISPY2-151481/p-105,hf_energy_frac(z=+7.2),,
train/Malignant/ISPY2-201831/p-037,"contrast(z=-3.9),entropy(z=-6.8),dynamic_range(z=-7.2),snr(z=+3.4)",,
train/Malignant/ISPY2-598798/p-022,aspect_ratio(z=+7.2),,
train/Malignant/ISPY2-201831/p-034,"contrast(z=-3.5),entropy(z=-3.7),dynamic_range(z=-7.2)",,
train/Malignant/ISPY2-974181/p-124,hf_energy_frac(z=+7.2),,
train/Malignant/ISPY2-188511/p-064,"noise_sigma(z=+3.4),hf_energy_frac(z=+7.2)",,
train/Malignant/ACRIN-6698-685795/p-033,entropy(z=-7.2),,
val/Malignant/ISPY2-178815/p-023,aspect_ratio(z=+7.1),,
train/Malignant/ISPY2-349639/p-118,"sharpness_lapvar(z=+3.1),hf_energy_frac(z=+7.1)",,
train/Malignant/ISPY2-689188/p-020,"contrast(z=-3.5),entropy(z=-3.9),dynamic_range(z=-7.1),snr(z=+3.7)",,
train/Malignant/ISPY2-303947/p-096,"sharpness_lapvar(z=+3.8),noise_sigma(z=+3.5),hf_energy_frac(z=+7.1)",,
train/Malignant/ISPY2-532183/p-110,aspect_ratio(z=+7.1),,
train/Malignant/ISPY2-418593/p-098,hf_energy_frac(z=+7.1),,
train/Malignant/ISPY2-248255/p-062,"contrast(z=-3.2),entropy(z=-6.9),dynamic_range(z=-7.1)",,
val/Malignant/ISPY2-986734/p-032,hf_energy_frac(z=+7.1),,
train/Malignant/ISPY2-248255/p-063,"contrast(z=-3.4),entropy(z=-6.4),dynamic_range(z=-7.0)",,
train/Malignant/ISPY2-491779/p-062,hf_energy_frac(z=+7.0),,
train/Malignant/ISPY2-808714/p-103,"entropy(z=-7.0),dynamic_range(z=-6.3)",,
train/Malignant/ISPY2-437162/p-058,entropy(z=-7.0),,
train/Malignant/ACRIN-6698-685795/p-032,entropy(z=-7.0),,
train/Malignant/ACRIN-6698-685795/p-049,"entropy(z=-7.0),dynamic_range(z=-3.6)",,
train/Malignant/ISPY2-527581/p-055,entropy(z=-7.0),,
train/Malignant/ISPY2-437162/p-056,"entropy(z=-7.0),snr(z=+3.3)",,
val/Malignant/ISPY2-896939/p-138,aspect_ratio(z=+6.9),,
train/Malignant/ISPY2-349639/p-125,hf_energy_frac(z=+6.9),,
train/Malignant/ISPY2-706943/p-063,aspect_ratio(z=+6.9),,
train/Malignant/ACRIN-6698-863161/p-107,"sharpness_lapvar(z=+4.0),noise_sigma(z=+3.0),hf_energy_frac(z=+6.9)",,
train/Malignant/ISPY2-236470/p-084,"contrast(z=-3.0),dynamic_range(z=-6.9)",,
train/Malignant/ACRIN-6698-148357/p-063,aspect_ratio(z=+6.9),,
train/Malignant/ISPY2-590220/p-047,hf_energy_frac(z=+6.9),,
train/Malignant/ACRIN-6698-280375/p-026,"contrast(z=-3.5),dynamic_range(z=-6.9),snr(z=+3.1)",,
train/Malignant/ISPY2-570685/p-028,"contrast(z=-3.4),dynamic_range(z=-6.9),snr(z=+3.1)",,
train/Malignant/ISPY2-201831/p-040,"contrast(z=-3.2),entropy(z=-4.3),dynamic_range(z=-6.9)",,
train/Malignant/ISPY2-201831/p-044,"contrast(z=-3.4),dynamic_range(z=-6.9)",,
train/Malignant/ISPY2-824512/p-051,hf_energy_frac(z=+6.9),,
train/Malignant/ISPY2-248255/p-061,"entropy(z=-3.3),dynamic_range(z=-6.8)",,
train/Malignant/ACRIN-6698-685795/p-040,entropy(z=-6.8),,
train/Malignant/ISPY2-451482/p-067,"sharpness_lapvar(z=+5.9),noise_sigma(z=+6.8)",,
train/Malignant/ISPY2-235995/p-030,"entropy(z=-6.8),snr(z=+3.4)",,
train/Malignant/ISPY2-953262/p-110,"sharpness_lapvar(z=+4.1),noise_sigma(z=+3.2),hf_energy_frac(z=+6.8)",,
train/Malignant/ISPY2-201831/p-041,"contrast(z=-3.5),entropy(z=-3.9),dynamic_range(z=-6.8)",,
train/Malignant/ISPY2-953262/p-118,hf_energy_frac(z=+6.7),,
val/Malignant/ISPY2-896939/p-137,aspect_ratio(z=+6.7),,
train/Malignant/ACRIN-6698-685795/p-046,entropy(z=-6.7),,
train/Malignant/ISPY2-953262/p-075,"sharpness_lapvar(z=+4.1),hf_energy_frac(z=+6.7)",,
train/Malignant/ACRIN-6698-685795/p-048,entropy(z=-6.7),,
train/Malignant/ISPY2-437162/p-063,entropy(z=-6.7),,
train/Malignant/ISPY2-451482/p-079,"noise_sigma(z=+3.1),hf_energy_frac(z=+6.7)",,
train/Malignant/ISPY2-701790/p-060,entropy(z=-6.7),,
train/Malignant/ISPY2-955953/p-029,entropy(z=-6.7),,
train/Malignant/ISPY2-349639/p-117,hf_energy_frac(z=+6.7),,
train/Malignant/ISPY2-414286/p-096,hf_energy_frac(z=+6.7),,
val/Malignant/ISPY2-790070/p-014,aspect_ratio(z=+6.7),,
train/Malignant/ISPY2-598798/p-027,"sharpness_lapvar(z=+3.1),aspect_ratio(z=+6.7)",,
train/Malignant/ISPY2-201831/p-039,"contrast(z=-3.5),entropy(z=-5.9),dynamic_range(z=-6.7)",,
train/Malignant/ACRIN-6698-860243/p-022,aspect_ratio(z=+6.6),,
train/Malignant/ISPY2-252748/p-040,hf_energy_frac(z=+6.6),,
train/Malignant/ISPY2-701790/p-057,entropy(z=-6.6),,
train/Malignant/ISPY2-443444/p-018,aspect_ratio(z=+6.6),,
train/Malignant/ISPY2-141782/p-085,hf_energy_frac(z=+6.6),,
train/Malignant/ISPY2-953262/p-108,"sharpness_lapvar(z=+4.3),hf_energy_frac(z=+6.6)",,
train/Malignant/ISPY2-627981/p-121,"sharpness_lapvar(z=+6.6),noise_sigma(z=+5.9)",,
train/Malignant/ISPY2-701790/p-058,entropy(z=-6.6),,
train/Malignant/ISPY2-437162/p-055,entropy(z=-6.6),,
train/Malignant/ISPY2-532183/p-109,aspect_ratio(z=+6.6),,
train/Malignant/ISPY2-824512/p-055,hf_energy_frac(z=+6.6),,
train/Malignant/ISPY2-255577/p-032,"entropy(z=-5.8),snr(z=+6.5)",,
train/Malignant/ACRIN-6698-506623/p-071,"hf_energy_frac(z=+6.5),aspect_ratio(z=+5.3)",,
train/Malignant/ISPY2-899381/p-022,"entropy(z=-4.6),dynamic_range(z=-5.2),snr(z=+6.5)",,
train/Malignant/ACRIN-6698-860243/p-019,aspect_ratio(z=+6.5),,
train/Malignant/ACRIN-6698-860243/p-020,aspect_ratio(z=+6.5),,
train/Malignant/ISPY2-824512/p-065,hf_energy_frac(z=+6.5),,
train/Malignant/ISPY2-446263/p-021,"contrast(z=-3.1),dynamic_range(z=-6.5)",,
train/Malignant/ISPY2-301968/p-064,entropy(z=-6.5),,
train/Malignant/ISPY2-111344/p-073,hf_energy_frac(z=+6.5),,
train/Malignant/ISPY2-955953/p-030,entropy(z=-6.5),,
train/Malignant/ISPY2-701790/p-059,entropy(z=-6.4),,
train/Malignant/ISPY2-446263/p-020,"contrast(z=-3.1),dynamic_range(z=-6.4),snr(z=+3.5)",,
train/Malignant/ISPY2-552313/p-096,hf_energy_frac(z=+6.4),,
train/Malignant/ACRIN-6698-685795/p-039,entropy(z=-6.4),,
train/Malignant/ISPY2-201831/p-036,"contrast(z=-3.7),entropy(z=-5.8),dynamic_range(z=-6.4)",,
train/Malignant/ISPY2-155171/p-116,aspect_ratio(z=+6.4),,
train/Malignant/ISPY2-596079/p-026,hf_energy_frac(z=+6.4),,
train/Malignant/ISPY2-974181/p-082,hf_energy_frac(z=+6.4),,
train/Malignant/ISPY2-141782/p-087,hf_energy_frac(z=+6.4),,
train/Malignant/ISPY2-597253/p-042,"sharpness_lapvar(z=+6.4),noise_sigma(z=+5.1)",,
train/Malignant/ISPY2-570685/p-038,dynamic_range(z=-6.4),,
train/Malignant/ACRIN-6698-547892/p-022,dynamic_range(z=-6.4),,
train/Malignant/ISPY2-201831/p-045,"contrast(z=-3.1),dynamic_range(z=-6.4)",,
val/Malignant/ISPY2-896939/p-135,aspect_ratio(z=+6.4),,
val/Malignant/ISPY2-896939/p-136,aspect_ratio(z=+6.4),,
train/Malignant/ISPY2-706943/p-064,aspect_ratio(z=+6.4),,
train/Malignant/ISPY2-953262/p-078,"sharpness_lapvar(z=+4.0),hf_energy_frac(z=+6.3)",,
train/Malignant/ACRIN-6698-685795/p-047,entropy(z=-6.3),,
train/Malignant/ISPY2-824512/p-057,"sharpness_lapvar(z=+3.3),noise_sigma(z=+3.2),hf_energy_frac(z=+6.3)",,
train/Malignant/ISPY2-701790/p-061,entropy(z=-6.3),,
train/Malignant/ACRIN-6698-609151/p-033,"entropy(z=-6.3),snr(z=+5.0)",,
train/Malignant/ISPY2-301968/p-066,entropy(z=-6.2),,
train/Malignant/ISPY2-953262/p-076,"sharpness_lapvar(z=+4.2),hf_energy_frac(z=+6.2)",,
train/Malignant/ISPY2-604326/p-016,aspect_ratio(z=+6.2),,
val/Malignant/ISPY2-930853/p-030,"entropy(z=-5.1),snr(z=+6.2)",,
val/Malignant/ISPY2-178815/p-021,aspect_ratio(z=+6.2),,
val/Malignant/ISPY2-157463/p-026,"dynamic_range(z=-4.8),snr(z=+6.2),aspect_ratio(z=+5.8)",,
train/Malignant/ISPY2-360937/p-009,aspect_ratio(z=+6.2),,
train/Malignant/ISPY2-598798/p-029,"sharpness_lapvar(z=+3.1),aspect_ratio(z=+6.2)",,
val/Malignant/ISPY2-459311/p-018,"contrast(z=-3.0),entropy(z=-3.9),dynamic_range(z=-6.2)",,
train/Malignant/ISPY2-235995/p-026,entropy(z=-6.2),,
train/Malignant/ISPY2-483910/p-047,hf_energy_frac(z=+6.2),,
train/Malignant/ISPY2-987995/p-119,hf_energy_frac(z=+6.2),,
train/Malignant/ACRIN-6698-263143/p-007,dynamic_range(z=-6.2),,
train/Malignant/ISPY2-532183/p-108,aspect_ratio(z=+6.2),,
train/Malignant/ISPY2-531672/p-081,"sharpness_lapvar(z=+5.4),noise_sigma(z=+6.2)",,
train/Malignant/ISPY2-824512/p-092,hf_energy_frac(z=+6.2),,
train/Malignant/ISPY2-876511/p-054,hf_energy_frac(z=+6.2),,
train/Malignant/ISPY2-570685/p-037,dynamic_range(z=-6.2),,
train/Malignant/ACRIN-6698-856159/p-035,aspect_ratio(z=+6.1),,
train/Malignant/ISPY2-627981/p-118,"sharpness_lapvar(z=+6.1),noise_sigma(z=+5.5)",,
train/Malignant/ISPY2-318407/p-102,hf_energy_frac(z=+6.1),,
train/Malignant/ISPY2-235995/p-031,"entropy(z=-6.1),snr(z=+3.0)",,
train/Malignant/ACRIN-6698-687288/p-026,hf_energy_frac(z=+6.1),,
train/Malignant/ACRIN-6698-421917/p-011,aspect_ratio(z=+6.1),,
train/Malignant/ACRIN-6698-421917/p-010,aspect_ratio(z=+6.1),,
train/Malignant/ISPY2-201831/p-042,"contrast(z=-3.4),entropy(z=-3.3),dynamic_range(z=-6.1)",,
train/Malignant/ACRIN-6698-973837/p-063,aspect_ratio(z=+6.1),,
train/Malignant/ISPY2-380972/p-023,snr(z=+6.1),,
train/Malignant/ISPY2-489194/p-054,aspect_ratio(z=+6.1),,
train/Malignant/ISPY2-252748/p-038,hf_energy_frac(z=+6.1),,
train/Malignant/ISPY2-590220/p-049,hf_energy_frac(z=+6.1),,
train/Malignant/ISPY2-934459/p-057,hf_energy_frac(z=+6.1),,
train/Malignant/ISPY2-155171/p-115,aspect_ratio(z=+6.1),,
train/Malignant/ACRIN-6698-317641/p-037,"entropy(z=-3.6),snr(z=+6.0),aspect_ratio(z=+5.0)",,
train/Malignant/ISPY2-342996/p-040,"snr(z=+4.2),aspect_ratio(z=+6.0)",,
train/Malignant/ISPY2-768214/p-048,"dynamic_range(z=-3.6),hf_energy_frac(z=+6.0)",,
train/Malignant/ISPY2-131595/p-027,"contrast(z=-3.1),dynamic_range(z=-6.0)",,
train/Malignant/ISPY2-229144/p-003,hf_energy_frac(z=+6.0),,
train/Malignant/ISPY2-493519/p-075,hf_energy_frac(z=+6.0),,
train/Malignant/ISPY2-461824/p-041,"dynamic_range(z=-5.1),snr(z=+6.0)",,
train/Malignant/ISPY2-236470/p-082,"contrast(z=-3.2),dynamic_range(z=-6.0)",,
train/Malignant/ISPY2-122579/p-058,aspect_ratio(z=+6.0),,
train/Malignant/ISPY2-122579/p-059,aspect_ratio(z=+6.0),,
train/Malignant/ISPY2-531672/p-079,"sharpness_lapvar(z=+4.9),noise_sigma(z=+6.0)",,
train/Malignant/ISPY2-331192/p-100,hf_energy_frac(z=+6.0),,
train/Malignant/ISPY2-824512/p-053,"sharpness_lapvar(z=+3.1),noise_sigma(z=+3.1),hf_energy_frac(z=+6.0)",,
train/Malignant/ISPY2-201831/p-033,"contrast(z=-3.5),entropy(z=-4.2),dynamic_range(z=-6.0)",,
train/Malignant/ISPY2-570685/p-025,"dynamic_range(z=-6.0),snr(z=+3.4)",,
train/Malignant/ACRIN-6698-169918/p-025,aspect_ratio(z=+6.0),,
train/Malignant/ISPY2-974181/p-121,hf_energy_frac(z=+6.0),,
val/Malignant/ISPY2-859699/p-086,hf_energy_frac(z=+6.0),,
train/Malignant/ISPY2-953262/p-081,"sharpness_lapvar(z=+5.9),noise_sigma(z=+3.7)",,
train/Malignant/ISPY2-201831/p-026,entropy(z=-5.9),,
train/Malignant/ISPY2-701790/p-056,entropy(z=-5.9),,
train/Malignant/ISPY2-446263/p-023,"contrast(z=-3.1),dynamic_range(z=-5.9)",,
train/Malignant/ACRIN-6698-685795/p-034,entropy(z=-5.9),,
train/Malignant/ISPY2-531672/p-080,"sharpness_lapvar(z=+5.2),noise_sigma(z=+5.9)",,
train/Malignant/ISPY2-264678/p-053,hf_energy_frac(z=+5.9),,
train/Malignant/ACRIN-6698-421917/p-012,aspect_ratio(z=+5.9),,
train/Malignant/ACRIN-6698-685795/p-038,entropy(z=-5.9),,
train/Malignant/ISPY2-627981/p-120,"sharpness_lapvar(z=+5.9),noise_sigma(z=+5.7)",,
train/Malignant/ISPY2-414286/p-100,hf_energy_frac(z=+5.9),,
train/Malignant/ACRIN-6698-943633/p-066,"contrast(z=-3.4),dynamic_range(z=-5.9),aspect_ratio(z=+3.5)",,
train/Malignant/ACRIN-6698-383456/p-032,dynamic_range(z=-5.9),,
train/Malignant/ISPY2-573586/p-125,"hf_energy_frac(z=+4.1),aspect_ratio(z=+5.9)",,
val/Malignant/ISPY2-896939/p-134,aspect_ratio(z=+5.9),,
train/Malignant/ACRIN-6698-506623/p-072,"hf_energy_frac(z=+5.9),aspect_ratio(z=+4.1)",,
train/Malignant/ACRIN-6698-652480/p-068,hf_energy_frac(z=+5.9),,
train/Malignant/ACRIN-6698-280375/p-046,"contrast(z=-3.4),dynamic_range(z=-5.9)",,
train/Malignant/ISPY2-155171/p-114,aspect_ratio(z=+5.9),,
train/Malignant/ISPY2-446263/p-024,"contrast(z=-3.1),dynamic_range(z=-5.9)",,
train/Malignant/ISPY2-485637/p-131,hf_energy_frac(z=+5.9),,
train/Malignant/ISPY2-531672/p-082,"sharpness_lapvar(z=+4.9),noise_sigma(z=+5.9)",,
train/Malignant/ISPY2-726381/p-085,hf_energy_frac(z=+5.9),,
train/Malignant/ISPY2-446263/p-027,dynamic_range(z=-5.8),,
train/Malignant/ISPY2-572444/p-030,"sharpness_lapvar(z=+4.0),noise_sigma(z=+5.8)",,
train/Malignant/ISPY2-904269/p-044,dynamic_range(z=-5.8),,
train/Malignant/ACRIN-6698-522140/p-035,"dynamic_range(z=-5.8),snr(z=+3.4)",,
train/Malignant/ACRIN-6698-522140/p-034,"dynamic_range(z=-5.8),snr(z=+3.1)",,
train/Malignant/ISPY2-746265/p-020,snr(z=+5.8),,
train/Malignant/ISPY2-997702/p-117,aspect_ratio(z=+5.8),,
train/Malignant/ISPY2-446263/p-022,"contrast(z=-3.1),dynamic_range(z=-5.8)",,
train/Malignant/ISPY2-790722/p-065,aspect_ratio(z=+5.8),,
train/Malignant/ISPY2-199115/p-011,dynamic_range(z=-5.8),,
train/Malignant/ACRIN-6698-280375/p-043,"contrast(z=-3.3),dynamic_range(z=-5.8)",,
train/Malignant/ISPY2-972307/p-025,aspect_ratio(z=+5.8),,
train/Malignant/ACRIN-6698-786753/p-039,"sharpness_lapvar(z=+5.8),noise_sigma(z=+5.3)",,
train/Malignant/ISPY2-596079/p-028,"sharpness_lapvar(z=+5.8),noise_sigma(z=+4.0)",,
train/Malignant/ISPY2-802778/p-012,"entropy(z=-3.6),dynamic_range(z=-5.8)",,
train/Malignant/ISPY2-301968/p-067,entropy(z=-5.8),,
train/Malignant/ISPY2-847753/p-030,"dynamic_range(z=-3.3),aspect_ratio(z=+5.8)",,
train/Malignant/ACRIN-6698-317641/p-034,"entropy(z=-5.8),dynamic_range(z=-3.6),snr(z=+5.1)",,
train/Malignant/ISPY2-309830/p-115,hf_energy_frac(z=+5.8),,
val/Malignant/ISPY2-178815/p-060,aspect_ratio(z=+5.8),,
train/Malignant/ISPY2-111674/p-021,entropy(z=-5.8),,
train/Malignant/ISPY2-301968/p-065,entropy(z=-5.8),,
train/Malignant/ISPY2-446263/p-028,dynamic_range(z=-5.8),,
train/Malignant/ISPY2-414286/p-101,hf_energy_frac(z=+5.8),,
train/Malignant/ACRIN-6698-547892/p-028,dynamic_range(z=-5.8),,
train/Malignant/ISPY2-934906/p-065,aspect_ratio(z=+5.8),,
train/Malignant/ISPY2-916586/p-039,entropy(z=-5.7),,
train/Malignant/ISPY2-151230/p-074,dynamic_range(z=-5.7),,
val/Malignant/ISPY2-178815/p-020,aspect_ratio(z=+5.7),,
train/Malignant/ISPY2-831702/p-051,hf_energy_frac(z=+5.7),,
train/Malignant/ISPY2-791321/p-055,entropy(z=-5.7),,
train/Malignant/ACRIN-6698-580541/p-045,"hf_energy_frac(z=+5.7),aspect_ratio(z=+4.5)",,
train/Malignant/ISPY2-824512/p-093,hf_energy_frac(z=+5.7),,
train/Malignant/ISPY2-590299/p-039,"sharpness_lapvar(z=+3.6),hf_energy_frac(z=+5.7)",,
train/Malignant/ISPY2-726381/p-040,hf_energy_frac(z=+5.7),,
train/Malignant/ISPY2-627981/p-119,"sharpness_lapvar(z=+5.7),noise_sigma(z=+5.4)",,
train/Malignant/ISPY2-182346/p-052,hf_energy_frac(z=+5.7),,
train/Malignant/ISPY2-955953/p-082,"entropy(z=-3.3),dynamic_range(z=-5.7)",,
train/Malignant/ISPY2-252748/p-041,hf_energy_frac(z=+5.7),,
train/Malignant/ISPY2-128051/p-082,"sharpness_lapvar(z=+5.7),noise_sigma(z=+4.3)",,
train/Malignant/ISPY2-201831/p-027,"entropy(z=-5.7),dynamic_range(z=-3.3)",,
train/Malignant/ISPY2-489194/p-055,aspect_ratio(z=+5.7),,
train/Malignant/ISPY2-418593/p-024,hf_energy_frac(z=+5.7),,
train/Malignant/ISPY2-885590/p-092,hf_energy_frac(z=+5.7),,
train/Malignant/ISPY2-959366/p-096,"sharpness_lapvar(z=+5.7),noise_sigma(z=+5.5)",,
train/Malignant/ACRIN-6698-522140/p-026,"entropy(z=-3.5),dynamic_range(z=-5.7)",,
train/Malignant/ISPY2-824512/p-050,hf_energy_frac(z=+5.7),,
train/Malignant/ISPY2-552313/p-060,"sharpness_lapvar(z=+3.4),noise_sigma(z=+3.5),hf_energy_frac(z=+5.7)",,
train/Malignant/ISPY2-318407/p-103,hf_energy_frac(z=+5.7),,
train/Malignant/ISPY2-905264/p-051,"sharpness_lapvar(z=+5.7),noise_sigma(z=+4.6)",,
train/Malignant/ISPY2-767081/p-033,dynamic_range(z=-5.7),,
val/Malignant/ISPY2-178815/p-019,aspect_ratio(z=+5.7),,
train/Malignant/ISPY2-252748/p-042,hf_energy_frac(z=+5.7),,
train/Malignant/ISPY2-627981/p-117,"sharpness_lapvar(z=+5.6),noise_sigma(z=+5.0)",,
train/Malignant/ISPY2-520986/p-051,entropy(z=-5.6),,
train/Malignant/ACRIN-6698-547892/p-023,dynamic_range(z=-5.6),,
train/Malignant/ACRIN-6698-895653/p-038,"dynamic_range(z=-5.6),snr(z=+3.8)",,
train/Malignant/ACRIN-6698-685795/p-037,"entropy(z=-5.6),hf_energy_frac(z=+3.6)",,
train/Malignant/ISPY2-115638/p-128,aspect_ratio(z=+5.6),,
train/Malignant/ISPY2-552313/p-069,"sharpness_lapvar(z=+3.0),hf_energy_frac(z=+5.6)",,
train/Malignant/ISPY2-422454/p-105,hf_energy_frac(z=+5.6),,
train/Malignant/ISPY2-309830/p-114,hf_energy_frac(z=+5.6),,
train/Malignant/ISPY2-824512/p-054,hf_energy_frac(z=+5.6),,
train/Malignant/ISPY2-924868/p-055,hf_energy_frac(z=+5.6),,
train/Malignant/ISPY2-689188/p-002,aspect_ratio(z=+5.6),,
train/Malignant/ISPY2-342996/p-041,"snr(z=+4.0),aspect_ratio(z=+5.6)",,
train/Malignant/ISPY2-437162/p-064,entropy(z=-5.6),,
train/Malignant/ISPY2-159352/p-027,hf_energy_frac(z=+5.6),,
train/Malignant/ISPY2-446263/p-025,"contrast(z=-3.1),dynamic_range(z=-5.6)",,
train/Malignant/ACRIN-6698-412772/p-032,dynamic_range(z=-5.6),,
train/Malignant/ISPY2-461824/p-042,"dynamic_range(z=-3.9),snr(z=+5.6)",,
train/Malignant/ISPY2-446263/p-026,"contrast(z=-3.1),dynamic_range(z=-5.6)",,
train/Malignant/ISPY2-131595/p-026,dynamic_range(z=-5.6),,
train/Malignant/ISPY2-959366/p-121,"sharpness_lapvar(z=+4.0),noise_sigma(z=+5.6)",,
train/Malignant/ISPY2-120001/p-029,"contrast(z=-3.2),dynamic_range(z=-5.6)",,
train/Malignant/ISPY2-596079/p-029,"sharpness_lapvar(z=+5.6),noise_sigma(z=+3.3)",,
val/Malignant/ISPY2-930853/p-023,"entropy(z=-5.1),snr(z=+5.5)",,
train/Malignant/ISPY2-567907/p-052,entropy(z=-5.5),,
train/Malignant/ISPY2-650589/p-089,"hf_energy_frac(z=+3.4),aspect_ratio(z=+5.5)",,
train/Malignant/ISPY2-188511/p-065,"noise_sigma(z=+3.3),hf_energy_frac(z=+5.5)",,
train/Malignant/ISPY2-491779/p-092,hf_energy_frac(z=+5.5),,
train/Malignant/ACRIN-6698-890372/p-063,dynamic_range(z=-5.5),,
val/Malignant/ISPY2-930853/p-029,snr(z=+5.5),,
val/Malignant/ACRIN-6698-955035/p-069,"contrast(z=-3.2),dynamic_range(z=-5.5)",,
train/Malignant/ACRIN-6698-863161/p-098,"sharpness_lapvar(z=+5.5),noise_sigma(z=+3.9)",,
train/Malignant/ISPY2-572444/p-031,"sharpness_lapvar(z=+3.8),noise_sigma(z=+5.5)",,
train/Malignant/ISPY2-885590/p-070,hf_energy_frac(z=+5.5),,
train/Malignant/ISPY2-461824/p-044,dynamic_range(z=-5.5),,
train/Malignant/ISPY2-570685/p-026,dynamic_range(z=-5.5),,
train/Malignant/ISPY2-768214/p-119,aspect_ratio(z=+5.5),,
train/Malignant/ISPY2-768214/p-118,"dynamic_range(z=-3.2),aspect_ratio(z=+5.5)",,
train/Malignant/ISPY2-309830/p-118,hf_energy_frac(z=+5.5),,
train/Malignant/ACRIN-6698-801641/p-017,aspect_ratio(z=+5.5),,
train/Malignant/ISPY2-349639/p-116,"sharpness_lapvar(z=+3.2),noise_sigma(z=+3.2),hf_energy_frac(z=+5.5)",,
train/Malignant/ISPY2-422454/p-106,hf_energy_frac(z=+5.5),,
train/Malignant/ISPY2-446263/p-029,dynamic_range(z=-5.5),,
train/Malignant/ISPY2-422454/p-104,hf_energy_frac(z=+5.5),,
train/Malignant/ACRIN-6698-863161/p-106,"sharpness_lapvar(z=+4.2),noise_sigma(z=+3.1),hf_energy_frac(z=+5.5)",,
train/Malignant/ISPY2-120422/p-076,hf_energy_frac(z=+5.5),,
train/Malignant/ACRIN-6698-522140/p-048,dynamic_range(z=-5.5),,
train/Malignant/ACRIN-6698-169918/p-026,aspect_ratio(z=+5.5),,
train/Malignant/ACRIN-6698-863161/p-094,"sharpness_lapvar(z=+5.5),noise_sigma(z=+3.9)",,
train/Malignant/ACRIN-6698-863161/p-095,"sharpness_lapvar(z=+5.5),noise_sigma(z=+3.8)",,
train/Malignant/ISPY2-111674/p-022,entropy(z=-5.5),,
train/Malignant/ISPY2-767081/p-034,dynamic_range(z=-5.5),,
train/Malignant/ISPY2-451482/p-068,"sharpness_lapvar(z=+4.4),noise_sigma(z=+5.5)",,
train/Malignant/ISPY2-236470/p-085,dynamic_range(z=-5.5),,
train/Malignant/ISPY2-451482/p-112,"sharpness_lapvar(z=+3.8),noise_sigma(z=+3.8),hf_energy_frac(z=+5.5)",,
train/Malignant/ISPY2-953262/p-077,"sharpness_lapvar(z=+4.2),hf_energy_frac(z=+5.4)",,
val/Malignant/ISPY2-157463/p-029,"dynamic_range(z=-3.9),snr(z=+5.4)",,
train/Malignant/ISPY2-309830/p-116,hf_energy_frac(z=+5.4),,
train/Malignant/ACRIN-6698-685795/p-031,entropy(z=-5.4),,
train/Malignant/ISPY2-726381/p-084,hf_energy_frac(z=+5.4),,
train/Malignant/ISPY2-767081/p-048,dynamic_range(z=-5.4),,
train/Malignant/ISPY2-446263/p-045,dynamic_range(z=-5.4),,
val/Malignant/ISPY2-151481/p-106,hf_energy_frac(z=+5.4),,
train/Malignant/ISPY2-141782/p-086,hf_energy_frac(z=+5.4),,
train/Malignant/ISPY2-997702/p-116,aspect_ratio(z=+5.4),,
train/Malignant/ACRIN-6698-412772/p-031,dynamic_range(z=-5.4),,
train/Malignant/ACRIN-6698-522140/p-047,dynamic_range(z=-5.4),,
train/Malignant/ACRIN-6698-547892/p-024,dynamic_range(z=-5.4),,
train/Malignant/ISPY2-282082/p-118,hf_energy_frac(z=+5.4),,
train/Malignant/ISPY2-828199/p-018,aspect_ratio(z=+5.4),,
train/Malignant/ISPY2-461824/p-036,"dynamic_range(z=-3.8),snr(z=+5.4)",,
train/Malignant/ISPY2-318438/p-100,"sharpness_lapvar(z=+5.4),noise_sigma(z=+4.3)",,
train/Malignant/ISPY2-342996/p-042,"snr(z=+3.8),aspect_ratio(z=+5.4)",,
train/Malignant/ISPY2-590299/p-051,aspect_ratio(z=+5.4),,
train/Malignant/ISPY2-208265/p-131,"sharpness_lapvar(z=+5.4),noise_sigma(z=+4.0)",,
train/Malignant/ACRIN-6698-863161/p-099,"sharpness_lapvar(z=+5.4),noise_sigma(z=+3.7)",,
train/Malignant/ISPY2-567907/p-053,entropy(z=-5.3),,
train/Malignant/ISPY2-446263/p-031,dynamic_range(z=-5.3),,
train/Malignant/ISPY2-802778/p-014,"entropy(z=-3.8),dynamic_range(z=-5.3)",,
train/Malignant/ISPY2-493519/p-074,hf_energy_frac(z=+5.3),,
train/Malignant/ACRIN-6698-863161/p-097,"sharpness_lapvar(z=+5.3),noise_sigma(z=+3.8)",,
train/Malignant/ISPY2-570685/p-030,dynamic_range(z=-5.3),,
train/Malignant/ACRIN-6698-323721/p-032,dynamic_range(z=-5.3),,
train/Malignant/ISPY2-201831/p-035,"contrast(z=-3.6),entropy(z=-4.3),dynamic_range(z=-5.3)",,
train/Malignant/ISPY2-924812/p-127,hf_energy_frac(z=+5.3),,
train/Malignant/ISPY2-446263/p-032,dynamic_range(z=-5.3),,
train/Malignant/ACRIN-6698-323721/p-054,dynamic_range(z=-5.3),,
train/Malignant/ACRIN-6698-169918/p-023,aspect_ratio(z=+5.3),,
train/Malignant/ACRIN-6698-641246/p-076,aspect_ratio(z=+5.3),,
train/Malignant/ISPY2-504838/p-086,aspect_ratio(z=+5.3),,
train/Malignant/ACRIN-6698-899692/p-019,dynamic_range(z=-5.3),,
train/Malignant/ISPY2-567907/p-051,entropy(z=-5.3),,
train/Malignant/ISPY2-566011/p-065,aspect_ratio(z=+5.3),,
train/Malignant/ACRIN-6698-326433/p-076,sharpness_lapvar(z=+5.3),,
train/Malignant/ISPY2-689188/p-019,"entropy(z=-4.6),dynamic_range(z=-4.7),snr(z=+5.3)",,
train/Malignant/ISPY2-987995/p-118,hf_energy_frac(z=+5.3),,
train/Malignant/ISPY2-485637/p-116,hf_energy_frac(z=+5.3),,
train/Malignant/ISPY2-491779/p-098,hf_energy_frac(z=+5.3),,
train/Malignant/ISPY2-528479/p-048,hf_energy_frac(z=+5.3),,
train/Malignant/ACRIN-6698-685795/p-035,entropy(z=-5.3),,
train/Malignant/ISPY2-726381/p-081,aspect_ratio(z=+5.3),,
train/Malignant/ISPY2-380972/p-024,snr(z=+5.3),,
train/Malignant/ACRIN-6698-280375/p-045,"contrast(z=-3.1),dynamic_range(z=-5.3)",,
train/Malignant/ISPY2-953262/p-080,"sharpness_lapvar(z=+4.2),noise_sigma(z=+3.0),hf_energy_frac(z=+5.3)",,
train/Malignant/ACRIN-6698-755914/p-067,"dynamic_range(z=-5.3),snr(z=+5.0)",,
train/Malignant/ISPY2-301968/p-062,entropy(z=-5.3),,
train/Malignant/ACRIN-6698-144302/p-084,"contrast(z=-3.0),entropy(z=-3.5),dynamic_range(z=-4.8),snr(z=+5.3)",,
train/Malignant/ISPY2-128051/p-079,"sharpness_lapvar(z=+5.3),noise_sigma(z=+4.5)",,
train/Malignant/ISPY2-294265/p-016,aspect_ratio(z=+5.3),,
train/Malignant/ACRIN-6698-899692/p-037,dynamic_range(z=-5.3),,
train/Malignant/ACRIN-6698-522140/p-033,"dynamic_range(z=-5.3),snr(z=+3.4)",,
train/Malignant/ISPY2-235995/p-025,entropy(z=-5.3),,
train/Malignant/ACRIN-6698-522140/p-028,dynamic_range(z=-5.3),,
train/Malignant/ISPY2-451482/p-114,"sharpness_lapvar(z=+4.4),noise_sigma(z=+4.4),hf_energy_frac(z=+5.3)",,
train/Malignant/ACRIN-6698-144302/p-085,"entropy(z=-3.5),dynamic_range(z=-3.5),snr(z=+5.3)",,
train/Malignant/ISPY2-330134/p-045,"contrast(z=-3.0),dynamic_range(z=-5.3)",,
train/Malignant/ISPY2-934459/p-058,hf_energy_frac(z=+5.2),,
train/Malignant/ISPY2-824512/p-061,"entropy(z=-3.1),hf_energy_frac(z=+5.2)",,
train/Malignant/ISPY2-451482/p-072,"sharpness_lapvar(z=+3.7),noise_sigma(z=+3.7),hf_energy_frac(z=+5.2)",,
train/Malignant/ISPY2-570685/p-031,dynamic_range(z=-5.2),,
val/Malignant/ISPY2-199960/p-117,aspect_ratio(z=+5.2),,
val/Malignant/ISPY2-157463/p-035,"dynamic_range(z=-3.4),snr(z=+5.2)",,
train/Malignant/ISPY2-742477/p-070,aspect_ratio(z=+5.2),,
train/Malignant/ISPY2-572016/p-044,hf_energy_frac(z=+5.2),,
train/Malignant/ACRIN-6698-863161/p-096,"sharpness_lapvar(z=+5.2),noise_sigma(z=+3.7)",,
train/Malignant/ACRIN-6698-421917/p-013,aspect_ratio(z=+5.2),,
train/Malignant/ACRIN-6698-890372/p-060,dynamic_range(z=-5.2),,
train/Malignant/ISPY2-228192/p-075,aspect_ratio(z=+5.2),,
val/Malignant/ISPY2-123660/p-036,hf_energy_frac(z=+5.2),,
train/Malignant/ISPY2-701790/p-062,entropy(z=-5.2),,
train/Malignant/ISPY2-732137/p-143,hf_energy_frac(z=+5.2),,
val/Malignant/ISPY2-345483/p-075,hf_energy_frac(z=+5.2),,
train/Malignant/ISPY2-953262/p-079,"sharpness_lapvar(z=+3.8),hf_energy_frac(z=+5.2)",,
train/Malignant/ISPY2-235995/p-024,entropy(z=-5.2),,
train/Malignant/ISPY2-208265/p-130,"sharpness_lapvar(z=+5.2),noise_sigma(z=+4.7)",,
train/Malignant/ISPY2-796558/p-103,hf_energy_frac(z=+5.2),,
train/Malignant/ISPY2-904269/p-043,dynamic_range(z=-5.2),,
train/Malignant/ISPY2-934906/p-066,aspect_ratio(z=+5.2),,
train/Malignant/ACRIN-6698-522140/p-042,dynamic_range(z=-5.2),,
train/Malignant/ISPY2-437162/p-054,entropy(z=-5.2),,
train/Malignant/ISPY2-728287/p-075,dynamic_range(z=-5.2),,
train/Malignant/ACRIN-6698-987914/p-027,dynamic_range(z=-5.2),,
train/Malignant/ACRIN-6698-685795/p-036,entropy(z=-5.2),,
train/Malignant/ISPY2-831702/p-037,"dynamic_range(z=-3.5),aspect_ratio(z=+5.2)",,
train/Malignant/ISPY2-151230/p-075,dynamic_range(z=-5.2),,
train/Malignant/ISPY2-491779/p-091,hf_energy_frac(z=+5.2),,
train/Malignant/ISPY2-349639/p-124,hf_energy_frac(z=+5.2),,
train/Malignant/ISPY2-531672/p-084,"sharpness_lapvar(z=+5.2),noise_sigma(z=+5.1)",,
train/Malignant/ISPY2-301968/p-061,entropy(z=-5.2),,
train/Malignant/ISPY2-282082/p-046,"hf_energy_frac(z=+5.2),aspect_ratio(z=+3.2)",,
train/Malignant/ISPY2-851223/p-035,dynamic_range(z=-5.2),,
train/Malignant/ACRIN-6698-547892/p-031,"entropy(z=-4.1),dynamic_range(z=-5.1)",,
train/Malignant/ACRIN-6698-165925/p-009,"dynamic_range(z=-3.3),aspect_ratio(z=+5.1)",,
train/Malignant/ACRIN-6698-755914/p-065,"dynamic_range(z=-5.1),snr(z=+5.1)",,
train/Malignant/ISPY2-531672/p-078,"sharpness_lapvar(z=+4.2),noise_sigma(z=+4.9),hf_energy_frac(z=+5.1)",,
val/Malignant/ISPY2-815421/p-017,aspect_ratio(z=+5.1),,
train/Malignant/ISPY2-252748/p-037,hf_energy_frac(z=+5.1),,
train/Malignant/ISPY2-540539/p-125,hf_energy_frac(z=+5.1),,
train/Malignant/ISPY2-446263/p-033,dynamic_range(z=-5.1),,
train/Malignant/ACRIN-6698-924071/p-020,dynamic_range(z=-5.1),,
train/Malignant/ISPY2-491779/p-061,hf_energy_frac(z=+5.1),,
val/Malignant/ISPY2-714205/p-052,hf_energy_frac(z=+5.1),,
train/Malignant/ISPY2-461824/p-040,"dynamic_range(z=-5.1),snr(z=+5.1)",,
train/Malignant/ISPY2-767081/p-035,dynamic_range(z=-5.1),,
train/Malignant/ISPY2-726381/p-041,hf_energy_frac(z=+5.1),,
train/Malignant/ACRIN-6698-899692/p-026,dynamic_range(z=-5.1),,
train/Malignant/ISPY2-520986/p-055,entropy(z=-5.1),,
train/Malignant/ISPY2-783771/p-017,"entropy(z=-5.1),snr(z=+4.2)",,
train/Malignant/ISPY2-570685/p-027,dynamic_range(z=-5.1),,
train/Malignant/ISPY2-535569/p-031,dynamic_range(z=-5.1),,
train/Malignant/ACRIN-6698-522140/p-049,"dynamic_range(z=-5.1),snr(z=+3.3)",,
train/Malignant/ISPY2-105513/p-104,dynamic_range(z=-5.1),,
train/Malignant/ACRIN-6698-755914/p-079,"dynamic_range(z=-4.2),snr(z=+5.1)",,
train/Malignant/ISPY2-596079/p-025,hf_energy_frac(z=+5.1),,
train/Malignant/ISPY2-380972/p-027,snr(z=+5.1),,
train/Malignant/ISPY2-299840/p-044,aspect_ratio(z=+5.1),,
train/Malignant/ISPY2-115638/p-129,aspect_ratio(z=+5.1),,
train/Malignant/ISPY2-520986/p-070,entropy(z=-5.1),,
train/Malignant/ISPY2-491779/p-093,hf_energy_frac(z=+5.1),,
train/Malignant/ISPY2-446263/p-035,"dynamic_range(z=-5.1),snr(z=+3.1)",,
train/Malignant/ISPY2-329941/p-053,"contrast(z=-3.2),entropy(z=-3.2),dynamic_range(z=-5.1)",,
train/Malignant/ACRIN-6698-522140/p-027,dynamic_range(z=-5.1),,
train/Malignant/ISPY2-306127/p-025,hf_energy_frac(z=+5.1),,
train/Malignant/ISPY2-981664/p-069,aspect_ratio(z=+5.1),,
train/Malignant/ISPY2-922872/p-027,"contrast(z=-3.5),entropy(z=-3.1),dynamic_range(z=-5.1)",,
train/Malignant/ISPY2-590220/p-010,dynamic_range(z=-5.1),,
train/Malignant/ACRIN-6698-547892/p-027,dynamic_range(z=-5.1),,
val/Malignant/ISPY2-986734/p-030,hf_energy_frac(z=+5.1),,
train/Malignant/ISPY2-876511/p-094,hf_energy_frac(z=+5.1),,
val/Malignant/ISPY2-930853/p-031,snr(z=+5.1),,
train/Malignant/ACRIN-6698-755914/p-066,"dynamic_range(z=-3.9),snr(z=+5.1)",,
train/Malignant/ISPY2-282082/p-028,"sharpness_lapvar(z=+5.1),noise_sigma(z=+4.9)",,
train/Malignant/ISPY2-904269/p-042,dynamic_range(z=-5.1),,
val/Malignant/ISPY2-279902/p-060,dynamic_range(z=-5.1),,
train/Malignant/ISPY2-515105/p-013,hf_energy_frac(z=+5.1),,
train/Malignant/ISPY2-473505/p-058,hf_energy_frac(z=+5.1),,
train/Malignant/ISPY2-865416/p-096,aspect_ratio(z=+5.1),,
val/Malignant/ISPY2-199960/p-118,aspect_ratio(z=+5.1),,
train/Malignant/ISPY2-865416/p-095,aspect_ratio(z=+5.1),,
train/Malignant/ACRIN-6698-641246/p-075,aspect_ratio(z=+5.1),,
train/Malignant/ACRIN-6698-928446/p-119,hf_energy_frac(z=+5.1),,
train/Malignant/ISPY2-228192/p-108,hf_energy_frac(z=+5.1),,
train/Malignant/ACRIN-6698-663144/p-065,aspect_ratio(z=+5.1),,
train/Malignant/ISPY2-959366/p-120,"sharpness_lapvar(z=+3.9),noise_sigma(z=+5.0)",,
train/Malignant/ISPY2-567907/p-054,entropy(z=-5.0),,
train/Malignant/ACRIN-6698-899692/p-034,dynamic_range(z=-5.0),,
train/Malignant/ISPY2-446263/p-038,dynamic_range(z=-5.0),,
train/Malignant/ACRIN-6698-863161/p-084,"sharpness_lapvar(z=+5.0),noise_sigma(z=+3.2)",,
train/Malignant/ACRIN-6698-323721/p-051,dynamic_range(z=-5.0),,
train/Malignant/ACRIN-6698-609151/p-034,"entropy(z=-5.0),snr(z=+3.6)",,
train/Malignant/ISPY2-531672/p-095,"sharpness_lapvar(z=+4.6),noise_sigma(z=+5.0)",,
train/Malignant/ISPY2-380972/p-026,snr(z=+5.0),,
train/Malignant/ISPY2-701790/p-055,entropy(z=-5.0),,
train/Malignant/ACRIN-6698-748583/p-029,dynamic_range(z=-5.0),,
train/Malignant/ISPY2-446263/p-036,dynamic_range(z=-5.0),,
train/Malignant/ISPY2-159352/p-056,hf_energy_frac(z=+5.0),,
train/Malignant/ACRIN-6698-641246/p-035,sharpness_lapvar(z=+5.0),,
train/Malignant/ISPY2-235995/p-032,entropy(z=-5.0),,
train/Malignant/ACRIN-6698-652480/p-067,hf_energy_frac(z=+5.0),,
train/Malignant/ACRIN-6698-522140/p-044,dynamic_range(z=-5.0),,
train/Malignant/ACRIN-6698-870077/p-030,dynamic_range(z=-5.0),,
train/Malignant/ACRIN-6698-465008/p-033,"entropy(z=-5.0),dynamic_range(z=-3.1)",,
train/Malignant/ISPY2-461824/p-035,"dynamic_range(z=-4.6),snr(z=+5.0)",,
train/Malignant/ISPY2-105286/p-045,hf_energy_frac(z=+5.0),,
val/Malignant/ISPY2-453596/p-045,dynamic_range(z=-5.0),,
train/Malignant/ISPY2-972307/p-024,aspect_ratio(z=+5.0),,
train/Malignant/ISPY2-155171/p-112,aspect_ratio(z=+5.0),,
val/Malignant/ISPY2-453596/p-046,dynamic_range(z=-5.0),,
train/Malignant/ACRIN-6698-802308/p-009,dynamic_range(z=-5.0),,
train/Malignant/ISPY2-824512/p-067,hf_energy_frac(z=+5.0),,
train/Malignant/ACRIN-6698-323721/p-053,dynamic_range(z=-5.0),,
train/Malignant/ACRIN-6698-863161/p-088,"sharpness_lapvar(z=+5.0),noise_sigma(z=+3.5)",,
train/Malignant/ISPY2-531672/p-083,"sharpness_lapvar(z=+4.7),noise_sigma(z=+5.0)",,
train/Malignant/ISPY2-824512/p-091,hf_energy_frac(z=+5.0),,
train/Malignant/ISPY2-303947/p-108,"sharpness_lapvar(z=+3.4),hf_energy_frac(z=+5.0)",,
train/Malignant/ACRIN-6698-287961/p-121,aspect_ratio(z=+5.0),,
val/Malignant/ISPY2-123660/p-086,aspect_ratio(z=+5.0),,
train/Malignant/ISPY2-451482/p-118,"sharpness_lapvar(z=+4.6),noise_sigma(z=+5.0),hf_energy_frac(z=+4.0)",,
train/Malignant/ACRIN-6698-899692/p-036,"dynamic_range(z=-5.0),snr(z=+3.1)",,
train/Malignant/ISPY2-446263/p-042,dynamic_range(z=-5.0),,
train/Malignant/ISPY2-689188/p-018,"entropy(z=-4.3),dynamic_range(z=-4.1),snr(z=+5.0)",,
train/Malignant/ISPY2-111344/p-072,hf_energy_frac(z=+5.0),,
train/Malignant/ISPY2-567907/p-050,entropy(z=-5.0),,
train/Malignant/ISPY2-485637/p-130,hf_energy_frac(z=+5.0),,
train/Malignant/ACRIN-6698-973837/p-064,aspect_ratio(z=+5.0),,
train/Malignant/ISPY2-597253/p-043,"sharpness_lapvar(z=+4.3),noise_sigma(z=+3.1),aspect_ratio(z=+5.0)",,
train/Malignant/ISPY2-640463/p-043,hf_energy_frac(z=+5.0),,
train/Malignant/ISPY2-102011/p-036,dynamic_range(z=-5.0),,
train/Malignant/ISPY2-733276/p-047,dynamic_range(z=-5.0),,
train/Malignant/ISPY2-728287/p-118,aspect_ratio(z=+5.0),,
train/Malignant/ISPY2-255577/p-034,snr(z=+5.0),,
train/Malignant/ISPY2-303947/p-107,"sharpness_lapvar(z=+3.4),noise_sigma(z=+3.1),hf_energy_frac(z=+5.0)",,
train/Malignant/ACRIN-6698-899692/p-027,dynamic_range(z=-5.0),,
train/Malignant/ACRIN-6698-755914/p-077,"dynamic_range(z=-5.0),snr(z=+3.7)",,
train/Malignant/ACRIN-6698-899692/p-025,dynamic_range(z=-5.0),,
train/Malignant/ISPY2-728287/p-077,dynamic_range(z=-5.0),,
train/Malignant/ISPY2-924812/p-126,hf_energy_frac(z=+5.0),,
train/Malignant/ACRIN-6698-870077/p-031,dynamic_range(z=-5.0),,
train/Malignant/ISPY2-318438/p-098,"sharpness_lapvar(z=+5.0),noise_sigma(z=+4.1)",,
train/Malignant/ACRIN-6698-383456/p-052,aspect_ratio(z=+5.0),,
train/Malignant/ISPY2-520986/p-069,entropy(z=-5.0),,
train/Malignant/ISPY2-306127/p-026,hf_energy_frac(z=+4.9),,
train/Malignant/ISPY2-155171/p-113,aspect_ratio(z=+4.9),,
train/Malignant/ISPY2-916586/p-037,entropy(z=-4.9),,
train/Malignant/ACRIN-6698-547892/p-026,dynamic_range(z=-4.9),,
train/Malignant/ISPY2-264678/p-054,hf_energy_frac(z=+4.9),,
train/Malignant/ACRIN-6698-638126/p-011,aspect_ratio(z=+4.9),,
train/Malignant/ISPY2-531672/p-099,"sharpness_lapvar(z=+4.1),noise_sigma(z=+4.9)",,
train/Malignant/ISPY2-953262/p-104,"sharpness_lapvar(z=+4.9),noise_sigma(z=+3.3)",,
train/Malignant/ISPY2-781642/p-059,"entropy(z=-3.3),dynamic_range(z=-4.9)",,
train/Malignant/ACRIN-6698-522140/p-043,dynamic_range(z=-4.9),,
train/Malignant/ACRIN-6698-870077/p-015,dynamic_range(z=-4.9),,
train/Malignant/ISPY2-824512/p-090,hf_energy_frac(z=+4.9),,
train/Malignant/ISPY2-570685/p-029,dynamic_range(z=-4.9),,
train/Malignant/ACRIN-6698-863161/p-100,"sharpness_lapvar(z=+4.9),noise_sigma(z=+3.4)",,
train/Malignant/ISPY2-706943/p-015,aspect_ratio(z=+4.9),,
train/Malignant/ACRIN-6698-860243/p-067,"contrast(z=-3.3),aspect_ratio(z=+4.9)",,
train/Malignant/ISPY2-567907/p-048,entropy(z=-4.9),,
train/Malignant/ACRIN-6698-522140/p-032,dynamic_range(z=-4.9),,
train/Malignant/ACRIN-6698-870077/p-026,dynamic_range(z=-4.9),,
val/Malignant/ISPY2-123660/p-089,aspect_ratio(z=+4.9),,
train/Malignant/ISPY2-228340/p-071,aspect_ratio(z=+4.9),,
train/Malignant/ACRIN-6698-522140/p-031,dynamic_range(z=-4.9),,
train/Malignant/ISPY2-791944/p-107,"sharpness_lapvar(z=+4.9),noise_sigma(z=+3.4),hf_energy_frac(z=+3.2)",,
train/Malignant/ISPY2-255577/p-031,"entropy(z=-4.9),snr(z=+3.4)",,
train/Malignant/ISPY2-318438/p-060,"sharpness_lapvar(z=+4.9),noise_sigma(z=+3.1)",,
train/Malignant/ISPY2-485637/p-135,"sharpness_lapvar(z=+3.6),hf_energy_frac(z=+4.9)",,
train/Malignant/ISPY2-188511/p-096,"sharpness_lapvar(z=+4.6),noise_sigma(z=+4.9)",,
train/Malignant/ACRIN-6698-522140/p-041,dynamic_range(z=-4.9),,
train/Malignant/ISPY2-515565/p-092,"sharpness_lapvar(z=+4.9),noise_sigma(z=+4.4)",,
train/Malignant/ISPY2-639663/p-026,aspect_ratio(z=+4.9),,
train/Malignant/ISPY2-340186/p-053,aspect_ratio(z=+4.9),,
train/Malignant/ACRIN-6698-412772/p-033,dynamic_range(z=-4.9),,
train/Malignant/ACRIN-6698-467686/p-053,"dynamic_range(z=-4.9),snr(z=+3.2)",,
train/Malignant/ACRIN-6698-280375/p-044,"contrast(z=-3.2),dynamic_range(z=-4.9)",,
train/Malignant/ISPY2-500826/p-033,dynamic_range(z=-4.9),,
train/Malignant/ISPY2-421829/p-166,hf_energy_frac(z=+4.9),,
train/Malignant/ISPY2-485637/p-175,hf_energy_frac(z=+4.9),,
val/Malignant/ISPY2-157463/p-028,"dynamic_range(z=-3.7),snr(z=+4.9)",,
train/Malignant/ISPY2-228192/p-074,aspect_ratio(z=+4.9),,
train/Malignant/ACRIN-6698-899692/p-045,"dynamic_range(z=-4.9),snr(z=+3.3)",,
train/Malignant/ISPY2-159352/p-029,hf_energy_frac(z=+4.9),,
val/Malignant/ISPY2-859699/p-085,hf_energy_frac(z=+4.9),,
train/Malignant/ACRIN-6698-317641/p-038,"snr(z=+4.9),aspect_ratio(z=+3.0)",,
train/Malignant/ISPY2-783771/p-018,"entropy(z=-4.9),snr(z=+4.3)",,
train/Malignant/ISPY2-934906/p-064,aspect_ratio(z=+4.9),,
train/Malignant/ISPY2-335091/p-046,aspect_ratio(z=+4.9),,
train/Malignant/ACRIN-6698-734997/p-088,aspect_ratio(z=+4.9),,
train/Malignant/ISPY2-573586/p-126,aspect_ratio(z=+4.9),,
train/Malignant/ACRIN-6698-580541/p-022,"hf_energy_frac(z=+4.9),aspect_ratio(z=+4.2)",,
train/Malignant/ACRIN-6698-522140/p-050,dynamic_range(z=-4.9),,
train/Malignant/ISPY2-520986/p-080,"sharpness_lapvar(z=+3.8),noise_sigma(z=+4.9)",,
train/Malignant/ISPY2-924812/p-125,hf_energy_frac(z=+4.9),,
train/Malignant/ISPY2-575372/p-067,dynamic_range(z=-4.9),,
train/Malignant/ISPY2-318438/p-099,"sharpness_lapvar(z=+4.9),noise_sigma(z=+4.3)",,
train/Malignant/ACRIN-6698-218503/p-016,dynamic_range(z=-4.9),,
val/Malignant/ISPY2-896939/p-125,"noise_sigma(z=+3.1),aspect_ratio(z=+4.9)",,
train/Malignant/ISPY2-141782/p-089,hf_energy_frac(z=+4.9),,
train/Malignant/ISPY2-575372/p-054,dynamic_range(z=-4.9),,
train/Malignant/ISPY2-446263/p-040,dynamic_range(z=-4.9),,
train/Malignant/ISPY2-485637/p-128,hf_energy_frac(z=+4.9),,
train/Malignant/ACRIN-6698-863161/p-093,"sharpness_lapvar(z=+4.9),noise_sigma(z=+3.4)",,
train/Malignant/ISPY2-953262/p-105,"sharpness_lapvar(z=+4.9),noise_sigma(z=+3.2)",,
train/Malignant/ISPY2-527581/p-057,"entropy(z=-4.9),hf_energy_frac(z=+3.5)",,
train/Malignant/ISPY2-418593/p-025,hf_energy_frac(z=+4.9),,
train/Malignant/ACRIN-6698-317641/p-040,snr(z=+4.8),,
train/Malignant/ISPY2-828199/p-019,aspect_ratio(z=+4.8),,
train/Malignant/ACRIN-6698-467686/p-054,"dynamic_range(z=-4.8),snr(z=+3.9)",,
train/Malignant/ISPY2-733276/p-045,dynamic_range(z=-4.8),,
train/Malignant/ISPY2-573586/p-120,aspect_ratio(z=+4.8),,
train/Malignant/ISPY2-188511/p-055,"sharpness_lapvar(z=+3.9),noise_sigma(z=+4.8)",,
train/Malignant/ACRIN-6698-169918/p-027,aspect_ratio(z=+4.8),,
train/Malignant/ACRIN-6698-899692/p-032,dynamic_range(z=-4.8),,
train/Malignant/ISPY2-621179/p-070,hf_energy_frac(z=+4.8),,
train/Malignant/ISPY2-309830/p-121,hf_energy_frac(z=+4.8),,
train/Malignant/ISPY2-627981/p-122,"sharpness_lapvar(z=+4.8),noise_sigma(z=+4.5)",,
train/Malignant/ISPY2-418593/p-023,hf_energy_frac(z=+4.8),,
train/Malignant/ISPY2-804233/p-034,"dynamic_range(z=-4.8),snr(z=+3.4)",,
train/Malignant/ISPY2-752469/p-077,entropy(z=-4.8),,
val/Malignant/ISPY2-910188/p-103,hf_energy_frac(z=+4.8),,
train/Malignant/ISPY2-233832/p-027,"dynamic_range(z=-4.8),snr(z=+3.0)",,
train/Malignant/ISPY2-342142/p-037,"entropy(z=-3.1),dynamic_range(z=-4.2),snr(z=+4.8)",,
train/Malignant/ISPY2-318438/p-095,"sharpness_lapvar(z=+4.8),noise_sigma(z=+4.0)",,
train/Malignant/ISPY2-422450/p-104,hf_energy_frac(z=+4.8),,
train/Malignant/ISPY2-446263/p-041,dynamic_range(z=-4.8),,
train/Malignant/ACRIN-6698-890372/p-061,dynamic_range(z=-4.8),,
train/Malignant/ISPY2-236470/p-112,"contrast(z=-3.2),entropy(z=-3.6),hf_energy_frac(z=+4.8)",,
train/Malignant/ACRIN-6698-863161/p-085,"sharpness_lapvar(z=+4.8),noise_sigma(z=+3.1)",,
train/Malignant/ISPY2-446263/p-037,dynamic_range(z=-4.8),,
train/Malignant/ISPY2-155171/p-111,aspect_ratio(z=+4.8),,
train/Malignant/ISPY2-125418/p-065,aspect_ratio(z=+4.8),,
val/Malignant/ISPY2-123660/p-087,aspect_ratio(z=+4.8),,
train/Malignant/ISPY2-706943/p-062,aspect_ratio(z=+4.8),,
train/Malignant/ACRIN-6698-531988/p-022,snr(z=+4.8),,
train/Malignant/ACRIN-6698-690089/p-038,snr(z=+4.8),,
train/Malignant/ACRIN-6698-522140/p-029,dynamic_range(z=-4.8),,
train/Malignant/ACRIN-6698-899692/p-024,dynamic_range(z=-4.8),,
train/Malignant/ISPY2-461824/p-038,"dynamic_range(z=-4.8),snr(z=+4.4)",,
train/Malignant/ISPY2-824512/p-074,hf_energy_frac(z=+4.8),,
train/Malignant/ISPY2-824512/p-070,"sharpness_lapvar(z=+3.3),noise_sigma(z=+3.3),hf_energy_frac(z=+4.8)",,
train/Malignant/ISPY2-520986/p-068,entropy(z=-4.8),,
train/Malignant/ISPY2-783771/p-016,"entropy(z=-4.8),snr(z=+4.8)",,
train/Malignant/ISPY2-783771/p-019,"entropy(z=-4.6),snr(z=+4.8)",,
train/Malignant/ISPY2-637051/p-034,dynamic_range(z=-4.8),,
train/Malignant/ISPY2-421829/p-165,hf_energy_frac(z=+4.8),,
train/Malignant/ISPY2-904269/p-041,dynamic_range(z=-4.8),,
train/Malignant/ISPY2-437162/p-065,entropy(z=-4.8),,
train/Malignant/ISPY2-953262/p-085,"sharpness_lapvar(z=+4.8),noise_sigma(z=+3.0)",,
train/Malignant/ISPY2-824512/p-049,hf_energy_frac(z=+4.8),,
train/Malignant/ACRIN-6698-628823/p-013,dynamic_range(z=-4.8),,
train/Malignant/ISPY2-573586/p-127,aspect_ratio(z=+4.8),,
train/Malignant/ISPY2-128051/p-084,sharpness_lapvar(z=+4.8),,
train/Malignant/ISPY2-318407/p-104,hf_energy_frac(z=+4.8),,
train/Malignant/ACRIN-6698-547892/p-025,dynamic_range(z=-4.8),,
train/Malignant/ACRIN-6698-734997/p-092,aspect_ratio(z=+4.8),,
train/Malignant/ISPY2-531672/p-098,"sharpness_lapvar(z=+4.1),noise_sigma(z=+4.8)",,
train/Malignant/ISPY2-446263/p-030,dynamic_range(z=-4.8),,
train/Malignant/ACRIN-6698-870077/p-029,dynamic_range(z=-4.8),,
train/Malignant/ACRIN-6698-522140/p-046,dynamic_range(z=-4.8),,
train/Malignant/ISPY2-259206/p-016,"entropy(z=-3.5),dynamic_range(z=-4.8)",,
val/Malignant/ISPY2-345483/p-021,entropy(z=-4.8),,
train/Malignant/ISPY2-520986/p-062,entropy(z=-4.8),,
val/Malignant/ISPY2-896939/p-073,hf_energy_frac(z=+4.8),,
train/Malignant/ISPY2-997702/p-052,entropy(z=-4.8),,
val/Malignant/ISPY2-241705/p-041,"dynamic_range(z=-4.8),aspect_ratio(z=+3.7)",,
train/Malignant/ISPY2-461824/p-033,"dynamic_range(z=-4.8),snr(z=+3.4)",,
train/Malignant/ACRIN-6698-234723/p-033,aspect_ratio(z=+4.8),,
train/Malignant/ISPY2-570148/p-014,aspect_ratio(z=+4.8),,
train/Malignant/ISPY2-331192/p-097,hf_energy_frac(z=+4.8),,
train/Malignant/ISPY2-177795/p-019,dynamic_range(z=-4.8),,
val/Malignant/ISPY2-896939/p-133,aspect_ratio(z=+4.8),,
train/Malignant/ACRIN-6698-755914/p-072,"dynamic_range(z=-4.4),snr(z=+4.8)",,
train/Malignant/ISPY2-485637/p-129,hf_energy_frac(z=+4.7),,
train/Malignant/ISPY2-233832/p-026,"dynamic_range(z=-4.7),snr(z=+3.2)",,
train/Malignant/ACRIN-6698-522140/p-052,dynamic_range(z=-4.7),,
train/Malignant/ACRIN-6698-522140/p-038,dynamic_range(z=-4.7),,
train/Malignant/ISPY2-894128/p-070,hf_energy_frac(z=+4.7),,
train/Malignant/ISPY2-318438/p-097,"sharpness_lapvar(z=+4.7),noise_sigma(z=+4.3)",,
train/Malignant/ISPY2-303947/p-103,"sharpness_lapvar(z=+3.1),hf_energy_frac(z=+4.7)",,
train/Malignant/ACRIN-6698-856159/p-022,"entropy(z=-3.3),dynamic_range(z=-3.4),snr(z=+4.7)",,
train/Malignant/ISPY2-318438/p-086,"sharpness_lapvar(z=+4.7),noise_sigma(z=+3.6)",,
train/Malignant/ACRIN-6698-218503/p-015,dynamic_range(z=-4.7),,
train/Malignant/ISPY2-531672/p-094,"sharpness_lapvar(z=+4.3),noise_sigma(z=+4.7)",,
train/Malignant/ACRIN-6698-899692/p-020,dynamic_range(z=-4.7),,
train/Malignant/ISPY2-500826/p-031,dynamic_range(z=-4.7),,
train/Malignant/ISPY2-831702/p-038,"dynamic_range(z=-3.7),aspect_ratio(z=+4.7)",,
train/Malignant/ISPY2-108939/p-073,aspect_ratio(z=+4.7),,
val/Malignant/ISPY2-637566/p-056,"contrast(z=-3.4),dynamic_range(z=-4.7)",,
train/Malignant/ISPY2-640463/p-045,hf_energy_frac(z=+4.7),,
train/Malignant/ISPY2-421829/p-168,hf_energy_frac(z=+4.7),,
train/Malignant/ISPY2-196024/p-064,aspect_ratio(z=+4.7),,
train/Malignant/ACRIN-6698-218503/p-013,dynamic_range(z=-4.7),,
train/Malignant/ACRIN-6698-899692/p-044,dynamic_range(z=-4.7),,
train/Malignant/ISPY2-922872/p-012,"contrast(z=-3.0),dynamic_range(z=-4.7)",,
train/Malignant/ACRIN-6698-870077/p-023,dynamic_range(z=-4.7),,
train/Malignant/ISPY2-235995/p-022,entropy(z=-4.7),,
train/Malignant/ISPY2-953262/p-074,"sharpness_lapvar(z=+4.7),noise_sigma(z=+3.2)",,
train/Malignant/ISPY2-461824/p-037,"dynamic_range(z=-4.4),snr(z=+4.7)",,
train/Malignant/ISPY2-733276/p-049,dynamic_range(z=-4.7),,
train/Malignant/ACRIN-6698-506623/p-075,aspect_ratio(z=+4.7),,
val/Malignant/ISPY2-815421/p-016,aspect_ratio(z=+4.7),,
train/Malignant/ISPY2-282082/p-116,hf_energy_frac(z=+4.7),,
train/Malignant/ISPY2-301968/p-063,entropy(z=-4.7),,
val/Malignant/ISPY2-123660/p-037,hf_energy_frac(z=+4.7),,
train/Malignant/ISPY2-527581/p-058,entropy(z=-4.7),,
train/Malignant/ACRIN-6698-928170/p-054,aspect_ratio(z=+4.7),,
train/Malignant/ISPY2-746265/p-021,"snr(z=+3.2),aspect_ratio(z=+4.7)",,
train/Malignant/ISPY2-733276/p-037,dynamic_range(z=-4.7),,
train/Malignant/ISPY2-188511/p-095,"sharpness_lapvar(z=+4.5),noise_sigma(z=+4.7)",,
train/Malignant/ACRIN-6698-755914/p-080,"dynamic_range(z=-4.0),snr(z=+4.7)",,
train/Malignant/ACRIN-6698-870077/p-018,dynamic_range(z=-4.7),,
train/Malignant/ISPY2-953262/p-087,sharpness_lapvar(z=+4.7),,
train/Malignant/ISPY2-797499/p-039,"dynamic_range(z=-4.7),snr(z=+3.2)",,
train/Malignant/ISPY2-318438/p-061,"sharpness_lapvar(z=+4.7),noise_sigma(z=+3.1)",,
train/Malignant/ISPY2-111674/p-020,entropy(z=-4.7),,
train/Malignant/ACRIN-6698-755914/p-085,"dynamic_range(z=-4.2),snr(z=+4.7)",,
train/Malignant/ACRIN-6698-317641/p-039,snr(z=+4.7),,
train/Malignant/ISPY2-752469/p-115,dynamic_range(z=-4.7),,
train/Malignant/ACRIN-6698-987914/p-041,dynamic_range(z=-4.7),,
train/Malignant/ISPY2-613961/p-009,"dynamic_range(z=-4.1),aspect_ratio(z=+4.7)",,
train/Malignant/ACRIN-6698-924071/p-021,aspect_ratio(z=+4.7),,
train/Malignant/ISPY2-318569/p-070,aspect_ratio(z=+4.7),,
train/Malignant/ISPY2-567907/p-055,entropy(z=-4.7),,
train/Malignant/ACRIN-6698-899692/p-035,dynamic_range(z=-4.7),,
train/Malignant/ISPY2-342996/p-068,"dynamic_range(z=-3.6),snr(z=+4.7)",,
train/Malignant/ISPY2-493775/p-026,hf_energy_frac(z=+4.7),,
train/Malignant/ISPY2-102011/p-032,dynamic_range(z=-4.7),,
val/Malignant/ISPY2-241705/p-040,dynamic_range(z=-4.7),,
train/Malignant/ISPY2-421829/p-164,hf_energy_frac(z=+4.7),,
train/Malignant/ISPY2-318438/p-071,"sharpness_lapvar(z=+4.7),noise_sigma(z=+3.0),hf_energy_frac(z=+3.0)",,
train/Malignant/ACRIN-6698-144302/p-083,"entropy(z=-3.3),snr(z=+4.7)",,
train/Malignant/ACRIN-6698-213913/p-070,aspect_ratio(z=+4.7),,
train/Malignant/ACRIN-6698-203060/p-026,aspect_ratio(z=+4.7),,
train/Malignant/ISPY2-422454/p-107,hf_energy_frac(z=+4.7),,
train/Malignant/ISPY2-318438/p-101,"sharpness_lapvar(z=+4.7),noise_sigma(z=+3.9)",,
train/Malignant/ACRIN-6698-531988/p-015,"dynamic_range(z=-4.7),snr(z=+3.3)",,
train/Malignant/ISPY2-318438/p-087,"sharpness_lapvar(z=+4.7),noise_sigma(z=+3.5)",,
train/Malignant/ACRIN-6698-863161/p-079,"sharpness_lapvar(z=+4.7),noise_sigma(z=+3.2)",,
train/Malignant/ISPY2-262131/p-006,dynamic_range(z=-4.7),,
val/Malignant/ISPY2-453596/p-039,"dynamic_range(z=-4.7),snr(z=+3.4)",,
train/Malignant/ACRIN-6698-169918/p-024,aspect_ratio(z=+4.7),,
train/Malignant/ACRIN-6698-962153/p-088,aspect_ratio(z=+4.7),,
train/Malignant/ACRIN-6698-899692/p-038,dynamic_range(z=-4.7),,
train/Malignant/ACRIN-6698-323721/p-033,dynamic_range(z=-4.7),,
val/Malignant/ISPY2-123660/p-088,aspect_ratio(z=+4.7),,
train/Malignant/ISPY2-418593/p-026,hf_energy_frac(z=+4.7),,
train/Malignant/ISPY2-228340/p-072,aspect_ratio(z=+4.6),,
train/Malignant/ISPY2-303947/p-102,"sharpness_lapvar(z=+3.7),noise_sigma(z=+3.2),hf_energy_frac(z=+4.6)",,
val/Malignant/ISPY2-453596/p-043,"dynamic_range(z=-4.6),snr(z=+3.8)",,
train/Malignant/ACRIN-6698-241998/p-060,dynamic_range(z=-4.6),,
train/Malignant/ACRIN-6698-755914/p-075,"dynamic_range(z=-4.6),snr(z=+3.2)",,
train/Malignant/ACRIN-6698-522140/p-053,dynamic_range(z=-4.6),,
train/Malignant/ISPY2-621179/p-071,hf_energy_frac(z=+4.6),,
train/Malignant/ISPY2-953262/p-086,"sharpness_lapvar(z=+4.6),noise_sigma(z=+3.0)",,
train/Malignant/ISPY2-485637/p-169,"sharpness_lapvar(z=+3.8),hf_energy_frac(z=+4.6)",,
train/Malignant/ISPY2-116165/p-053,"entropy(z=-3.8),dynamic_range(z=-4.6)",,
train/Malignant/ACRIN-6698-899692/p-033,dynamic_range(z=-4.6),,
train/Malignant/ACRIN-6698-987914/p-038,dynamic_range(z=-4.6),,
train/Malignant/ACRIN-6698-894673/p-094,aspect_ratio(z=+4.6),,
train/Malignant/ACRIN-6698-775346/p-018,aspect_ratio(z=+4.6),,
train/Malignant/ACRIN-6698-323721/p-034,dynamic_range(z=-4.6),,
train/Malignant/ISPY2-621179/p-069,hf_energy_frac(z=+4.6),,
train/Malignant/ISPY2-318438/p-090,"sharpness_lapvar(z=+4.6),noise_sigma(z=+3.3)",,
train/Malignant/ISPY2-380972/p-025,snr(z=+4.6),,
train/Malignant/ISPY2-953262/p-103,sharpness_lapvar(z=+4.6),,
train/Malignant/ACRIN-6698-202535/p-124,aspect_ratio(z=+4.6),,
train/Malignant/ACRIN-6698-786753/p-057,hf_energy_frac(z=+4.6),,
train/Malignant/ACRIN-6698-863161/p-092,"sharpness_lapvar(z=+4.6),noise_sigma(z=+3.3)",,
train/Malignant/ACRIN-6698-870077/p-024,dynamic_range(z=-4.6),,
train/Malignant/ACRIN-6698-383456/p-038,dynamic_range(z=-4.6),,
train/Malignant/ISPY2-664658/p-045,hf_energy_frac(z=+4.6),,
train/Malignant/ACRIN-6698-326433/p-072,"sharpness_lapvar(z=+4.6),noise_sigma(z=+3.0)",,
val/Malignant/ISPY2-157463/p-030,"dynamic_range(z=-3.9),snr(z=+4.6)",,
train/Malignant/ISPY2-294265/p-017,aspect_ratio(z=+4.6),,
train/Malignant/ISPY2-491779/p-057,hf_energy_frac(z=+4.6),,
train/Malignant/ISPY2-169536/p-023,sharpness_lapvar(z=+4.6),,
train/Malignant/ACRIN-6698-890372/p-048,dynamic_range(z=-4.6),,
train/Malignant/ISPY2-650589/p-086,hf_energy_frac(z=+4.6),,
train/Malignant/ISPY2-824512/p-043,hf_energy_frac(z=+4.6),,
train/Malignant/ISPY2-894128/p-085,dynamic_range(z=-4.6),,
train/Malignant/ISPY2-791944/p-108,"sharpness_lapvar(z=+4.6),noise_sigma(z=+3.4)",,
train/Malignant/ISPY2-201831/p-028,entropy(z=-4.6),,
train/Malignant/ISPY2-596079/p-024,hf_energy_frac(z=+4.6),,
train/Malignant/ACRIN-6698-629606/p-104,"sharpness_lapvar(z=+4.6),noise_sigma(z=+3.1)",,
train/Malignant/ISPY2-832056/p-089,hf_energy_frac(z=+4.6),,
train/Malignant/ISPY2-437162/p-053,entropy(z=-4.6),,
train/Malignant/ISPY2-342142/p-035,"entropy(z=-3.9),dynamic_range(z=-4.6),snr(z=+3.3)",,
train/Malignant/ACRIN-6698-734997/p-087,aspect_ratio(z=+4.6),,
train/Malignant/ISPY2-552313/p-070,"sharpness_lapvar(z=+3.1),hf_energy_frac(z=+4.6)",,
train/Malignant/ACRIN-6698-506623/p-069,hf_energy_frac(z=+4.6),,
train/Malignant/ISPY2-590299/p-050,aspect_ratio(z=+4.6),,
train/Malignant/ISPY2-607047/p-032,hf_energy_frac(z=+4.6),,
train/Malignant/ACRIN-6698-870077/p-017,dynamic_range(z=-4.6),,
train/Malignant/ISPY2-804233/p-036,dynamic_range(z=-4.6),,
train/Malignant/ISPY2-999264/p-020,dynamic_range(z=-4.6),,
train/Malignant/ISPY2-461824/p-030,"dynamic_range(z=-4.6),snr(z=+3.3)",,
train/Malignant/ISPY2-120001/p-027,dynamic_range(z=-4.6),,
train/Malignant/ISPY2-141782/p-115,"sharpness_lapvar(z=+3.5),noise_sigma(z=+4.6)",,
train/Malignant/ACRIN-6698-629606/p-098,"sharpness_lapvar(z=+4.6),noise_sigma(z=+3.3)",,
train/Malignant/ISPY2-531672/p-085,"sharpness_lapvar(z=+4.2),noise_sigma(z=+4.6)",,
train/Malignant/ACRIN-6698-580541/p-021,"hf_energy_frac(z=+4.6),aspect_ratio(z=+4.1)",,
train/Malignant/ACRIN-6698-987914/p-035,dynamic_range(z=-4.6),,
train/Malignant/ACRIN-6698-522140/p-039,dynamic_range(z=-4.6),,
train/Malignant/ISPY2-451482/p-080,"noise_sigma(z=+3.1),hf_energy_frac(z=+4.6)",,
train/Malignant/ISPY2-520986/p-071,entropy(z=-4.6),,
train/Malignant/ACRIN-6698-299962/p-007,snr(z=+4.6),,
train/Malignant/ISPY2-318438/p-088,"sharpness_lapvar(z=+4.6),noise_sigma(z=+3.3)",,
train/Malignant/ISPY2-420523/p-040,"entropy(z=-4.1),dynamic_range(z=-4.6)",,
train/Malignant/ISPY2-865416/p-094,aspect_ratio(z=+4.6),,
train/Malignant/ISPY2-125418/p-077,aspect_ratio(z=+4.6),,
train/Malignant/ISPY2-922872/p-014,aspect_ratio(z=+4.6),,
train/Malignant/ISPY2-573881/p-068,sharpness_lapvar(z=+4.6),,
train/Malignant/ACRIN-6698-894673/p-103,"sharpness_lapvar(z=+4.6),noise_sigma(z=+3.3)",,
train/Malignant/ISPY2-553141/p-012,entropy(z=-4.6),,
train/Malignant/ISPY2-172168/p-119,hf_energy_frac(z=+4.6),,
train/Malignant/ISPY2-824512/p-048,hf_energy_frac(z=+4.6),,
train/Malignant/ISPY2-318438/p-062,sharpness_lapvar(z=+4.6),,
train/Malignant/ACRIN-6698-894673/p-102,"sharpness_lapvar(z=+4.6),noise_sigma(z=+3.0)",,
train/Malignant/ISPY2-446263/p-046,dynamic_range(z=-4.6),,
train/Malignant/ISPY2-235995/p-023,entropy(z=-4.6),,
train/Malignant/ISPY2-941191/p-095,hf_energy_frac(z=+4.6),,
train/Malignant/ACRIN-6698-734997/p-086,aspect_ratio(z=+4.6),,
train/Malignant/ACRIN-6698-511851/p-037,aspect_ratio(z=+4.6),,
train/Malignant/ACRIN-6698-870077/p-016,dynamic_range(z=-4.6),,
train/Malignant/ISPY2-959366/p-107,"noise_sigma(z=+3.1),hf_energy_frac(z=+4.6)",,
train/Malignant/ISPY2-188511/p-069,"sharpness_lapvar(z=+3.3),noise_sigma(z=+3.8),hf_energy_frac(z=+4.6)",,
train/Malignant/ISPY2-572016/p-076,hf_energy_frac(z=+4.6),,
train/Malignant/ISPY2-590299/p-040,hf_energy_frac(z=+4.6),,
val/Malignant/ISPY2-896939/p-130,aspect_ratio(z=+4.6),,
train/Malignant/ISPY2-733276/p-048,dynamic_range(z=-4.6),,
train/Malignant/ISPY2-349639/p-119,"sharpness_lapvar(z=+3.0),hf_energy_frac(z=+4.6)",,
train/Malignant/ISPY2-229144/p-004,hf_energy_frac(z=+4.6),,
train/Malignant/ACRIN-6698-755914/p-074,"dynamic_range(z=-4.6),snr(z=+3.7)",,
train/Malignant/ACRIN-6698-218503/p-014,"dynamic_range(z=-4.6),snr(z=+3.1)",,
train/Malignant/ISPY2-473505/p-059,hf_energy_frac(z=+4.6),,
train/Malignant/ACRIN-6698-734997/p-091,aspect_ratio(z=+4.6),,
train/Malignant/ISPY2-483910/p-043,hf_energy_frac(z=+4.6),,
train/Malignant/ACRIN-6698-863161/p-087,"sharpness_lapvar(z=+4.6),noise_sigma(z=+3.1)",,
train/Malignant/ISPY2-531672/p-096,"sharpness_lapvar(z=+4.2),noise_sigma(z=+4.6)",,
train/Malignant/ACRIN-6698-629606/p-099,"sharpness_lapvar(z=+4.6),noise_sigma(z=+3.1)",,
train/Malignant/ISPY2-318438/p-059,sharpness_lapvar(z=+4.6),,
train/Malignant/ISPY2-466267/p-039,"sharpness_lapvar(z=+4.6),noise_sigma(z=+3.6)",,
train/Malignant/ISPY2-804233/p-035,"dynamic_range(z=-4.6),snr(z=+3.2)",,
train/Malignant/ACRIN-6698-234723/p-034,aspect_ratio(z=+4.6),,
train/Malignant/ISPY2-196024/p-063,aspect_ratio(z=+4.6),,
train/Malignant/ACRIN-6698-323721/p-047,dynamic_range(z=-4.6),,
train/Malignant/ACRIN-6698-987914/p-039,dynamic_range(z=-4.6),,
train/Malignant/ISPY2-485637/p-176,hf_energy_frac(z=+4.6),,
train/Malignant/ISPY2-701790/p-063,entropy(z=-4.6),,
train/Malignant/ISPY2-414286/p-095,hf_energy_frac(z=+4.6),,
train/Malignant/ISPY2-229824/p-038,sharpness_lapvar(z=+4.6),,
train/Malignant/ACRIN-6698-899692/p-023,dynamic_range(z=-4.6),,
train/Malignant/ACRIN-6698-863161/p-080,"sharpness_lapvar(z=+4.5),noise_sigma(z=+3.1)",,
train/Malignant/ACRIN-6698-188700/p-055,dynamic_range(z=-4.5),,
train/Malignant/ISPY2-733276/p-035,dynamic_range(z=-4.5),,
train/Malignant/ACRIN-6698-863161/p-078,"sharpness_lapvar(z=+4.5),noise_sigma(z=+3.1)",,
train/Malignant/ISPY2-531672/p-100,"sharpness_lapvar(z=+3.6),noise_sigma(z=+4.4),hf_energy_frac(z=+4.5)",,
train/Malignant/ISPY2-637051/p-050,dynamic_range(z=-4.5),,
train/Malignant/ISPY2-318438/p-102,"sharpness_lapvar(z=+4.5),noise_sigma(z=+3.6)",,
train/Malignant/ISPY2-824512/p-069,"sharpness_lapvar(z=+3.3),noise_sigma(z=+3.1),hf_energy_frac(z=+4.5)",,
train/Malignant/ISPY2-116165/p-051,"contrast(z=-3.1),entropy(z=-4.2),dynamic_range(z=-4.5)",,
train/Malignant/ACRIN-6698-547892/p-029,dynamic_range(z=-4.5),,
train/Malignant/ISPY2-451482/p-119,"sharpness_lapvar(z=+4.3),noise_sigma(z=+4.5),hf_energy_frac(z=+4.0)",,
train/Malignant/ACRIN-6698-629606/p-096,"sharpness_lapvar(z=+4.5),noise_sigma(z=+3.0)",,
train/Malignant/ISPY2-892390/p-036,hf_energy_frac(z=+4.5),,
train/Malignant/ISPY2-567907/p-049,entropy(z=-4.5),,
train/Malignant/ISPY2-228192/p-106,hf_energy_frac(z=+4.5),,
train/Malignant/ISPY2-590220/p-014,hf_energy_frac(z=+4.5),,
train/Malignant/ISPY2-531672/p-077,"sharpness_lapvar(z=+4.0),noise_sigma(z=+4.5)",,
train/Malignant/ISPY2-446263/p-034,dynamic_range(z=-4.5),,
train/Malignant/ACRIN-6698-870077/p-028,dynamic_range(z=-4.5),,
train/Malignant/ACRIN-6698-522140/p-040,dynamic_range(z=-4.5),,
train/Malignant/ACRIN-6698-856159/p-024,"entropy(z=-4.3),snr(z=+4.5)",,
train/Malignant/ISPY2-485637/p-134,"sharpness_lapvar(z=+3.3),hf_energy_frac(z=+4.5)",,
train/Malignant/ISPY2-797499/p-052,dynamic_range(z=-4.5),,
train/Malignant/ACRIN-6698-987914/p-043,dynamic_range(z=-4.5),,
val/Malignant/ISPY2-178815/p-059,aspect_ratio(z=+4.5),,
val/Malignant/ISPY2-453596/p-032,dynamic_range(z=-4.5),,
train/Malignant/ISPY2-303947/p-095,"sharpness_lapvar(z=+4.5),noise_sigma(z=+3.8)",,
train/Malignant/ISPY2-485637/p-113,hf_energy_frac(z=+4.5),,
train/Malignant/ISPY2-824350/p-024,aspect_ratio(z=+4.5),,
train/Malignant/ACRIN-6698-973837/p-061,aspect_ratio(z=+4.5),,
train/Malignant/ISPY2-999264/p-027,dynamic_range(z=-4.5),,
train/Malignant/ISPY2-999264/p-014,dynamic_range(z=-4.5),,
train/Malignant/ISPY2-201831/p-031,"contrast(z=-3.1),entropy(z=-4.5)",,
train/Malignant/ACRIN-6698-755914/p-070,"dynamic_range(z=-3.5),snr(z=+4.5)",,
train/Malignant/ISPY2-128051/p-083,"sharpness_lapvar(z=+4.5),noise_sigma(z=+3.6)",,
train/Malignant/ACRIN-6698-987914/p-028,dynamic_range(z=-4.5),,
train/Malignant/ISPY2-362993/p-122,dynamic_range(z=-4.5),,
train/Malignant/ISPY2-461824/p-039,"dynamic_range(z=-4.5),snr(z=+4.2)",,
train/Malignant/ISPY2-318438/p-063,sharpness_lapvar(z=+4.5),,
train/Malignant/ISPY2-318438/p-065,"sharpness_lapvar(z=+4.5),noise_sigma(z=+3.2)",,
train/Malignant/ISPY2-598798/p-023,hf_energy_frac(z=+4.5),,
train/Malignant/ISPY2-318438/p-096,"sharpness_lapvar(z=+4.5),noise_sigma(z=+4.4)",,
train/Malignant/ISPY2-446263/p-043,dynamic_range(z=-4.5),,
train/Malignant/ISPY2-199115/p-013,dynamic_range(z=-4.5),,
train/Malignant/ISPY2-141782/p-088,hf_energy_frac(z=+4.5),,
train/Malignant/ISPY2-342996/p-043,"snr(z=+3.2),aspect_ratio(z=+4.5)",,
train/Malignant/ISPY2-520986/p-059,entropy(z=-4.5),,
train/Malignant/ISPY2-309830/p-119,hf_energy_frac(z=+4.5),,
train/Malignant/ISPY2-159352/p-028,"sharpness_lapvar(z=+3.0),hf_energy_frac(z=+4.5)",,
train/Malignant/ISPY2-733276/p-042,dynamic_range(z=-4.5),,
train/Malignant/ISPY2-570685/p-033,dynamic_range(z=-4.5),,
train/Malignant/ISPY2-102011/p-038,dynamic_range(z=-4.5),,
train/Malignant/ISPY2-609897/p-035,dynamic_range(z=-4.5),,
train/Malignant/ACRIN-6698-280375/p-028,dynamic_range(z=-4.5),,
train/Malignant/ISPY2-590299/p-037,"sharpness_lapvar(z=+4.5),noise_sigma(z=+4.5)",,
val/Malignant/ISPY2-896939/p-126,aspect_ratio(z=+4.5),,
train/Malignant/ACRIN-6698-522140/p-051,dynamic_range(z=-4.5),,
train/Malignant/ACRIN-6698-890372/p-062,dynamic_range(z=-4.5),,
train/Malignant/ISPY2-728287/p-076,dynamic_range(z=-4.5),,
train/Malignant/ACRIN-6698-899692/p-041,dynamic_range(z=-4.5),,
train/Malignant/ISPY2-865416/p-061,hf_energy_frac(z=+4.5),,
train/Malignant/ISPY2-201831/p-032,"contrast(z=-3.4),entropy(z=-4.5),dynamic_range(z=-3.0)",,
train/Malignant/ISPY2-188511/p-054,"sharpness_lapvar(z=+3.4),noise_sigma(z=+4.5)",,
train/Malignant/ISPY2-804233/p-032,"dynamic_range(z=-4.5),snr(z=+3.5)",,
train/Malignant/ISPY2-303947/p-104,"sharpness_lapvar(z=+3.2),hf_energy_frac(z=+4.5)",,
train/Malignant/ACRIN-6698-326433/p-074,sharpness_lapvar(z=+4.5),,
train/Malignant/ACRIN-6698-465008/p-032,"entropy(z=-4.5),dynamic_range(z=-3.2)",,
train/Malignant/ACRIN-6698-863161/p-083,"sharpness_lapvar(z=+4.5),noise_sigma(z=+3.1)",,
train/Malignant/ACRIN-6698-218503/p-017,dynamic_range(z=-4.5),,
train/Malignant/ISPY2-987995/p-117,hf_energy_frac(z=+4.5),,
train/Malignant/ISPY2-485637/p-119,hf_energy_frac(z=+4.5),,
train/Malignant/ISPY2-220664/p-049,aspect_ratio(z=+4.5),,
train/Malignant/ISPY2-924812/p-096,aspect_ratio(z=+4.5),,
train/Malignant/ACRIN-6698-412772/p-040,dynamic_range(z=-4.5),,
train/Malignant/ISPY2-342996/p-066,"dynamic_range(z=-4.5),snr(z=+3.4)",,
train/Malignant/ACRIN-6698-899692/p-029,dynamic_range(z=-4.5),,
train/Malignant/ACRIN-6698-755914/p-068,"dynamic_range(z=-3.6),snr(z=+4.5)",,
val/Malignant/ISPY2-896939/p-131,aspect_ratio(z=+4.5),,
train/Malignant/ISPY2-999264/p-023,dynamic_range(z=-4.5),,
train/Malignant/ACRIN-6698-890372/p-059,dynamic_range(z=-4.5),,
train/Malignant/ISPY2-974181/p-122,hf_energy_frac(z=+4.4),,
train/Malignant/ACRIN-6698-870077/p-025,dynamic_range(z=-4.4),,
train/Malignant/ISPY2-804233/p-033,dynamic_range(z=-4.4),,
train/Malignant/ACRIN-6698-465008/p-034,entropy(z=-4.4),,
val/Malignant/ISPY2-160120/p-065,hf_energy_frac(z=+4.4),,
train/Malignant/ACRIN-6698-165925/p-010,"dynamic_range(z=-3.2),aspect_ratio(z=+4.4)",,
train/Malignant/ISPY2-461824/p-043,"dynamic_range(z=-4.4),snr(z=+4.2)",,
train/Malignant/ACRIN-6698-755914/p-064,"dynamic_range(z=-4.4),snr(z=+4.4)",,
train/Malignant/ACRIN-6698-294739/p-025,dynamic_range(z=-4.4),,
train/Malignant/ISPY2-999264/p-029,dynamic_range(z=-4.4),,
train/Malignant/ISPY2-318407/p-101,hf_energy_frac(z=+4.4),,
train/Malignant/ISPY2-309830/p-117,hf_energy_frac(z=+4.4),,
train/Malignant/ISPY2-650589/p-090,hf_energy_frac(z=+4.4),,
train/Malignant/ISPY2-233832/p-024,"dynamic_range(z=-4.4),snr(z=+3.0)",,
train/Malignant/ISPY2-166782/p-047,hf_energy_frac(z=+4.4),,
train/Malignant/ACRIN-6698-786753/p-052,hf_energy_frac(z=+4.4),,
train/Malignant/ISPY2-235995/p-021,entropy(z=-4.4),,
train/Malignant/ISPY2-791944/p-109,"sharpness_lapvar(z=+4.4),noise_sigma(z=+3.1)",,
val/Malignant/ISPY2-157463/p-022,"dynamic_range(z=-4.2),snr(z=+4.4)",,
train/Malignant/ACRIN-6698-573919/p-036,hf_energy_frac(z=+4.4),,
train/Malignant/ISPY2-211408/p-095,aspect_ratio(z=+4.4),,
train/Malignant/ISPY2-211408/p-094,aspect_ratio(z=+4.4),,
train/Malignant/ISPY2-318438/p-070,"sharpness_lapvar(z=+4.4),hf_energy_frac(z=+4.4)",,
train/Malignant/ISPY2-590220/p-055,hf_energy_frac(z=+4.4),,
train/Malignant/ISPY2-485637/p-114,hf_energy_frac(z=+4.4),,
train/Malignant/ISPY2-318438/p-094,"sharpness_lapvar(z=+4.4),noise_sigma(z=+3.5)",,
train/Malignant/ISPY2-245655/p-066,"noise_sigma(z=+3.1),hf_energy_frac(z=+4.4)",,
train/Malignant/ISPY2-609897/p-037,dynamic_range(z=-4.4),,
train/Malignant/ISPY2-573586/p-121,aspect_ratio(z=+4.4),,
train/Malignant/ACRIN-6698-856159/p-025,"entropy(z=-3.8),snr(z=+4.4)",,
train/Malignant/ISPY2-824512/p-095,hf_energy_frac(z=+4.4),,
train/Malignant/ISPY2-905264/p-048,"sharpness_lapvar(z=+4.4),noise_sigma(z=+3.6)",,
train/Malignant/ACRIN-6698-326433/p-102,sharpness_lapvar(z=+4.4),,
train/Malignant/ISPY2-953262/p-111,"sharpness_lapvar(z=+4.4),noise_sigma(z=+3.1)",,
train/Malignant/ACRIN-6698-943633/p-051,dynamic_range(z=-4.4),,
train/Malignant/ACRIN-6698-890372/p-057,dynamic_range(z=-4.4),,
train/Malignant/ACRIN-6698-280375/p-027,"contrast(z=-3.1),dynamic_range(z=-4.4)",,
val/Malignant/ISPY2-453596/p-040,dynamic_range(z=-4.4),,
train/Malignant/ACRIN-6698-987914/p-042,dynamic_range(z=-4.4),,
train/Malignant/ISPY2-836983/p-040,"sharpness_lapvar(z=+4.4),noise_sigma(z=+3.4)",,
train/Malignant/ISPY2-590299/p-054,entropy(z=-4.4),,
train/Malignant/ISPY2-188511/p-056,"sharpness_lapvar(z=+4.2),noise_sigma(z=+4.4)",,
train/Malignant/ISPY2-590299/p-049,aspect_ratio(z=+4.4),,
train/Malignant/ACRIN-6698-326433/p-075,sharpness_lapvar(z=+4.4),,
train/Malignant/ACRIN-6698-863161/p-082,sharpness_lapvar(z=+4.4),,
train/Malignant/ISPY2-422454/p-103,hf_energy_frac(z=+4.4),,
train/Malignant/ISPY2-655703/p-101,hf_energy_frac(z=+4.4),,
train/Malignant/ISPY2-342142/p-038,"dynamic_range(z=-4.0),snr(z=+4.4)",,
train/Malignant/ISPY2-180663/p-137,hf_energy_frac(z=+4.4),,
val/Malignant/ACRIN-6698-695521/p-042,dynamic_range(z=-4.4),,
train/Malignant/ISPY2-999264/p-025,dynamic_range(z=-4.4),,
train/Malignant/ISPY2-266509/p-048,dynamic_range(z=-4.4),,
train/Malignant/ISPY2-266509/p-063,hf_energy_frac(z=+4.4),,
train/Malignant/ISPY2-451482/p-071,"sharpness_lapvar(z=+3.8),noise_sigma(z=+4.0),hf_energy_frac(z=+4.4)",,
val/Malignant/ISPY2-859699/p-095,hf_energy_frac(z=+4.4),,
train/Malignant/ISPY2-528479/p-023,dynamic_range(z=-4.4),,
train/Malignant/ACRIN-6698-412772/p-041,dynamic_range(z=-4.4),,
train/Malignant/ISPY2-485637/p-115,hf_energy_frac(z=+4.4),,
train/Malignant/ISPY2-733276/p-038,dynamic_range(z=-4.4),,
train/Malignant/ISPY2-613961/p-030,dynamic_range(z=-4.4),,
train/Malignant/ISPY2-627981/p-115,"sharpness_lapvar(z=+4.4),noise_sigma(z=+3.8),hf_energy_frac(z=+3.8)",,
train/Malignant/ISPY2-188511/p-066,"sharpness_lapvar(z=+3.4),noise_sigma(z=+3.6),hf_energy_frac(z=+4.4)",,
train/Malignant/ISPY2-303947/p-094,"sharpness_lapvar(z=+4.4),noise_sigma(z=+4.1)",,
train/Malignant/ISPY2-451482/p-084,entropy(z=-4.4),,
train/Malignant/ISPY2-572731/p-071,aspect_ratio(z=+4.4),,
train/Malignant/ISPY2-461824/p-029,"dynamic_range(z=-4.4),snr(z=+3.6)",,
train/Malignant/ISPY2-999264/p-019,"dynamic_range(z=-4.4),snr(z=+3.5)",,
train/Malignant/ISPY2-188511/p-057,dynamic_range(z=-4.4),,
train/Malignant/ACRIN-6698-323721/p-038,dynamic_range(z=-4.4),,
train/Malignant/ISPY2-520986/p-081,hf_energy_frac(z=+4.4),,
train/Malignant/ACRIN-6698-863161/p-081,"sharpness_lapvar(z=+4.4),noise_sigma(z=+3.0)",,
val/Malignant/ISPY2-157463/p-027,"dynamic_range(z=-3.4),snr(z=+4.4)",,
train/Malignant/ISPY2-756412/p-046,dynamic_range(z=-4.4),,
val/Malignant/ISPY2-279902/p-049,dynamic_range(z=-4.4),,
train/Malignant/ISPY2-141782/p-114,"sharpness_lapvar(z=+3.6),noise_sigma(z=+4.4)",,
train/Malignant/ISPY2-892390/p-037,hf_energy_frac(z=+4.4),,
train/Malignant/ISPY2-318569/p-068,aspect_ratio(z=+4.4),,
train/Malignant/ISPY2-828199/p-011,dynamic_range(z=-4.4),,
train/Malignant/ISPY2-836983/p-069,"sharpness_lapvar(z=+4.4),noise_sigma(z=+3.8)",,
train/Malignant/ISPY2-259206/p-017,"dynamic_range(z=-3.1),aspect_ratio(z=+4.4)",,
train/Malignant/ACRIN-6698-629606/p-103,"sharpness_lapvar(z=+4.4),noise_sigma(z=+3.1)",,
train/Malignant/ACRIN-6698-748583/p-030,dynamic_range(z=-4.4),,
train/Malignant/ISPY2-791944/p-104,"sharpness_lapvar(z=+4.4),noise_sigma(z=+3.1)",,
train/Malignant/ISPY2-182346/p-111,hf_energy_frac(z=+4.4),,
train/Malignant/ISPY2-531672/p-101,"sharpness_lapvar(z=+3.2),noise_sigma(z=+4.0),hf_energy_frac(z=+4.4)",,
train/Malignant/ISPY2-520986/p-060,entropy(z=-4.4),,
train/Malignant/ISPY2-832056/p-058,hf_energy_frac(z=+4.4),,
train/Malignant/ISPY2-493519/p-065,hf_energy_frac(z=+4.4),,
train/Malignant/ACRIN-6698-629606/p-097,"sharpness_lapvar(z=+4.4),noise_sigma(z=+3.1)",,
train/Malignant/ISPY2-211408/p-093,"hf_energy_frac(z=+3.1),aspect_ratio(z=+4.4)",,
train/Malignant/ISPY2-300724/p-025,aspect_ratio(z=+4.4),,
train/Malignant/ISPY2-335091/p-053,aspect_ratio(z=+4.4),,
train/Malignant/ISPY2-301968/p-071,entropy(z=-4.3),,
train/Malignant/ISPY2-520986/p-054,entropy(z=-4.3),,
train/Malignant/ISPY2-301968/p-068,entropy(z=-4.3),,
train/Malignant/ACRIN-6698-987914/p-046,dynamic_range(z=-4.3),,
train/Malignant/ACRIN-6698-188700/p-060,dynamic_range(z=-4.3),,
train/Malignant/ACRIN-6698-629606/p-105,sharpness_lapvar(z=+4.3),,
train/Malignant/ISPY2-174904/p-023,entropy(z=-4.3),,
train/Malignant/ISPY2-531672/p-093,"sharpness_lapvar(z=+3.8),noise_sigma(z=+4.3)",,
train/Malignant/ISPY2-831702/p-035,aspect_ratio(z=+4.3),,
train/Malignant/ACRIN-6698-203060/p-025,aspect_ratio(z=+4.3),,
train/Malignant/ACRIN-6698-580541/p-034,dynamic_range(z=-4.3),,
train/Malignant/ACRIN-6698-323721/p-036,dynamic_range(z=-4.3),,
train/Malignant/ISPY2-804233/p-040,dynamic_range(z=-4.3),,
train/Malignant/ISPY2-318438/p-091,"sharpness_lapvar(z=+4.3),noise_sigma(z=+3.3)",,
train/Malignant/ISPY2-783771/p-015,"entropy(z=-3.9),snr(z=+4.3)",,
train/Malignant/ISPY2-540539/p-067,"noise_sigma(z=+3.2),hf_energy_frac(z=+4.3)",,
train/Malignant/ISPY2-466267/p-040,"sharpness_lapvar(z=+4.3),noise_sigma(z=+3.6)",,
train/Malignant/ACRIN-6698-218503/p-018,dynamic_range(z=-4.3),,
train/Malignant/ACRIN-6698-899692/p-028,dynamic_range(z=-4.3),,
train/Malignant/ISPY2-836983/p-041,"sharpness_lapvar(z=+4.3),noise_sigma(z=+3.5)",,
train/Malignant/ACRIN-6698-241998/p-032,dynamic_range(z=-4.3),,
train/Malignant/ACRIN-6698-563681/p-068,dynamic_range(z=-4.3),,
train/Malignant/ACRIN-6698-631299/p-046,dynamic_range(z=-4.3),,
train/Malignant/ISPY2-136536/p-014,"sharpness_lapvar(z=+4.3),noise_sigma(z=+4.2)",,
train/Malignant/ACRIN-6698-839274/p-046,hf_energy_frac(z=+4.3),,
train/Malignant/ISPY2-925691/p-046,dynamic_range(z=-4.3),,
train/Malignant/ISPY2-575372/p-053,dynamic_range(z=-4.3),,
train/Malignant/ISPY2-953262/p-082,sharpness_lapvar(z=+4.3),,
train/Malignant/ISPY2-953262/p-106,sharpness_lapvar(z=+4.3),,
train/Malignant/ACRIN-6698-685795/p-030,entropy(z=-4.3),,
train/Malignant/ISPY2-531672/p-097,"sharpness_lapvar(z=+3.8),noise_sigma(z=+4.3)",,
train/Malignant/ISPY2-116165/p-052,"contrast(z=-3.0),entropy(z=-4.3),dynamic_range(z=-4.1)",,
train/Malignant/ISPY2-567907/p-056,entropy(z=-4.3),,
train/Malignant/ACRIN-6698-516834/p-044,dynamic_range(z=-4.3),,
train/Malignant/ISPY2-233832/p-030,dynamic_range(z=-4.3),,
train/Malignant/ISPY2-363669/p-035,"dynamic_range(z=-4.3),snr(z=+4.3)",,
train/Malignant/ISPY2-201831/p-030,entropy(z=-4.3),,
train/Malignant/ISPY2-520986/p-058,entropy(z=-4.3),,
train/Malignant/ACRIN-6698-326433/p-100,"sharpness_lapvar(z=+4.3),noise_sigma(z=+4.1)",,
train/Malignant/ISPY2-783771/p-020,"entropy(z=-4.2),snr(z=+4.3)",,
train/Malignant/ACRIN-6698-690089/p-037,snr(z=+4.3),,
train/Malignant/ACRIN-6698-890372/p-056,dynamic_range(z=-4.3),,
train/Malignant/ISPY2-573881/p-066,sharpness_lapvar(z=+4.3),,
train/Malignant/ISPY2-567907/p-072,aspect_ratio(z=+4.3),,
train/Malignant/ISPY2-208265/p-125,aspect_ratio(z=+4.3),,
train/Malignant/ACRIN-6698-801641/p-018,aspect_ratio(z=+4.3),,
train/Malignant/ACRIN-6698-973837/p-073,aspect_ratio(z=+4.3),,
val/Malignant/ISPY2-930853/p-032,snr(z=+4.3),,
train/Malignant/ISPY2-491779/p-094,hf_energy_frac(z=+4.3),,
train/Malignant/ISPY2-972307/p-026,"dynamic_range(z=-4.3),aspect_ratio(z=+3.1)",,
train/Malignant/ISPY2-756412/p-029,"dynamic_range(z=-4.3),snr(z=+3.4)",,
val/Malignant/ISPY2-453596/p-037,"dynamic_range(z=-4.3),snr(z=+3.2)",,
train/Malignant/ISPY2-520986/p-057,entropy(z=-4.3),,
train/Malignant/ACRIN-6698-323721/p-037,dynamic_range(z=-4.3),,
train/Malignant/ACRIN-6698-987914/p-034,dynamic_range(z=-4.3),,
train/Malignant/ISPY2-836983/p-037,"sharpness_lapvar(z=+4.3),noise_sigma(z=+3.3)",,
train/Malignant/ISPY2-666450/p-010,"dynamic_range(z=-4.3),snr(z=+3.9)",,
train/Malignant/ISPY2-520986/p-061,entropy(z=-4.3),,
train/Malignant/ISPY2-318438/p-089,sharpness_lapvar(z=+4.3),,
train/Malignant/ISPY2-446263/p-039,dynamic_range(z=-4.3),,
train/Malignant/ACRIN-6698-924071/p-017,dynamic_range(z=-4.3),,
train/Malignant/ISPY2-769972/p-028,"entropy(z=-3.1),snr(z=+4.3)",,
train/Malignant/ACRIN-6698-734997/p-085,aspect_ratio(z=+4.3),,
train/Malignant/ACRIN-6698-890372/p-050,dynamic_range(z=-4.3),,
train/Malignant/ISPY2-575372/p-057,dynamic_range(z=-4.3),,
train/Malignant/ACRIN-6698-629606/p-100,sharpness_lapvar(z=+4.3),,
train/Malignant/ACRIN-6698-863161/p-101,sharpness_lapvar(z=+4.3),,
train/Malignant/ACRIN-6698-755914/p-086,snr(z=+4.3),,
train/Malignant/ISPY2-621179/p-039,hf_energy_frac(z=+4.3),,
train/Malignant/ISPY2-832056/p-090,hf_energy_frac(z=+4.3),,
train/Malignant/ACRIN-6698-383456/p-053,dynamic_range(z=-4.3),,
train/Malignant/ISPY2-953262/p-101,sharpness_lapvar(z=+4.3),,
train/Malignant/ISPY2-201831/p-029,entropy(z=-4.3),,
train/Malignant/ISPY2-493775/p-027,hf_energy_frac(z=+4.3),,
train/Malignant/ISPY2-726381/p-083,hf_energy_frac(z=+4.3),,
train/Malignant/ISPY2-596458/p-093,"sharpness_lapvar(z=+4.3),noise_sigma(z=+3.5)",,
train/Malignant/ACRIN-6698-899692/p-021,dynamic_range(z=-4.3),,
val/Malignant/ISPY2-453596/p-044,"dynamic_range(z=-4.3),snr(z=+3.2)",,
train/Malignant/ISPY2-318438/p-082,"sharpness_lapvar(z=+4.3),noise_sigma(z=+3.6)",,
train/Malignant/ISPY2-131595/p-025,dynamic_range(z=-4.3),,
train/Malignant/ISPY2-461824/p-034,"dynamic_range(z=-4.3),snr(z=+3.9)",,
train/Malignant/ACRIN-6698-870077/p-027,dynamic_range(z=-4.3),,
train/Malignant/ISPY2-303947/p-100,"sharpness_lapvar(z=+3.1),hf_energy_frac(z=+4.3)",,
train/Malignant/ISPY2-824512/p-047,hf_energy_frac(z=+4.3),,
train/Malignant/ACRIN-6698-188700/p-051,dynamic_range(z=-4.2),,
train/Malignant/ISPY2-614434/p-027,dynamic_range(z=-4.2),,
train/Malignant/ISPY2-181819/p-035,"entropy(z=-3.6),dynamic_range(z=-4.2)",,
train/Malignant/ISPY2-831702/p-060,dynamic_range(z=-4.2),,
train/Malignant/ACRIN-6698-863161/p-089,"sharpness_lapvar(z=+4.2),noise_sigma(z=+3.2)",,
train/Malignant/ISPY2-318438/p-093,"sharpness_lapvar(z=+4.2),noise_sigma(z=+3.5)",,
train/Malignant/ISPY2-531672/p-076,"sharpness_lapvar(z=+3.9),noise_sigma(z=+4.2)",,
train/Malignant/ISPY2-437162/p-066,entropy(z=-4.2),,
train/Malignant/ACRIN-6698-755914/p-084,snr(z=+4.2),,
train/Malignant/ISPY2-885590/p-063,hf_energy_frac(z=+4.2),,
train/Malignant/ISPY2-182346/p-116,aspect_ratio(z=+4.2),,
train/Malignant/ISPY2-914968/p-133,aspect_ratio(z=+4.2),,
val/Malignant/ISPY2-378401/p-062,hf_energy_frac(z=+4.2),,
train/Malignant/ACRIN-6698-900959/p-070,entropy(z=-4.2),,
train/Malignant/ISPY2-832056/p-057,hf_energy_frac(z=+4.2),,
train/Malignant/ISPY2-733276/p-036,dynamic_range(z=-4.2),,
train/Malignant/ISPY2-729270/p-032,hf_energy_frac(z=+4.2),,
train/Malignant/ACRIN-6698-203060/p-027,aspect_ratio(z=+4.2),,
train/Malignant/ISPY2-422454/p-101,hf_energy_frac(z=+4.2),,
val/Malignant/ISPY2-380769/p-049,dynamic_range(z=-4.2),,
train/Malignant/ISPY2-916586/p-040,entropy(z=-4.2),,
val/Malignant/ISPY2-157463/p-024,"dynamic_range(z=-4.0),snr(z=+4.2)",,
train/Malignant/ISPY2-627981/p-125,"sharpness_lapvar(z=+4.2),noise_sigma(z=+3.6)",,
train/Malignant/ISPY2-188511/p-088,"sharpness_lapvar(z=+3.8),noise_sigma(z=+4.1),hf_energy_frac(z=+4.2)",,
train/Malignant/ACRIN-6698-253531/p-093,aspect_ratio(z=+4.2),,
val/Malignant/ISPY2-199960/p-116,aspect_ratio(z=+4.2),,
val/Malignant/ISPY2-453596/p-038,"dynamic_range(z=-4.2),snr(z=+3.2)",,
train/Malignant/ISPY2-318438/p-072,"sharpness_lapvar(z=+4.2),hf_energy_frac(z=+3.1)",,
train/Malignant/ISPY2-318438/p-092,"sharpness_lapvar(z=+4.2),noise_sigma(z=+3.4)",,
train/Malignant/ISPY2-733276/p-043,dynamic_range(z=-4.2),,
val/Malignant/ISPY2-453596/p-036,"dynamic_range(z=-4.2),snr(z=+3.7)",,
train/Malignant/ISPY2-573881/p-067,sharpness_lapvar(z=+4.2),,
train/Malignant/ACRIN-6698-734997/p-038,aspect_ratio(z=+4.2),,
val/Malignant/ISPY2-896939/p-132,aspect_ratio(z=+4.2),,
train/Malignant/ISPY2-155171/p-110,aspect_ratio(z=+4.2),,
val/Malignant/ISPY2-930853/p-022,"entropy(z=-3.7),snr(z=+4.2)",,
train/Malignant/ISPY2-769972/p-029,snr(z=+4.2),,
train/Malignant/ISPY2-899381/p-028,entropy(z=-4.2),,
train/Malignant/ACRIN-6698-412772/p-039,dynamic_range(z=-4.2),,
train/Malignant/ISPY2-733276/p-041,dynamic_range(z=-4.2),,
train/Malignant/ISPY2-102011/p-033,dynamic_range(z=-4.2),,
train/Malignant/ACRIN-6698-711476/p-046,dynamic_range(z=-4.2),,
train/Malignant/ISPY2-478484/p-031,dynamic_range(z=-4.2),,
train/Malignant/ACRIN-6698-629606/p-095,"sharpness_lapvar(z=+4.2),noise_sigma(z=+3.0)",,
train/Malignant/ISPY2-791944/p-106,"sharpness_lapvar(z=+4.2),noise_sigma(z=+3.1)",,
train/Malignant/ACRIN-6698-755914/p-071,"dynamic_range(z=-3.7),snr(z=+4.2)",,
train/Malignant/ISPY2-318569/p-069,aspect_ratio(z=+4.2),,
train/Malignant/ISPY2-759015/p-019,snr(z=+4.2),,
train/Malignant/ACRIN-6698-734997/p-084,aspect_ratio(z=+4.2),,
train/Malignant/ISPY2-520986/p-063,entropy(z=-4.2),,
train/Malignant/ACRIN-6698-188700/p-059,dynamic_range(z=-4.2),,
train/Malignant/ISPY2-999264/p-026,dynamic_range(z=-4.2),,
train/Malignant/ACRIN-6698-863161/p-102,"sharpness_lapvar(z=+4.2),noise_sigma(z=+3.1)",,
train/Malignant/ISPY2-491779/p-097,hf_energy_frac(z=+4.2),,
train/Malignant/ISPY2-831702/p-034,aspect_ratio(z=+4.2),,
train/Malignant/ISPY2-836983/p-039,"sharpness_lapvar(z=+4.2),noise_sigma(z=+3.5)",,
train/Malignant/ACRIN-6698-169918/p-029,aspect_ratio(z=+4.2),,
train/Malignant/ISPY2-500826/p-032,dynamic_range(z=-4.2),,
train/Malignant/ACRIN-6698-870077/p-019,dynamic_range(z=-4.2),,
train/Malignant/ISPY2-999264/p-010,dynamic_range(z=-4.2),,
val/Malignant/ISPY2-896939/p-072,hf_energy_frac(z=+4.2),,
train/Malignant/ACRIN-6698-755914/p-078,"dynamic_range(z=-4.1),snr(z=+4.2)",,
train/Malignant/ISPY2-209397/p-100,hf_energy_frac(z=+4.2),,
train/Malignant/ISPY2-151980/p-060,"sharpness_lapvar(z=+3.0),hf_energy_frac(z=+4.2)",,
train/Malignant/ISPY2-575372/p-066,dynamic_range(z=-4.2),,
train/Malignant/ISPY2-102011/p-037,dynamic_range(z=-4.2),,
train/Malignant/ISPY2-220664/p-050,aspect_ratio(z=+4.2),,
train/Malignant/ISPY2-443444/p-017,aspect_ratio(z=+4.2),,
train/Malignant/ISPY2-883696/p-039,"dynamic_range(z=-3.4),aspect_ratio(z=+4.2)",,
train/Malignant/ISPY2-151980/p-098,hf_energy_frac(z=+4.2),,
train/Malignant/ISPY2-791944/p-105,"sharpness_lapvar(z=+4.2),hf_energy_frac(z=+3.7)",,
train/Malignant/ACRIN-6698-890372/p-053,dynamic_range(z=-4.2),,
train/Malignant/ISPY2-116165/p-027,"contrast(z=-3.0),dynamic_range(z=-4.2)",,
val/Malignant/ISPY2-279902/p-047,"dynamic_range(z=-4.2),hf_energy_frac(z=+3.6)",,
train/Malignant/ISPY2-999264/p-013,dynamic_range(z=-4.2),,
train/Malignant/ISPY2-318438/p-069,sharpness_lapvar(z=+4.2),,
train/Malignant/ISPY2-466267/p-038,"sharpness_lapvar(z=+4.2),noise_sigma(z=+3.5)",,
train/Malignant/ACRIN-6698-755914/p-069,"dynamic_range(z=-4.2),snr(z=+3.5)",,
train/Malignant/ACRIN-6698-856159/p-023,"entropy(z=-3.8),dynamic_range(z=-4.2),snr(z=+3.7)",,
train/Malignant/ACRIN-6698-547892/p-033,entropy(z=-4.2),,
train/Malignant/ISPY2-865416/p-056,hf_energy_frac(z=+4.2),,
train/Malignant/ACRIN-6698-342959/p-103,hf_energy_frac(z=+4.2),,
train/Malignant/ISPY2-531672/p-075,"sharpness_lapvar(z=+3.3),noise_sigma(z=+4.2)",,
train/Malignant/ISPY2-301968/p-060,entropy(z=-4.2),,
train/Malignant/ISPY2-422454/p-102,hf_energy_frac(z=+4.2),,
train/Malignant/ACRIN-6698-102212/p-017,"entropy(z=-3.5),snr(z=+4.2)",,
val/Malignant/ISPY2-123660/p-094,hf_energy_frac(z=+4.2),,
train/Malignant/ACRIN-6698-629606/p-093,sharpness_lapvar(z=+4.2),,
train/Malignant/ISPY2-446263/p-048,dynamic_range(z=-4.2),,
train/Malignant/ISPY2-756412/p-003,dynamic_range(z=-4.2),,
train/Malignant/ACRIN-6698-755914/p-073,"dynamic_range(z=-4.2),snr(z=+4.1)",,
train/Malignant/ACRIN-6698-987914/p-044,dynamic_range(z=-4.2),,
train/Malignant/ISPY2-451482/p-117,"sharpness_lapvar(z=+3.9),noise_sigma(z=+4.2),hf_energy_frac(z=+3.9)",,
train/Malignant/ACRIN-6698-774840/p-054,aspect_ratio(z=+4.2),,
train/Malignant/ISPY2-318438/p-068,sharpness_lapvar(z=+4.2),,
train/Malignant/ISPY2-729270/p-076,"sharpness_lapvar(z=+4.0),hf_energy_frac(z=+4.2)",,
train/Malignant/ACRIN-6698-373346/p-060,"entropy(z=-3.8),aspect_ratio(z=+4.2)",,
val/Malignant/ISPY2-279902/p-050,dynamic_range(z=-4.2),,
train/Malignant/ISPY2-987995/p-086,hf_energy_frac(z=+4.2),,
train/Malignant/ACRIN-6698-317641/p-041,snr(z=+4.2),,
train/Malignant/ISPY2-974181/p-123,hf_energy_frac(z=+4.2),,
train/Malignant/ISPY2-282082/p-033,hf_energy_frac(z=+4.2),,
train/Malignant/ISPY2-439489/p-018,dynamic_range(z=-4.2),,
train/Malignant/ISPY2-243836/p-018,"entropy(z=-3.2),snr(z=+4.2)",,
train/Malignant/ISPY2-520986/p-065,entropy(z=-4.2),,
train/Malignant/ISPY2-112606/p-116,dynamic_range(z=-4.2),,
train/Malignant/ISPY2-363669/p-037,dynamic_range(z=-4.2),,
train/Malignant/ACRIN-6698-890372/p-058,dynamic_range(z=-4.2),,
train/Malignant/ACRIN-6698-960029/p-035,"entropy(z=-3.2),dynamic_range(z=-4.2)",,
train/Malignant/ISPY2-491779/p-095,hf_energy_frac(z=+4.2),,
train/Malignant/ISPY2-622078/p-122,aspect_ratio(z=+4.2),,
train/Malignant/ACRIN-6698-169918/p-019,"hf_energy_frac(z=+3.1),aspect_ratio(z=+4.2)",,
train/Malignant/ISPY2-573881/p-065,sharpness_lapvar(z=+4.2),,
train/Malignant/ISPY2-872188/p-024,dynamic_range(z=-4.2),,
train/Malignant/ACRIN-6698-323721/p-052,dynamic_range(z=-4.2),,
train/Malignant/ISPY2-575372/p-056,dynamic_range(z=-4.2),,
train/Malignant/ISPY2-575372/p-061,dynamic_range(z=-4.2),,
train/Malignant/ACRIN-6698-894673/p-104,"sharpness_lapvar(z=+4.1),noise_sigma(z=+3.0)",,
train/Malignant/ISPY2-836983/p-038,"sharpness_lapvar(z=+4.1),noise_sigma(z=+3.3)",,
train/Malignant/ISPY2-797499/p-049,dynamic_range(z=-4.1),,
train/Malignant/ACRIN-6698-734997/p-037,aspect_ratio(z=+4.1),,
train/Malignant/ISPY2-515141/p-057,entropy(z=-4.1),,
train/Malignant/ISPY2-136536/p-018,"sharpness_lapvar(z=+4.1),noise_sigma(z=+3.8)",,
train/Malignant/ISPY2-125418/p-075,aspect_ratio(z=+4.1),,
train/Malignant/ISPY2-188511/p-068,"sharpness_lapvar(z=+3.7),noise_sigma(z=+4.1),hf_energy_frac(z=+3.3)",,
train/Malignant/ACRIN-6698-629606/p-092,sharpness_lapvar(z=+4.1),,
train/Malignant/ACRIN-6698-755914/p-087,"dynamic_range(z=-3.1),snr(z=+4.1)",,
train/Malignant/ISPY2-987995/p-087,hf_energy_frac(z=+4.1),,
train/Malignant/ACRIN-6698-241998/p-033,dynamic_range(z=-4.1),,
train/Malignant/ISPY2-639663/p-049,aspect_ratio(z=+4.1),,
train/Malignant/ISPY2-363669/p-034,"dynamic_range(z=-4.0),snr(z=+4.1)",,
val/Malignant/ISPY2-896939/p-124,hf_energy_frac(z=+4.1),,
train/Malignant/ISPY2-318438/p-073,"sharpness_lapvar(z=+4.1),noise_sigma(z=+3.1)",,
train/Malignant/ISPY2-729270/p-078,"sharpness_lapvar(z=+4.0),hf_energy_frac(z=+4.1)",,
train/Malignant/ISPY2-605713/p-063,snr(z=+4.1),,
train/Malignant/ACRIN-6698-462582/p-017,dynamic_range(z=-4.1),,
train/Malignant/ISPY2-136536/p-017,"sharpness_lapvar(z=+4.1),noise_sigma(z=+3.6)",,
train/Malignant/ISPY2-540539/p-065,"sharpness_lapvar(z=+3.0),noise_sigma(z=+3.2),hf_energy_frac(z=+4.1)",,
val/Malignant/ISPY2-157463/p-041,dynamic_range(z=-4.1),,
train/Malignant/ISPY2-461824/p-031,dynamic_range(z=-4.1),,
train/Malignant/ISPY2-493519/p-058,hf_energy_frac(z=+4.1),,
val/Malignant/ISPY2-896939/p-127,aspect_ratio(z=+4.1),,
val/Malignant/ISPY2-896939/p-128,aspect_ratio(z=+4.1),,
train/Malignant/ISPY2-318438/p-106,"sharpness_lapvar(z=+3.7),noise_sigma(z=+3.6),hf_energy_frac(z=+4.1)",,
train/Malignant/ISPY2-899381/p-027,entropy(z=-4.1),,
train/Malignant/ISPY2-598798/p-071,sharpness_lapvar(z=+4.1),,
train/Malignant/ACRIN-6698-547892/p-037,entropy(z=-4.1),,
train/Malignant/ACRIN-6698-326433/p-101,"sharpness_lapvar(z=+4.1),noise_sigma(z=+3.1)",,
train/Malignant/ISPY2-342142/p-044,dynamic_range(z=-4.1),,
train/Malignant/ACRIN-6698-899692/p-043,dynamic_range(z=-4.1),,
train/Malignant/ISPY2-953262/p-073,sharpness_lapvar(z=+4.1),,
train/Malignant/ISPY2-318438/p-064,"sharpness_lapvar(z=+4.1),noise_sigma(z=+3.1)",,
train/Malignant/ISPY2-575372/p-055,dynamic_range(z=-4.1),,
train/Malignant/ACRIN-6698-323721/p-039,dynamic_range(z=-4.1),,
train/Malignant/ACRIN-6698-987914/p-036,dynamic_range(z=-4.1),,
train/Malignant/ACRIN-6698-691753/p-043,entropy(z=-4.1),,
train/Malignant/ISPY2-552313/p-068,hf_energy_frac(z=+4.1),,
train/Malignant/ACRIN-6698-522140/p-045,dynamic_range(z=-4.1),,
train/Malignant/ACRIN-6698-899692/p-031,dynamic_range(z=-4.1),,
train/Malignant/ISPY2-575372/p-064,dynamic_range(z=-4.1),,
train/Malignant/ACRIN-6698-573919/p-064,hf_energy_frac(z=+4.1),,
train/Malignant/ISPY2-729270/p-079,sharpness_lapvar(z=+4.1),,
val/Malignant/ACRIN-6698-955035/p-022,aspect_ratio(z=+4.1),,
train/Malignant/ISPY2-759015/p-020,snr(z=+4.1),,
train/Malignant/ISPY2-128051/p-085,sharpness_lapvar(z=+4.1),,
val/Malignant/ACRIN-6698-219545/p-068,hf_energy_frac(z=+4.1),,
train/Malignant/ISPY2-515141/p-056,entropy(z=-4.1),,
train/Malignant/ACRIN-6698-323721/p-048,dynamic_range(z=-4.1),,
train/Malignant/ISPY2-953262/p-102,sharpness_lapvar(z=+4.1),,
train/Malignant/ISPY2-865416/p-060,"sharpness_lapvar(z=+3.0),hf_energy_frac(z=+4.1)",,
train/Malignant/ACRIN-6698-522140/p-030,dynamic_range(z=-4.1),,
train/Malignant/ISPY2-391942/p-056,dynamic_range(z=-4.1),,
val/Malignant/ISPY2-157463/p-040,"dynamic_range(z=-4.1),snr(z=+3.4)",,
train/Malignant/ISPY2-605713/p-021,snr(z=+4.1),,
train/Malignant/ACRIN-6698-928446/p-118,hf_energy_frac(z=+4.1),,
train/Malignant/ISPY2-892390/p-040,hf_energy_frac(z=+4.1),,
train/Malignant/ISPY2-318438/p-083,"sharpness_lapvar(z=+4.1),noise_sigma(z=+3.3)",,
val/Malignant/ACRIN-6698-728182/p-124,aspect_ratio(z=+4.1),,
val/Malignant/ACRIN-6698-955035/p-016,aspect_ratio(z=+4.1),,
val/Malignant/ISPY2-123660/p-085,aspect_ratio(z=+4.1),,
train/Malignant/ACRIN-6698-629606/p-101,sharpness_lapvar(z=+4.1),,
train/Malignant/ACRIN-6698-241998/p-036,dynamic_range(z=-4.1),,
train/Malignant/ACRIN-6698-412772/p-047,"dynamic_range(z=-4.1),hf_energy_frac(z=+3.4)",,
train/Malignant/ACRIN-6698-890372/p-054,dynamic_range(z=-4.1),,
val/Malignant/ACRIN-6698-103939/p-043,"contrast(z=-3.2),dynamic_range(z=-4.1)",,
train/Malignant/ACRIN-6698-755914/p-081,snr(z=+4.1),,
val/Malignant/ISPY2-714205/p-024,hf_energy_frac(z=+4.1),,
train/Malignant/ISPY2-318438/p-108,"sharpness_lapvar(z=+3.7),noise_sigma(z=+3.6),hf_energy_frac(z=+4.1)",,
train/Malignant/ISPY2-136536/p-016,"sharpness_lapvar(z=+4.1),noise_sigma(z=+3.8)",,
train/Malignant/ISPY2-601489/p-084,width(z=+4.1),,
train/Malignant/ISPY2-601489/p-087,width(z=+4.1),,
train/Malignant/ISPY2-601489/p-088,width(z=+4.1),,
train/Malignant/ACRIN-6698-326433/p-077,sharpness_lapvar(z=+4.1),,
train/Malignant/ISPY2-567907/p-046,entropy(z=-4.1),,
train/Malignant/ISPY2-177795/p-037,dynamic_range(z=-4.1),,
train/Malignant/ACRIN-6698-863161/p-086,sharpness_lapvar(z=+4.1),,
train/Malignant/ISPY2-639663/p-027,aspect_ratio(z=+4.1),,
train/Malignant/ISPY2-974181/p-078,hf_energy_frac(z=+4.1),,
train/Malignant/ISPY2-128051/p-058,entropy(z=-4.1),,
train/Malignant/ISPY2-552313/p-094,hf_energy_frac(z=+4.1),,
train/Malignant/ISPY2-125418/p-069,aspect_ratio(z=+4.1),,
train/Malignant/ISPY2-664658/p-104,dynamic_range(z=-4.1),,
train/Malignant/ACRIN-6698-987914/p-037,dynamic_range(z=-4.1),,
train/Malignant/ACRIN-6698-863161/p-103,"sharpness_lapvar(z=+4.1),noise_sigma(z=+3.1)",,
train/Malignant/ISPY2-491779/p-058,hf_energy_frac(z=+4.1),,
val/Malignant/ISPY2-685182/p-029,hf_energy_frac(z=+4.1),,
train/Malignant/ISPY2-318438/p-081,"sharpness_lapvar(z=+4.1),noise_sigma(z=+3.3)",,
train/Malignant/ISPY2-598798/p-035,sharpness_lapvar(z=+4.1),,
train/Malignant/ACRIN-6698-863161/p-104,"sharpness_lapvar(z=+4.1),noise_sigma(z=+3.2)",,
train/Malignant/ISPY2-797499/p-040,"dynamic_range(z=-4.1),snr(z=+3.1)",,
train/Malignant/ISPY2-876511/p-095,hf_energy_frac(z=+4.1),,
train/Malignant/ISPY2-536253/p-059,hf_energy_frac(z=+4.1),,
train/Malignant/ISPY2-567907/p-073,aspect_ratio(z=+4.1),,
train/Malignant/ISPY2-960490/p-105,hf_energy_frac(z=+4.1),,
train/Malignant/ISPY2-601489/p-080,width(z=+4.1),,
train/Malignant/ISPY2-601489/p-082,width(z=+4.1),,
train/Malignant/ISPY2-601489/p-083,width(z=+4.1),,
train/Malignant/ISPY2-601489/p-085,width(z=+4.1),,
train/Malignant/ISPY2-601489/p-086,width(z=+4.1),,
train/Malignant/ISPY2-601489/p-089,width(z=+4.1),,
train/Malignant/ISPY2-601489/p-081,width(z=+4.1),,
train/Malignant/ISPY2-567907/p-044,entropy(z=-4.1),,
val/Malignant/ACRIN-6698-928815/p-070,snr(z=+4.1),,
train/Malignant/ISPY2-824512/p-082,hf_energy_frac(z=+4.1),,
train/Malignant/ISPY2-836983/p-068,"sharpness_lapvar(z=+4.1),noise_sigma(z=+3.6)",,
train/Malignant/ACRIN-6698-843554/p-012,dynamic_range(z=-4.1),,
train/Malignant/ISPY2-125418/p-076,aspect_ratio(z=+4.1),,
train/Malignant/ACRIN-6698-169918/p-020,aspect_ratio(z=+4.1),,
val/Malignant/ISPY2-714205/p-053,hf_energy_frac(z=+4.1),,
train/Malignant/ISPY2-873686/p-091,"sharpness_lapvar(z=+4.1),noise_sigma(z=+3.7)",,
train/Malignant/ISPY2-164468/p-006,dynamic_range(z=-4.1),,
train/Malignant/ACRIN-6698-899692/p-030,dynamic_range(z=-4.1),,
train/Malignant/ISPY2-245655/p-065,"sharpness_lapvar(z=+3.1),noise_sigma(z=+3.2),hf_energy_frac(z=+4.1)",,
train/Malignant/ISPY2-342996/p-067,"dynamic_range(z=-3.8),snr(z=+4.0)",,
train/Malignant/ACRIN-6698-342959/p-102,hf_energy_frac(z=+4.0),,
train/Malignant/ACRIN-6698-547892/p-032,entropy(z=-4.0),,
train/Malignant/ISPY2-804233/p-038,dynamic_range(z=-4.0),,
train/Malignant/ACRIN-6698-218503/p-023,dynamic_range(z=-4.0),,
train/Malignant/ACRIN-6698-317641/p-042,snr(z=+4.0),,
train/Malignant/ISPY2-318438/p-066,sharpness_lapvar(z=+4.0),,
train/Malignant/ISPY2-742477/p-069,aspect_ratio(z=+4.0),,
train/Malignant/ISPY2-532183/p-032,aspect_ratio(z=+4.0),,
train/Malignant/ISPY2-845663/p-051,aspect_ratio(z=+4.0),,
train/Malignant/ISPY2-303685/p-065,aspect_ratio(z=+4.0),,
train/Malignant/ISPY2-851488/p-119,hf_energy_frac(z=+4.0),,
train/Malignant/ISPY2-282082/p-045,hf_energy_frac(z=+4.0),,
train/Malignant/ACRIN-6698-580541/p-044,hf_energy_frac(z=+4.0),,
train/Malignant/ACRIN-6698-924071/p-018,dynamic_range(z=-4.0),,
train/Malignant/ACRIN-6698-188700/p-063,dynamic_range(z=-4.0),,
train/Malignant/ACRIN-6698-587691/p-056,dynamic_range(z=-4.0),,
train/Malignant/ISPY2-466267/p-041,"sharpness_lapvar(z=+4.0),noise_sigma(z=+3.8)",,
train/Malignant/ISPY2-607047/p-031,hf_energy_frac(z=+4.0),,
train/Malignant/ISPY2-596458/p-049,"sharpness_lapvar(z=+4.0),noise_sigma(z=+3.4)",,
train/Malignant/ISPY2-994987/p-040,"entropy(z=-3.5),snr(z=+4.0)",,
train/Malignant/ISPY2-485637/p-172,"sharpness_lapvar(z=+4.0),noise_sigma(z=+3.3)",,
train/Malignant/ISPY2-573881/p-064,sharpness_lapvar(z=+4.0),,
train/Malignant/ISPY2-228192/p-111,hf_energy_frac(z=+4.0),,
train/Malignant/ISPY2-341238/p-052,dynamic_range(z=-4.0),,
train/Malignant/ISPY2-568953/p-044,dynamic_range(z=-4.0),,
train/Malignant/ISPY2-616994/p-041,"entropy(z=-4.0),dynamic_range(z=-4.0)",,
train/Malignant/ISPY2-905264/p-050,"sharpness_lapvar(z=+4.0),noise_sigma(z=+3.3)",,
train/Malignant/ACRIN-6698-738041/p-050,snr(z=+4.0),,
train/Malignant/ISPY2-567907/p-047,entropy(z=-4.0),,
train/Malignant/ACRIN-6698-326433/p-073,sharpness_lapvar(z=+4.0),,
train/Malignant/ISPY2-598798/p-034,sharpness_lapvar(z=+4.0),,
train/Malignant/ACRIN-6698-361701/p-043,dynamic_range(z=-4.0),,
train/Malignant/ACRIN-6698-943633/p-049,dynamic_range(z=-4.0),,
train/Malignant/ISPY2-733276/p-039,dynamic_range(z=-4.0),,
train/Malignant/ISPY2-733276/p-046,dynamic_range(z=-4.0),,
train/Malignant/ISPY2-342142/p-042,dynamic_range(z=-4.0),,
train/Malignant/ACRIN-6698-629606/p-094,sharpness_lapvar(z=+4.0),,
train/Malignant/ISPY2-245655/p-056,"sharpness_lapvar(z=+3.4),noise_sigma(z=+3.4),hf_energy_frac(z=+4.0)",,
train/Malignant/ISPY2-451482/p-113,"sharpness_lapvar(z=+3.9),noise_sigma(z=+4.0),hf_energy_frac(z=+4.0)",,
val/Malignant/ISPY2-353318/p-031,snr(z=+4.0),,
train/Malignant/ISPY2-182346/p-097,aspect_ratio(z=+4.0),,
train/Malignant/ISPY2-701790/p-054,entropy(z=-4.0),,
train/Malignant/ISPY2-451482/p-083,entropy(z=-4.0),,
train/Malignant/ACRIN-6698-384830/p-039,dynamic_range(z=-4.0),,
train/Malignant/ISPY2-613961/p-031,dynamic_range(z=-4.0),,
train/Malignant/ISPY2-250274/p-036,dynamic_range(z=-4.0),,
train/Malignant/ISPY2-357034/p-019,dynamic_range(z=-4.0),,
train/Malignant/ISPY2-363669/p-062,aspect_ratio(z=+4.0),,
train/Malignant/ISPY2-607047/p-100,hf_energy_frac(z=+4.0),,
train/Malignant/ISPY2-836983/p-036,"sharpness_lapvar(z=+4.0),noise_sigma(z=+3.2)",,
train/Malignant/ACRIN-6698-580541/p-035,dynamic_range(z=-4.0),,
train/Malignant/ISPY2-728714/p-063,entropy(z=-4.0),,
val/Malignant/ISPY2-896939/p-129,aspect_ratio(z=+4.0),,
train/Malignant/ISPY2-601489/p-068,width(z=+4.0),,
train/Malignant/ISPY2-601489/p-076,width(z=+4.0),,
train/Malignant/ISPY2-601489/p-075,width(z=+4.0),,
train/Malignant/ISPY2-601489/p-069,width(z=+4.0),,
train/Malignant/ISPY2-309830/p-113,hf_energy_frac(z=+4.0),,
train/Malignant/ISPY2-190224/p-083,entropy(z=-4.0),,
train/Malignant/ISPY2-264678/p-044,hf_energy_frac(z=+4.0),,
train/Malignant/ISPY2-350331/p-026,entropy(z=-4.0),,
train/Malignant/ACRIN-6698-870077/p-021,dynamic_range(z=-4.0),,
val/Malignant/ISPY2-380769/p-048,dynamic_range(z=-4.0),,
train/Malignant/ISPY2-999264/p-018,"dynamic_range(z=-4.0),snr(z=+3.5)",,
train/Malignant/ISPY2-609897/p-036,dynamic_range(z=-4.0),,
train/Malignant/ACRIN-6698-863161/p-077,sharpness_lapvar(z=+4.0),,
val/Malignant/ISPY2-157463/p-031,snr(z=+4.0),,
train/Malignant/ISPY2-621179/p-040,hf_energy_frac(z=+4.0),,
val/Malignant/ISPY2-151481/p-104,hf_energy_frac(z=+4.0),,
train/Malignant/ACRIN-6698-863161/p-105,"sharpness_lapvar(z=+4.0),noise_sigma(z=+3.0)",,
train/Malignant/ISPY2-756412/p-031,"dynamic_range(z=-4.0),snr(z=+3.0)",,
train/Malignant/ACRIN-6698-987914/p-033,dynamic_range(z=-4.0),,
train/Malignant/ACRIN-6698-987914/p-029,dynamic_range(z=-4.0),,
train/Malignant/ACRIN-6698-580541/p-029,dynamic_range(z=-4.0),,
train/Malignant/ACRIN-6698-890372/p-052,dynamic_range(z=-4.0),,
train/Malignant/ISPY2-676630/p-098,noise_sigma(z=+4.0),,
train/Malignant/ISPY2-531672/p-086,"sharpness_lapvar(z=+4.0),noise_sigma(z=+4.0)",,
train/Malignant/ISPY2-128051/p-059,entropy(z=-4.0),,
train/Malignant/ISPY2-596079/p-103,hf_energy_frac(z=+4.0),,
train/Malignant/ISPY2-122795/p-021,entropy(z=-4.0),,
train/Malignant/ISPY2-828199/p-017,aspect_ratio(z=+4.0),,
train/Malignant/ISPY2-999264/p-012,dynamic_range(z=-4.0),,
train/Malignant/ISPY2-478484/p-023,dynamic_range(z=-4.0),,
train/Malignant/ISPY2-535569/p-048,"entropy(z=-3.6),dynamic_range(z=-4.0)",,
train/Malignant/ISPY2-266509/p-049,dynamic_range(z=-4.0),,
train/Malignant/ISPY2-598798/p-084,sharpness_lapvar(z=+4.0),,
train/Malignant/ISPY2-824512/p-066,hf_energy_frac(z=+4.0),,
train/Malignant/ISPY2-202956/p-016,dynamic_range(z=-4.0),,
val/Malignant/ISPY2-345483/p-081,"dynamic_range(z=-4.0),aspect_ratio(z=+3.1)",,
train/Malignant/ISPY2-797499/p-051,dynamic_range(z=-4.0),,
train/Malignant/ISPY2-570685/p-032,dynamic_range(z=-4.0),,
train/Malignant/ISPY2-116165/p-050,dynamic_range(z=-4.0),,
val/Malignant/ACRIN-6698-928815/p-071,snr(z=+4.0),,
train/Malignant/ACRIN-6698-863161/p-091,sharpness_lapvar(z=+4.0),,
train/Malignant/ACRIN-6698-169918/p-032,aspect_ratio(z=+4.0),,
train/Malignant/ISPY2-742477/p-071,aspect_ratio(z=+4.0),,
train/Malignant/ISPY2-515141/p-027,noise_sigma(z=+4.0),,
train/Malignant/ACRIN-6698-280375/p-042,"contrast(z=-3.0),dynamic_range(z=-4.0)",,
train/Malignant/ISPY2-637051/p-048,dynamic_range(z=-4.0),,
train/Malignant/ACRIN-6698-522140/p-037,dynamic_range(z=-4.0),,
train/Malignant/ISPY2-341238/p-053,dynamic_range(z=-4.0),,
train/Malignant/ISPY2-520986/p-064,entropy(z=-4.0),,
train/Malignant/ISPY2-729270/p-077,"sharpness_lapvar(z=+4.0),hf_energy_frac(z=+3.0)",,
train/Malignant/ISPY2-729270/p-069,sharpness_lapvar(z=+4.0),,
train/Malignant/ISPY2-527320/p-113,aspect_ratio(z=+4.0),,
train/Malignant/ISPY2-567907/p-045,entropy(z=-4.0),,
train/Malignant/ISPY2-531672/p-087,"sharpness_lapvar(z=+4.0),noise_sigma(z=+3.9)",,
train/Malignant/ISPY2-489973/p-029,"brightness(z=-3.1),contrast(z=-3.2),dynamic_range(z=-4.0)",,
train/Malignant/ISPY2-102011/p-034,dynamic_range(z=-4.0),,
train/Malignant/ACRIN-6698-188700/p-054,dynamic_range(z=-4.0),,
train/Malignant/ACRIN-6698-663144/p-064,aspect_ratio(z=+4.0),,
val/Malignant/ISPY2-157463/p-036,snr(z=+4.0),,
train/Malignant/ACRIN-6698-987914/p-045,dynamic_range(z=-4.0),,
train/Malignant/ACRIN-6698-563681/p-070,dynamic_range(z=-4.0),,
train/Malignant/ISPY2-177795/p-021,dynamic_range(z=-4.0),,
train/Malignant/ACRIN-6698-929980/p-031,dynamic_range(z=-4.0),,
train/Malignant/ISPY2-733276/p-034,dynamic_range(z=-4.0),,
train/Malignant/ISPY2-573881/p-062,sharpness_lapvar(z=+4.0),,
train/Malignant/ISPY2-957408/p-035,entropy(z=-4.0),,
train/Malignant/ACRIN-6698-901705/p-050,aspect_ratio(z=+4.0),,
train/Malignant/ISPY2-188511/p-087,"sharpness_lapvar(z=+3.6),noise_sigma(z=+4.0)",,
train/Malignant/ISPY2-729270/p-074,"sharpness_lapvar(z=+4.0),hf_energy_frac(z=+3.9)",,
train/Malignant/ISPY2-520986/p-072,entropy(z=-4.0),,
train/Malignant/ACRIN-6698-241998/p-039,aspect_ratio(z=+4.0),,
train/Malignant/ISPY2-318569/p-067,aspect_ratio(z=+4.0),,
train/Malignant/ACRIN-6698-412772/p-042,dynamic_range(z=-4.0),,
train/Malignant/ACRIN-6698-263143/p-008,dynamic_range(z=-4.0),,
train/Malignant/ISPY2-299840/p-043,aspect_ratio(z=+4.0),,
train/Malignant/ISPY2-601489/p-072,width(z=+4.0),,
train/Malignant/ISPY2-601489/p-070,width(z=+4.0),,
train/Malignant/ISPY2-601489/p-067,width(z=+4.0),,
train/Malignant/ISPY2-598798/p-072,sharpness_lapvar(z=+4.0),,
train/Malignant/ISPY2-768214/p-061,dynamic_range(z=-4.0),,
train/Malignant/ISPY2-797499/p-050,dynamic_range(z=-4.0),,
train/Malignant/ACRIN-6698-755914/p-082,snr(z=+4.0),,
train/Malignant/ISPY2-418593/p-105,hf_energy_frac(z=+4.0),,
train/Malignant/ISPY2-916586/p-078,hf_energy_frac(z=+4.0),,
train/Malignant/ISPY2-782334/p-116,hf_energy_frac(z=+4.0),,
train/Malignant/ISPY2-573881/p-069,sharpness_lapvar(z=+4.0),,
train/Malignant/ISPY2-605713/p-022,snr(z=+4.0),,
val/Malignant/ISPY2-345483/p-022,entropy(z=-4.0),,
train/Malignant/ISPY2-151980/p-093,hf_energy_frac(z=+4.0),,
train/Malignant/ISPY2-791321/p-089,entropy(z=-4.0),,
train/Malignant/ISPY2-301968/p-069,entropy(z=-4.0),,
train/Malignant/ISPY2-341238/p-048,dynamic_range(z=-4.0),,
train/Malignant/ISPY2-575372/p-059,dynamic_range(z=-4.0),,
train/Malignant/ISPY2-616994/p-017,dynamic_range(z=-4.0),,
train/Malignant/ISPY2-804233/p-039,dynamic_range(z=-4.0),,
train/Malignant/ISPY2-112606/p-102,dynamic_range(z=-4.0),,
val/Malignant/ISPY2-157463/p-044,"dynamic_range(z=-4.0),snr(z=+3.6)",,
train/Malignant/ISPY2-832056/p-075,hf_energy_frac(z=+4.0),,
train/Malignant/ISPY2-220664/p-047,aspect_ratio(z=+3.9),,
train/Malignant/ISPY2-572731/p-069,aspect_ratio(z=+3.9),,
train/Malignant/ACRIN-6698-412772/p-035,dynamic_range(z=-3.9),,
train/Malignant/ACRIN-6698-755914/p-076,"dynamic_range(z=-3.9),snr(z=+3.4)",,
val/Malignant/ISPY2-157463/p-023,"dynamic_range(z=-3.9),snr(z=+3.9)",,
train/Malignant/ISPY2-904269/p-046,dynamic_range(z=-3.9),,
train/Malignant/ISPY2-456432/p-045,"contrast(z=-3.1),dynamic_range(z=-3.9),aspect_ratio(z=+3.8)",,
train/Malignant/ISPY2-229824/p-016,hf_energy_frac(z=+3.9),,
train/Malignant/ISPY2-318569/p-056,aspect_ratio(z=+3.9),,
train/Malignant/ISPY2-791321/p-088,entropy(z=-3.9),,
train/Malignant/ISPY2-255577/p-035,snr(z=+3.9),,
train/Malignant/ACRIN-6698-629606/p-102,sharpness_lapvar(z=+3.9),,
val/Malignant/ISPY2-157463/p-067,snr(z=+3.9),,
train/Malignant/ACRIN-6698-323721/p-050,dynamic_range(z=-3.9),,
train/Malignant/ISPY2-728287/p-117,aspect_ratio(z=+3.9),,
train/Malignant/ISPY2-622078/p-121,aspect_ratio(z=+3.9),,
train/Malignant/ISPY2-489194/p-056,aspect_ratio(z=+3.9),,
train/Malignant/ACRIN-6698-894673/p-100,aspect_ratio(z=+3.9),,
train/Malignant/ACRIN-6698-571995/p-054,snr(z=+3.9),,
train/Malignant/ACRIN-6698-547892/p-036,entropy(z=-3.9),,
train/Malignant/ACRIN-6698-317641/p-035,"entropy(z=-3.9),snr(z=+3.1)",,
train/Malignant/ISPY2-607047/p-095,hf_energy_frac(z=+3.9),,
train/Malignant/ISPY2-601489/p-092,width(z=+3.9),,
train/Malignant/ISPY2-601489/p-079,width(z=+3.9),,
train/Malignant/ISPY2-601489/p-074,width(z=+3.9),,
train/Malignant/ISPY2-601489/p-078,width(z=+3.9),,
train/Malignant/ISPY2-601489/p-073,width(z=+3.9),,
train/Malignant/ISPY2-845663/p-047,aspect_ratio(z=+3.9),,
train/Malignant/ISPY2-637051/p-038,dynamic_range(z=-3.9),,
val/Malignant/ISPY2-157463/p-042,dynamic_range(z=-3.9),,
train/Malignant/ISPY2-520986/p-066,entropy(z=-3.9),,
train/Malignant/ISPY2-122795/p-044,entropy(z=-3.9),,
train/Malignant/ISPY2-729270/p-075,"sharpness_lapvar(z=+3.9),hf_energy_frac(z=+3.3)",,
train/Malignant/ISPY2-873686/p-092,"sharpness_lapvar(z=+3.9),noise_sigma(z=+3.6)",,
train/Malignant/ISPY2-350331/p-056,entropy(z=-3.9),,
train/Malignant/ISPY2-575372/p-062,dynamic_range(z=-3.9),,
val/Malignant/ISPY2-896939/p-123,hf_energy_frac(z=+3.9),,
train/Malignant/ISPY2-318438/p-085,sharpness_lapvar(z=+3.9),,
train/Malignant/ISPY2-282082/p-115,hf_energy_frac(z=+3.9),,
train/Malignant/ISPY2-836983/p-045,sharpness_lapvar(z=+3.9),,
train/Malignant/ISPY2-953262/p-107,"sharpness_lapvar(z=+3.8),hf_energy_frac(z=+3.9)",,
train/Malignant/ISPY2-491779/p-096,hf_energy_frac(z=+3.9),,
train/Malignant/ACRIN-6698-760901/p-065,hf_energy_frac(z=+3.9),,
train/Malignant/ACRIN-6698-188700/p-056,dynamic_range(z=-3.9),,
train/Malignant/ISPY2-568953/p-047,"dynamic_range(z=-3.9),snr(z=+3.4)",,
train/Malignant/ISPY2-233832/p-020,dynamic_range(z=-3.9),,
train/Malignant/ISPY2-768214/p-054,dynamic_range(z=-3.9),,
train/Malignant/ACRIN-6698-218503/p-024,dynamic_range(z=-3.9),,
train/Malignant/ISPY2-797499/p-046,dynamic_range(z=-3.9),,
train/Malignant/ISPY2-768214/p-044,dynamic_range(z=-3.9),,
train/Malignant/ISPY2-309830/p-120,hf_energy_frac(z=+3.9),,
train/Malignant/ISPY2-791321/p-087,entropy(z=-3.9),,
train/Malignant/ACRIN-6698-863161/p-090,sharpness_lapvar(z=+3.9),,
train/Malignant/ACRIN-6698-373346/p-059,"hf_energy_frac(z=+3.7),aspect_ratio(z=+3.9)",,
train/Malignant/ISPY2-115638/p-057,aspect_ratio(z=+3.9),,
train/Malignant/ISPY2-122795/p-042,entropy(z=-3.9),,
train/Malignant/ACRIN-6698-890372/p-051,dynamic_range(z=-3.9),,
train/Malignant/ISPY2-746731/p-019,dynamic_range(z=-3.9),,
train/Malignant/ISPY2-953262/p-084,"sharpness_lapvar(z=+3.9),noise_sigma(z=+3.0),hf_energy_frac(z=+3.6)",,
train/Malignant/ISPY2-845663/p-052,aspect_ratio(z=+3.9),,
train/Malignant/ISPY2-294265/p-018,aspect_ratio(z=+3.9),,
train/Malignant/ISPY2-905264/p-041,entropy(z=-3.9),,
train/Malignant/ISPY2-262131/p-128,aspect_ratio(z=+3.9),,
train/Malignant/ACRIN-6698-323721/p-040,dynamic_range(z=-3.9),,
train/Malignant/ISPY2-836983/p-042,"sharpness_lapvar(z=+3.9),noise_sigma(z=+3.4)",,
train/Malignant/ISPY2-531672/p-092,"sharpness_lapvar(z=+3.5),noise_sigma(z=+3.9)",,
train/Malignant/ISPY2-865416/p-059,hf_energy_frac(z=+3.9),,
train/Malignant/ISPY2-601489/p-090,width(z=+3.9),,
train/Malignant/ISPY2-601489/p-077,width(z=+3.9),,
train/Malignant/ISPY2-601489/p-066,width(z=+3.9),,
train/Malignant/ISPY2-601489/p-071,width(z=+3.9),,
train/Malignant/ISPY2-601489/p-091,width(z=+3.9),,
val/Malignant/ISPY2-453596/p-042,"dynamic_range(z=-3.9),snr(z=+3.3)",,
train/Malignant/ACRIN-6698-899692/p-039,dynamic_range(z=-3.9),,
train/Malignant/ISPY2-500826/p-030,"dynamic_range(z=-3.2),aspect_ratio(z=+3.9)",,
train/Malignant/ISPY2-532183/p-031,aspect_ratio(z=+3.9),,
train/Malignant/ISPY2-208265/p-063,aspect_ratio(z=+3.9),,
train/Malignant/ISPY2-783771/p-022,"entropy(z=-3.9),snr(z=+3.6)",,
train/Malignant/ISPY2-303947/p-101,"sharpness_lapvar(z=+3.5),hf_energy_frac(z=+3.9)",,
train/Malignant/ACRIN-6698-317641/p-047,snr(z=+3.9),,
train/Malignant/ISPY2-235995/p-020,entropy(z=-3.9),,
train/Malignant/ACRIN-6698-580541/p-028,"dynamic_range(z=-3.9),hf_energy_frac(z=+3.5)",,
train/Malignant/ISPY2-311316/p-020,dynamic_range(z=-3.9),,
train/Malignant/ISPY2-177795/p-030,dynamic_range(z=-3.9),,
train/Malignant/ISPY2-575372/p-058,dynamic_range(z=-3.9),,
train/Malignant/ISPY2-116165/p-049,dynamic_range(z=-3.9),,
train/Malignant/ISPY2-836983/p-034,"sharpness_lapvar(z=+3.9),noise_sigma(z=+3.1)",,
train/Malignant/ISPY2-676630/p-084,entropy(z=-3.9),,
train/Malignant/ISPY2-832056/p-087,hf_energy_frac(z=+3.9),,
train/Malignant/ISPY2-421829/p-167,hf_energy_frac(z=+3.9),,
train/Malignant/ISPY2-876511/p-050,hf_energy_frac(z=+3.9),,
train/Malignant/ISPY2-233832/p-032,dynamic_range(z=-3.9),,
train/Malignant/ACRIN-6698-890372/p-055,dynamic_range(z=-3.9),,
train/Malignant/ISPY2-797499/p-043,"dynamic_range(z=-3.9),snr(z=+3.5)",,
train/Malignant/ISPY2-999264/p-024,dynamic_range(z=-3.9),,
train/Malignant/ISPY2-836983/p-053,sharpness_lapvar(z=+3.9),,
train/Malignant/ISPY2-520986/p-067,entropy(z=-3.9),,
train/Malignant/ISPY2-350331/p-051,entropy(z=-3.9),,
train/Malignant/ISPY2-598798/p-083,sharpness_lapvar(z=+3.9),,
train/Malignant/ISPY2-567907/p-057,entropy(z=-3.9),,
train/Malignant/ACRIN-6698-323721/p-041,dynamic_range(z=-3.9),,
train/Malignant/ISPY2-568953/p-043,dynamic_range(z=-3.9),,
train/Malignant/ISPY2-746265/p-017,dynamic_range(z=-3.9),,
train/Malignant/ISPY2-660534/p-028,snr(z=+3.9),,
train/Malignant/ISPY2-916586/p-048,hf_energy_frac(z=+3.9),,
val/Malignant/ISPY2-157463/p-032,snr(z=+3.9),,
train/Malignant/ISPY2-960490/p-103,hf_energy_frac(z=+3.9),,
train/Malignant/ISPY2-116165/p-045,dynamic_range(z=-3.9),,
train/Malignant/ACRIN-6698-580541/p-032,dynamic_range(z=-3.9),,
train/Malignant/ISPY2-116165/p-031,dynamic_range(z=-3.9),,
train/Malignant/ISPY2-167271/p-051,dynamic_range(z=-3.9),,
train/Malignant/ISPY2-791321/p-084,entropy(z=-3.9),,
train/Malignant/ACRIN-6698-326433/p-099,"sharpness_lapvar(z=+3.9),noise_sigma(z=+3.1)",,
val/Malignant/ISPY2-896939/p-054,hf_energy_frac(z=+3.9),,
train/Malignant/ISPY2-188511/p-085,"sharpness_lapvar(z=+3.4),noise_sigma(z=+3.9)",,
train/Malignant/ISPY2-601489/p-063,width(z=+3.9),,
train/Malignant/ISPY2-601489/p-062,width(z=+3.9),,
train/Malignant/ISPY2-601489/p-064,width(z=+3.9),,
train/Malignant/ISPY2-601489/p-065,width(z=+3.9),,
train/Malignant/ISPY2-601489/p-093,width(z=+3.9),,
train/Malignant/ISPY2-790722/p-061,aspect_ratio(z=+3.9),,
train/Malignant/ISPY2-622078/p-123,aspect_ratio(z=+3.9),,
train/Malignant/ISPY2-997702/p-053,entropy(z=-3.9),,
train/Malignant/ISPY2-999264/p-021,dynamic_range(z=-3.9),,
train/Malignant/ACRIN-6698-890372/p-047,dynamic_range(z=-3.9),,
val/Malignant/ACRIN-6698-928815/p-069,snr(z=+3.9),,
train/Malignant/ISPY2-729270/p-067,sharpness_lapvar(z=+3.9),,
train/Malignant/ISPY2-116165/p-028,dynamic_range(z=-3.9),,
val/Malignant/ISPY2-712276/p-051,dynamic_range(z=-3.9),,
train/Malignant/ACRIN-6698-188700/p-049,dynamic_range(z=-3.9),,
train/Malignant/ISPY2-637051/p-036,dynamic_range(z=-3.9),,
train/Malignant/ISPY2-607047/p-050,hf_energy_frac(z=+3.9),,
train/Malignant/ACRIN-6698-711476/p-052,entropy(z=-3.9),,
train/Malignant/ISPY2-836983/p-044,"sharpness_lapvar(z=+3.9),noise_sigma(z=+3.1)",,
train/Malignant/ISPY2-220664/p-048,aspect_ratio(z=+3.9),,
train/Malignant/ISPY2-552313/p-095,noise_sigma(z=+3.9),,
train/Malignant/ACRIN-6698-863161/p-073,"sharpness_lapvar(z=+3.9),noise_sigma(z=+3.0)",,
train/Malignant/ACRIN-6698-901705/p-049,aspect_ratio(z=+3.9),,
train/Malignant/ACRIN-6698-783764/p-027,aspect_ratio(z=+3.9),,
train/Malignant/ISPY2-350331/p-050,entropy(z=-3.9),,
train/Malignant/ISPY2-575372/p-060,dynamic_range(z=-3.9),,
train/Malignant/ACRIN-6698-412772/p-043,dynamic_range(z=-3.9),,
train/Malignant/ISPY2-851180/p-063,hf_energy_frac(z=+3.9),,
train/Malignant/ISPY2-111344/p-074,hf_energy_frac(z=+3.9),,
train/Malignant/ISPY2-885590/p-096,hf_energy_frac(z=+3.9),,
train/Malignant/ISPY2-485637/p-120,hf_energy_frac(z=+3.9),,
train/Malignant/ISPY2-575372/p-063,dynamic_range(z=-3.9),,
train/Malignant/ISPY2-264678/p-045,hf_energy_frac(z=+3.9),,
train/Malignant/ISPY2-876511/p-055,hf_energy_frac(z=+3.9),,
train/Malignant/ISPY2-640463/p-067,"sharpness_lapvar(z=+3.9),noise_sigma(z=+3.3)",,
train/Malignant/ISPY2-573586/p-117,aspect_ratio(z=+3.9),,
train/Malignant/ISPY2-318438/p-084,"sharpness_lapvar(z=+3.9),noise_sigma(z=+3.0)",,
val/Malignant/ACRIN-6698-928815/p-068,snr(z=+3.9),,
train/Malignant/ISPY2-729270/p-029,"sharpness_lapvar(z=+3.9),noise_sigma(z=+3.1)",,
train/Malignant/ISPY2-729270/p-066,sharpness_lapvar(z=+3.9),,
train/Malignant/ISPY2-601489/p-059,width(z=+3.9),,
train/Malignant/ISPY2-601489/p-058,width(z=+3.9),,
train/Malignant/ISPY2-601489/p-054,width(z=+3.9),,
train/Malignant/ISPY2-601489/p-096,width(z=+3.9),,
train/Malignant/ISPY2-601489/p-051,width(z=+3.9),,
train/Malignant/ISPY2-601489/p-094,width(z=+3.9),,
train/Malignant/ISPY2-601489/p-095,width(z=+3.9),,
train/Malignant/ISPY2-601489/p-061,width(z=+3.9),,
train/Malignant/ACRIN-6698-755914/p-083,snr(z=+3.9),,
train/Malignant/ISPY2-916586/p-047,hf_energy_frac(z=+3.9),,
train/Malignant/ISPY2-451482/p-073,"sharpness_lapvar(z=+3.9),noise_sigma(z=+3.7)",,
train/Malignant/ACRIN-6698-783764/p-045,"contrast(z=-3.4),entropy(z=-3.8),dynamic_range(z=-3.9)",,
train/Malignant/ISPY2-999264/p-022,dynamic_range(z=-3.9),,
train/Malignant/ACRIN-6698-280375/p-037,dynamic_range(z=-3.9),,
train/Malignant/ISPY2-767081/p-036,dynamic_range(z=-3.9),,
train/Malignant/ISPY2-685753/p-048,dynamic_range(z=-3.9),,
train/Malignant/ISPY2-834418/p-032,aspect_ratio(z=+3.9),,
train/Malignant/ISPY2-223526/p-037,sharpness_lapvar(z=+3.9),,
train/Malignant/ISPY2-136536/p-015,"sharpness_lapvar(z=+3.9),noise_sigma(z=+3.8)",,
train/Malignant/ISPY2-318438/p-105,"sharpness_lapvar(z=+3.9),noise_sigma(z=+3.7)",,
train/Malignant/ISPY2-836983/p-065,"sharpness_lapvar(z=+3.9),noise_sigma(z=+3.2)",,
train/Malignant/ISPY2-248255/p-064,entropy(z=-3.9),,
train/Malignant/ACRIN-6698-218503/p-021,dynamic_range(z=-3.9),,
train/Malignant/ISPY2-188091/p-061,dynamic_range(z=-3.9),,
train/Malignant/ISPY2-342142/p-036,"dynamic_range(z=-3.9),snr(z=+3.5)",,
train/Malignant/ISPY2-797499/p-044,dynamic_range(z=-3.9),,
train/Malignant/ISPY2-104384/p-022,aspect_ratio(z=+3.9),,
train/Malignant/ISPY2-572731/p-070,aspect_ratio(z=+3.9),,
train/Malignant/ACRIN-6698-317641/p-048,snr(z=+3.9),,
train/Malignant/ISPY2-466267/p-025,entropy(z=-3.9),,
train/Malignant/ISPY2-613961/p-029,dynamic_range(z=-3.8),,
train/Malignant/ISPY2-768214/p-055,dynamic_range(z=-3.8),,
train/Malignant/ISPY2-208265/p-124,aspect_ratio(z=+3.8),,
train/Malignant/ACRIN-6698-580541/p-020,aspect_ratio(z=+3.8),,
train/Malignant/ISPY2-953262/p-083,sharpness_lapvar(z=+3.8),,
train/Malignant/ISPY2-685753/p-046,entropy(z=-3.8),,
train/Malignant/ISPY2-598798/p-037,sharpness_lapvar(z=+3.8),,
train/Malignant/ISPY2-136536/p-019,"sharpness_lapvar(z=+3.8),noise_sigma(z=+3.5)",,
train/Malignant/ACRIN-6698-863161/p-074,"sharpness_lapvar(z=+3.8),noise_sigma(z=+3.1)",,
train/Malignant/ACRIN-6698-580541/p-033,dynamic_range(z=-3.8),,
train/Malignant/ACRIN-6698-188700/p-053,dynamic_range(z=-3.8),,
train/Malignant/ACRIN-6698-531988/p-026,snr(z=+3.8),,
train/Malignant/ISPY2-824512/p-089,hf_energy_frac(z=+3.8),,
train/Malignant/ISPY2-485637/p-132,"sharpness_lapvar(z=+3.1),hf_energy_frac(z=+3.8)",,
val/Malignant/ISPY2-157463/p-039,snr(z=+3.8),,
train/Malignant/ACRIN-6698-571995/p-059,snr(z=+3.8),,
train/Malignant/ISPY2-166412/p-105,aspect_ratio(z=+3.8),,
train/Malignant/ISPY2-188511/p-067,"sharpness_lapvar(z=+3.3),noise_sigma(z=+3.7),hf_energy_frac(z=+3.8)",,
train/Malignant/ACRIN-6698-609151/p-035,entropy(z=-3.8),,
train/Malignant/ACRIN-6698-786753/p-051,hf_energy_frac(z=+3.8),,
train/Malignant/ISPY2-934459/p-061,hf_energy_frac(z=+3.8),,
train/Malignant/ISPY2-342142/p-040,"dynamic_range(z=-3.8),snr(z=+3.2)",,
train/Malignant/ISPY2-637051/p-047,dynamic_range(z=-3.8),,
train/Malignant/ISPY2-689188/p-017,"dynamic_range(z=-3.8),snr(z=+3.2)",,
train/Malignant/ACRIN-6698-317641/p-045,snr(z=+3.8),,
train/Malignant/ISPY2-640463/p-066,"sharpness_lapvar(z=+3.8),noise_sigma(z=+3.2)",,
train/Malignant/ISPY2-601489/p-050,width(z=+3.8),,
train/Malignant/ISPY2-601489/p-057,width(z=+3.8),,
train/Malignant/ISPY2-601489/p-060,width(z=+3.8),,
train/Malignant/ACRIN-6698-755914/p-088,snr(z=+3.8),,
train/Malignant/ISPY2-637051/p-049,dynamic_range(z=-3.8),,
train/Malignant/ISPY2-208265/p-123,aspect_ratio(z=+3.8),,
train/Malignant/ISPY2-567907/p-043,entropy(z=-3.8),,
train/Malignant/ISPY2-640463/p-051,"sharpness_lapvar(z=+3.2),noise_sigma(z=+3.2),hf_energy_frac(z=+3.8)",,
train/Malignant/ISPY2-797499/p-042,"dynamic_range(z=-3.6),snr(z=+3.8)",,
train/Malignant/ACRIN-6698-690089/p-036,snr(z=+3.8),,
train/Malignant/ACRIN-6698-890372/p-049,dynamic_range(z=-3.8),,
train/Malignant/ACRIN-6698-870077/p-020,dynamic_range(z=-3.8),,
train/Malignant/ISPY2-904269/p-055,dynamic_range(z=-3.8),,
train/Malignant/ISPY2-112606/p-067,dynamic_range(z=-3.8),,
train/Malignant/ISPY2-341238/p-058,dynamic_range(z=-3.8),,
train/Malignant/ISPY2-188511/p-086,"sharpness_lapvar(z=+3.4),noise_sigma(z=+3.8)",,
train/Malignant/ISPY2-491779/p-090,hf_energy_frac(z=+3.8),,
train/Malignant/ISPY2-531672/p-088,"sharpness_lapvar(z=+3.8),noise_sigma(z=+3.8)",,
train/Malignant/ISPY2-832056/p-074,hf_energy_frac(z=+3.8),,
train/Malignant/ISPY2-318438/p-107,"sharpness_lapvar(z=+3.5),noise_sigma(z=+3.6),hf_energy_frac(z=+3.8)",,
train/Malignant/ISPY2-466267/p-015,entropy(z=-3.8),,
train/Malignant/ACRIN-6698-412772/p-034,dynamic_range(z=-3.8),,
val/Malignant/ISPY2-712276/p-052,dynamic_range(z=-3.8),,
train/Malignant/ISPY2-248255/p-067,entropy(z=-3.8),,
train/Malignant/ISPY2-905264/p-049,"sharpness_lapvar(z=+3.8),noise_sigma(z=+3.3)",,
train/Malignant/ACRIN-6698-115987/p-068,aspect_ratio(z=+3.8),,
train/Malignant/ACRIN-6698-467686/p-051,snr(z=+3.8),,
train/Malignant/ACRIN-6698-467686/p-055,snr(z=+3.8),,
train/Malignant/ACRIN-6698-506623/p-070,hf_energy_frac(z=+3.8),,
train/Malignant/ACRIN-6698-783764/p-046,"contrast(z=-3.3),entropy(z=-3.4),dynamic_range(z=-3.8)",,
train/Malignant/ISPY2-872188/p-025,dynamic_range(z=-3.8),,
train/Malignant/ISPY2-116165/p-044,dynamic_range(z=-3.8),,
train/Malignant/ISPY2-836983/p-063,"sharpness_lapvar(z=+3.8),noise_sigma(z=+3.1)",,
train/Malignant/ACRIN-6698-775346/p-029,snr(z=+3.8),,
train/Malignant/ISPY2-212307/p-052,"sharpness_lapvar(z=+3.4),noise_sigma(z=+3.8)",,
train/Malignant/ISPY2-802778/p-026,dynamic_range(z=-3.8),,
train/Malignant/ACRIN-6698-580541/p-030,dynamic_range(z=-3.8),,
train/Malignant/ISPY2-236470/p-087,dynamic_range(z=-3.8),,
train/Malignant/ISPY2-527320/p-116,aspect_ratio(z=+3.8),,
train/Malignant/ISPY2-601489/p-056,width(z=+3.8),,
train/Malignant/ISPY2-601489/p-052,width(z=+3.8),,
train/Malignant/ISPY2-601489/p-053,width(z=+3.8),,
train/Malignant/ISPY2-601489/p-055,width(z=+3.8),,
train/Malignant/ISPY2-924868/p-054,hf_energy_frac(z=+3.8),,
train/Malignant/ISPY2-515141/p-058,entropy(z=-3.8),,
train/Malignant/ISPY2-573881/p-072,sharpness_lapvar(z=+3.8),,
train/Malignant/ISPY2-905264/p-042,entropy(z=-3.8),,
train/Malignant/ACRIN-6698-323721/p-049,dynamic_range(z=-3.8),,
train/Malignant/ACRIN-6698-218503/p-019,dynamic_range(z=-3.8),,
train/Malignant/ACRIN-6698-241998/p-040,"dynamic_range(z=-3.1),aspect_ratio(z=+3.8)",,
train/Malignant/ACRIN-6698-894673/p-099,aspect_ratio(z=+3.8),,
train/Malignant/ISPY2-605713/p-059,snr(z=+3.8),,
train/Malignant/ACRIN-6698-345907/p-023,"entropy(z=-3.2),snr(z=+3.8)",,
train/Malignant/ISPY2-596458/p-064,sharpness_lapvar(z=+3.8),,
train/Malignant/ISPY2-218249/p-069,sharpness_lapvar(z=+3.8),,
train/Malignant/ISPY2-974618/p-032,aspect_ratio(z=+3.8),,
train/Malignant/ISPY2-266509/p-050,dynamic_range(z=-3.8),,
train/Malignant/ISPY2-233832/p-025,"dynamic_range(z=-3.8),snr(z=+3.0)",,
train/Malignant/ACRIN-6698-490023/p-068,dynamic_range(z=-3.8),,
train/Malignant/ISPY2-414971/p-042,"sharpness_lapvar(z=+3.8),noise_sigma(z=+3.5)",,
train/Malignant/ISPY2-437162/p-052,entropy(z=-3.8),,
train/Malignant/ACRIN-6698-973837/p-062,aspect_ratio(z=+3.8),,
train/Malignant/ISPY2-155171/p-109,aspect_ratio(z=+3.8),,
train/Malignant/ACRIN-6698-506623/p-068,hf_energy_frac(z=+3.8),,
train/Malignant/ISPY2-845663/p-050,aspect_ratio(z=+3.8),,
val/Malignant/ISPY2-282644/p-051,dynamic_range(z=-3.8),,
train/Malignant/ISPY2-598798/p-033,sharpness_lapvar(z=+3.8),,
train/Malignant/ISPY2-932200/p-039,snr(z=+3.8),,
train/Malignant/ISPY2-832056/p-088,hf_energy_frac(z=+3.8),,
train/Malignant/ISPY2-266509/p-052,dynamic_range(z=-3.8),,
train/Malignant/ACRIN-6698-783764/p-043,"contrast(z=-3.6),entropy(z=-3.7),dynamic_range(z=-3.8)",,
train/Malignant/ISPY2-380972/p-022,snr(z=+3.8),,
train/Malignant/ISPY2-598798/p-036,sharpness_lapvar(z=+3.8),,
train/Malignant/ISPY2-166782/p-048,hf_energy_frac(z=+3.8),,
train/Malignant/ISPY2-627981/p-114,"sharpness_lapvar(z=+3.8),noise_sigma(z=+3.4)",,
train/Malignant/ACRIN-6698-753109/p-075,entropy(z=-3.8),,
val/Malignant/ISPY2-157463/p-037,"dynamic_range(z=-3.7),snr(z=+3.8)",,
train/Malignant/ACRIN-6698-165925/p-008,dynamic_range(z=-3.8),,
train/Malignant/ISPY2-473365/p-008,dynamic_range(z=-3.8),,
val/Malignant/ISPY2-318293/p-048,"sharpness_lapvar(z=+3.8),noise_sigma(z=+3.0)",,
train/Malignant/ISPY2-791321/p-086,entropy(z=-3.8),,
train/Malignant/ISPY2-601489/p-047,width(z=+3.8),,
train/Malignant/ISPY2-601489/p-046,width(z=+3.8),,
train/Malignant/ISPY2-601489/p-101,width(z=+3.8),,
train/Malignant/ISPY2-781335/p-051,width(z=+3.8),,
train/Malignant/ISPY2-781335/p-047,width(z=+3.8),,
train/Malignant/ISPY2-781335/p-048,width(z=+3.8),,
train/Malignant/ISPY2-781335/p-046,width(z=+3.8),,
train/Malignant/ISPY2-781335/p-050,width(z=+3.8),,
train/Malignant/ISPY2-781335/p-052,width(z=+3.8),,
train/Malignant/ISPY2-781335/p-045,width(z=+3.8),,
train/Malignant/ISPY2-349639/p-112,"sharpness_lapvar(z=+3.2),noise_sigma(z=+3.1),hf_energy_frac(z=+3.8)",,
train/Malignant/ISPY2-590299/p-096,aspect_ratio(z=+3.8),,
train/Malignant/ACRIN-6698-962153/p-096,aspect_ratio(z=+3.8),,
train/Malignant/ACRIN-6698-863161/p-072,sharpness_lapvar(z=+3.8),,
train/Malignant/ISPY2-363669/p-041,dynamic_range(z=-3.8),,
train/Malignant/ISPY2-756412/p-030,dynamic_range(z=-3.8),,
train/Malignant/ISPY2-461824/p-032,dynamic_range(z=-3.8),,
train/Malignant/ISPY2-568953/p-034,dynamic_range(z=-3.8),,
train/Malignant/ISPY2-112606/p-062,dynamic_range(z=-3.8),,
train/Malignant/ACRIN-6698-218503/p-020,dynamic_range(z=-3.8),,
train/Malignant/ISPY2-831702/p-049,hf_energy_frac(z=+3.8),,
train/Malignant/ISPY2-473505/p-057,hf_energy_frac(z=+3.8),,
train/Malignant/ACRIN-6698-775346/p-037,snr(z=+3.8),,
train/Malignant/ISPY2-640463/p-068,"sharpness_lapvar(z=+3.8),noise_sigma(z=+3.2)",,
train/Malignant/ISPY2-218249/p-068,sharpness_lapvar(z=+3.8),,
train/Malignant/ISPY2-493519/p-057,hf_energy_frac(z=+3.8),,
train/Malignant/ISPY2-515105/p-096,hf_energy_frac(z=+3.8),,
val/Malignant/ISPY2-353318/p-030,snr(z=+3.8),,
train/Malignant/ACRIN-6698-317641/p-043,snr(z=+3.8),,
train/Malignant/ACRIN-6698-102212/p-018,snr(z=+3.8),,
train/Malignant/ISPY2-832056/p-076,hf_energy_frac(z=+3.8),,
train/Malignant/ACRIN-6698-520471/p-098,sharpness_lapvar(z=+3.8),,
val/Malignant/ISPY2-896939/p-053,hf_energy_frac(z=+3.8),,
train/Malignant/ACRIN-6698-317402/p-034,snr(z=+3.8),,
train/Malignant/ISPY2-575372/p-065,dynamic_range(z=-3.8),,
train/Malignant/ISPY2-233832/p-031,dynamic_range(z=-3.8),,
train/Malignant/ACRIN-6698-899692/p-040,dynamic_range(z=-3.8),,
train/Malignant/ISPY2-876511/p-056,hf_energy_frac(z=+3.8),,
train/Malignant/ISPY2-840501/p-105,hf_energy_frac(z=+3.8),,
train/Malignant/ISPY2-596079/p-102,hf_energy_frac(z=+3.8),,
train/Malignant/ISPY2-301968/p-070,entropy(z=-3.8),,
val/Malignant/ISPY2-199960/p-115,aspect_ratio(z=+3.8),,
train/Malignant/ISPY2-414286/p-093,hf_energy_frac(z=+3.8),,
train/Malignant/ISPY2-318438/p-103,"sharpness_lapvar(z=+3.8),noise_sigma(z=+3.6)",,
train/Malignant/ISPY2-515105/p-102,hf_energy_frac(z=+3.8),,
train/Malignant/ISPY2-836983/p-057,sharpness_lapvar(z=+3.8),,
train/Malignant/ACRIN-6698-863161/p-075,sharpness_lapvar(z=+3.8),,
train/Malignant/ISPY2-573881/p-071,sharpness_lapvar(z=+3.8),,
train/Malignant/ISPY2-303947/p-115,"sharpness_lapvar(z=+3.8),noise_sigma(z=+3.3)",,
train/Malignant/ISPY2-836983/p-067,"sharpness_lapvar(z=+3.8),noise_sigma(z=+3.3)",,
train/Malignant/ISPY2-934459/p-017,hf_energy_frac(z=+3.8),,
train/Malignant/ISPY2-791321/p-085,entropy(z=-3.8),,
train/Malignant/ACRIN-6698-571995/p-053,snr(z=+3.8),,
train/Malignant/ACRIN-6698-943633/p-050,dynamic_range(z=-3.8),,
train/Malignant/ISPY2-439489/p-019,dynamic_range(z=-3.8),,
train/Malignant/ISPY2-601489/p-097,width(z=+3.8),,
train/Malignant/ISPY2-781335/p-053,width(z=+3.8),,
train/Malignant/ISPY2-781335/p-059,width(z=+3.8),,
train/Malignant/ISPY2-781335/p-058,width(z=+3.8),,
train/Malignant/ISPY2-781335/p-054,width(z=+3.8),,
train/Malignant/ISPY2-781335/p-057,width(z=+3.8),,
train/Malignant/ISPY2-781335/p-055,width(z=+3.8),,
train/Malignant/ISPY2-781335/p-049,width(z=+3.8),,
train/Malignant/ISPY2-781335/p-056,width(z=+3.8),,
train/Malignant/ISPY2-601489/p-048,width(z=+3.8),,
train/Malignant/ISPY2-601489/p-049,width(z=+3.8),,
train/Malignant/ISPY2-349639/p-120,hf_energy_frac(z=+3.8),,
train/Malignant/ISPY2-451482/p-069,"sharpness_lapvar(z=+3.2),noise_sigma(z=+3.8)",,
train/Malignant/ISPY2-350331/p-057,entropy(z=-3.8),,
train/Malignant/ISPY2-116165/p-026,dynamic_range(z=-3.8),,
train/Malignant/ACRIN-6698-987914/p-030,dynamic_range(z=-3.8),,
train/Malignant/ISPY2-155171/p-108,aspect_ratio(z=+3.8),,
train/Malignant/ISPY2-132463/p-071,entropy(z=-3.8),,
train/Malignant/ACRIN-6698-894673/p-105,sharpness_lapvar(z=+3.8),,
train/Malignant/ISPY2-836983/p-064,"sharpness_lapvar(z=+3.8),noise_sigma(z=+3.2)",,
train/Malignant/ISPY2-182346/p-050,"sharpness_lapvar(z=+3.0),noise_sigma(z=+3.1),hf_energy_frac(z=+3.8)",,
train/Malignant/ISPY2-318438/p-080,sharpness_lapvar(z=+3.8),,
train/Malignant/ACRIN-6698-895653/p-052,dynamic_range(z=-3.8),,
train/Malignant/ISPY2-196024/p-019,"dynamic_range(z=-3.8),aspect_ratio(z=+3.5)",,
train/Malignant/ISPY2-804233/p-037,dynamic_range(z=-3.8),,
train/Malignant/ACRIN-6698-384830/p-034,dynamic_range(z=-3.8),,
train/Malignant/ISPY2-485637/p-170,"sharpness_lapvar(z=+3.5),hf_energy_frac(z=+3.8)",,
train/Malignant/ISPY2-994987/p-035,snr(z=+3.7),,
train/Malignant/ISPY2-303947/p-120,"sharpness_lapvar(z=+3.7),noise_sigma(z=+3.2)",,
val/Malignant/ISPY2-282644/p-050,dynamic_range(z=-3.7),,
train/Malignant/ISPY2-342142/p-041,"dynamic_range(z=-3.7),snr(z=+3.2)",,
train/Malignant/ACRIN-6698-218503/p-022,dynamic_range(z=-3.7),,
train/Malignant/ACRIN-6698-901705/p-053,aspect_ratio(z=+3.7),,
train/Malignant/ACRIN-6698-971492/p-015,aspect_ratio(z=+3.7),,
train/Malignant/ISPY2-418593/p-101,hf_energy_frac(z=+3.7),,
train/Malignant/ISPY2-832056/p-064,hf_energy_frac(z=+3.7),,
train/Malignant/ACRIN-6698-547892/p-038,entropy(z=-3.7),,
train/Malignant/ACRIN-6698-629606/p-091,sharpness_lapvar(z=+3.7),,
train/Malignant/ISPY2-567907/p-058,entropy(z=-3.7),,
train/Malignant/ISPY2-515105/p-014,hf_energy_frac(z=+3.7),,
train/Malignant/ISPY2-605713/p-064,snr(z=+3.7),,
train/Malignant/ISPY2-141782/p-082,dynamic_range(z=-3.7),,
train/Malignant/ACRIN-6698-688955/p-028,dynamic_range(z=-3.7),,
train/Malignant/ISPY2-342142/p-043,dynamic_range(z=-3.7),,
train/Malignant/ISPY2-436371/p-037,dynamic_range(z=-3.7),,
train/Malignant/ISPY2-264678/p-052,hf_energy_frac(z=+3.7),,
train/Malignant/ISPY2-640463/p-044,hf_energy_frac(z=+3.7),,
train/Malignant/ISPY2-349639/p-113,"sharpness_lapvar(z=+3.1),hf_energy_frac(z=+3.7)",,
train/Malignant/ISPY2-573881/p-061,sharpness_lapvar(z=+3.7),,
val/Malignant/ISPY2-282644/p-048,dynamic_range(z=-3.7),,
train/Malignant/ACRIN-6698-188700/p-058,dynamic_range(z=-3.7),,
train/Malignant/ACRIN-6698-384830/p-036,dynamic_range(z=-3.7),,
train/Malignant/ACRIN-6698-584561/p-059,dynamic_range(z=-3.7),,
train/Malignant/ISPY2-781335/p-061,width(z=+3.7),,
train/Malignant/ISPY2-781335/p-060,width(z=+3.7),,
train/Malignant/ISPY2-781335/p-043,width(z=+3.7),,
train/Malignant/ISPY2-781335/p-044,width(z=+3.7),,
train/Malignant/ISPY2-601489/p-045,width(z=+3.7),,
train/Malignant/ISPY2-601489/p-042,width(z=+3.7),,
train/Malignant/ISPY2-781335/p-063,width(z=+3.7),,
train/Malignant/ISPY2-601489/p-041,width(z=+3.7),,
train/Malignant/ISPY2-601489/p-102,width(z=+3.7),,
train/Malignant/ISPY2-781335/p-062,width(z=+3.7),,
train/Malignant/ISPY2-418593/p-100,hf_energy_frac(z=+3.7),,
train/Malignant/ISPY2-485637/p-136,"sharpness_lapvar(z=+3.1),hf_energy_frac(z=+3.7)",,
train/Malignant/ISPY2-759015/p-021,snr(z=+3.7),,
train/Malignant/ISPY2-607047/p-035,hf_energy_frac(z=+3.7),,
train/Malignant/ISPY2-573586/p-116,aspect_ratio(z=+3.7),,
train/Malignant/ISPY2-212307/p-051,"sharpness_lapvar(z=+3.3),noise_sigma(z=+3.7),hf_energy_frac(z=+3.4)",,
train/Malignant/ACRIN-6698-786753/p-058,hf_energy_frac(z=+3.7),,
train/Malignant/ACRIN-6698-775346/p-023,aspect_ratio(z=+3.7),,
train/Malignant/ISPY2-605713/p-062,snr(z=+3.7),,
train/Malignant/ISPY2-944536/p-037,dynamic_range(z=-3.7),,
train/Malignant/ISPY2-202956/p-027,dynamic_range(z=-3.7),,
train/Malignant/ISPY2-892390/p-038,hf_energy_frac(z=+3.7),,
train/Malignant/ISPY2-350331/p-047,entropy(z=-3.7),,
train/Malignant/ISPY2-318438/p-074,sharpness_lapvar(z=+3.7),,
train/Malignant/ISPY2-676630/p-082,entropy(z=-3.7),,
train/Malignant/ISPY2-132463/p-070,entropy(z=-3.7),,
train/Malignant/ISPY2-640463/p-090,sharpness_lapvar(z=+3.7),,
train/Malignant/ISPY2-676630/p-085,entropy(z=-3.7),,
train/Malignant/ISPY2-540539/p-112,hf_energy_frac(z=+3.7),,
train/Malignant/ACRIN-6698-899692/p-022,dynamic_range(z=-3.7),,
train/Malignant/ACRIN-6698-384830/p-041,dynamic_range(z=-3.7),,
train/Malignant/ACRIN-6698-412772/p-038,dynamic_range(z=-3.7),,
train/Malignant/ISPY2-182346/p-115,hf_energy_frac(z=+3.7),,
train/Malignant/ISPY2-255078/p-066,aspect_ratio(z=+3.7),,
train/Malignant/ISPY2-255078/p-067,aspect_ratio(z=+3.7),,
train/Malignant/ISPY2-836983/p-066,"sharpness_lapvar(z=+3.7),noise_sigma(z=+3.3)",,
train/Malignant/ISPY2-451482/p-076,"sharpness_lapvar(z=+3.3),noise_sigma(z=+3.7)",,
train/Malignant/ISPY2-804233/p-031,"dynamic_range(z=-3.6),snr(z=+3.7)",,
train/Malignant/ISPY2-894128/p-084,dynamic_range(z=-3.7),,
train/Malignant/ACRIN-6698-748583/p-036,dynamic_range(z=-3.7),,
train/Malignant/ISPY2-865416/p-055,hf_energy_frac(z=+3.7),,
train/Malignant/ISPY2-349639/p-115,"sharpness_lapvar(z=+3.2),noise_sigma(z=+3.1),hf_energy_frac(z=+3.7)",,
val/Malignant/ISPY2-318293/p-044,"sharpness_lapvar(z=+3.7),noise_sigma(z=+3.1)",,
train/Malignant/ISPY2-640463/p-085,sharpness_lapvar(z=+3.7),,
train/Malignant/ISPY2-836983/p-033,"sharpness_lapvar(z=+3.7),noise_sigma(z=+3.0)",,
train/Malignant/ISPY2-132463/p-080,entropy(z=-3.7),,
train/Malignant/ISPY2-768214/p-046,dynamic_range(z=-3.7),,
train/Malignant/ISPY2-250274/p-031,dynamic_range(z=-3.7),,
train/Malignant/ACRIN-6698-383456/p-042,dynamic_range(z=-3.7),,
train/Malignant/ACRIN-6698-688955/p-029,dynamic_range(z=-3.7),,
train/Malignant/ACRIN-6698-711476/p-051,dynamic_range(z=-3.7),,
train/Malignant/ISPY2-797499/p-045,dynamic_range(z=-3.7),,
train/Malignant/ISPY2-572444/p-084,"sharpness_lapvar(z=+3.2),noise_sigma(z=+3.7)",,
train/Malignant/ISPY2-836983/p-035,"sharpness_lapvar(z=+3.7),noise_sigma(z=+3.0)",,
train/Malignant/ISPY2-318438/p-067,sharpness_lapvar(z=+3.7),,
train/Malignant/ISPY2-564234/p-110,aspect_ratio(z=+3.7),,
train/Malignant/ACRIN-6698-711476/p-053,entropy(z=-3.7),,
train/Malignant/ISPY2-781335/p-065,width(z=+3.7),,
train/Malignant/ISPY2-781335/p-064,width(z=+3.7),,
train/Malignant/ISPY2-559021/p-066,width(z=+3.7),,
train/Malignant/ISPY2-559021/p-055,width(z=+3.7),,
train/Malignant/ISPY2-559021/p-064,width(z=+3.7),,
train/Malignant/ISPY2-559021/p-063,width(z=+3.7),,
train/Malignant/ISPY2-559021/p-054,width(z=+3.7),,
train/Malignant/ISPY2-601489/p-043,width(z=+3.7),,
train/Malignant/ISPY2-781335/p-066,width(z=+3.7),,
train/Malignant/ISPY2-601489/p-044,width(z=+3.7),,
train/Malignant/ISPY2-559021/p-058,width(z=+3.7),,
train/Malignant/ISPY2-559021/p-065,width(z=+3.7),,
train/Malignant/ISPY2-781335/p-042,width(z=+3.7),,
train/Malignant/ISPY2-601489/p-103,width(z=+3.7),,
train/Malignant/ISPY2-601489/p-104,width(z=+3.7),,
train/Malignant/ACRIN-6698-384830/p-042,dynamic_range(z=-3.7),,
train/Malignant/ACRIN-6698-317641/p-050,snr(z=+3.7),,
train/Malignant/ACRIN-6698-571995/p-049,snr(z=+3.7),,
train/Malignant/ISPY2-679787/p-139,hf_energy_frac(z=+3.7),,
train/Malignant/ISPY2-685753/p-045,entropy(z=-3.7),,
train/Malignant/ISPY2-836983/p-052,sharpness_lapvar(z=+3.7),,
train/Malignant/ISPY2-701790/p-064,entropy(z=-3.7),,
train/Malignant/ISPY2-953262/p-090,sharpness_lapvar(z=+3.7),,
val/Malignant/ISPY2-199960/p-096,aspect_ratio(z=+3.7),,
train/Malignant/ISPY2-167271/p-054,dynamic_range(z=-3.7),,
train/Malignant/ISPY2-833536/p-076,hf_energy_frac(z=+3.7),,
train/Malignant/ISPY2-836983/p-058,sharpness_lapvar(z=+3.7),,
train/Malignant/ISPY2-824512/p-062,"entropy(z=-3.0),hf_energy_frac(z=+3.7)",,
train/Malignant/ISPY2-122795/p-043,entropy(z=-3.7),,
val/Malignant/ACRIN-6698-375954/p-117,hf_energy_frac(z=+3.7),,
train/Malignant/ISPY2-567907/p-040,entropy(z=-3.7),,
train/Malignant/ISPY2-218249/p-058,hf_energy_frac(z=+3.7),,
train/Malignant/ISPY2-746265/p-059,dynamic_range(z=-3.7),,
val/Malignant/ISPY2-157463/p-045,"dynamic_range(z=-3.7),snr(z=+3.2)",,
train/Malignant/ISPY2-836983/p-062,sharpness_lapvar(z=+3.7),,
train/Malignant/ISPY2-282082/p-112,hf_energy_frac(z=+3.7),,
train/Malignant/ISPY2-640463/p-046,hf_energy_frac(z=+3.7),,
train/Malignant/ACRIN-6698-571995/p-061,snr(z=+3.7),,
train/Malignant/ISPY2-607047/p-051,hf_energy_frac(z=+3.7),,
train/Malignant/ACRIN-6698-663144/p-034,aspect_ratio(z=+3.7),,
train/Malignant/ISPY2-182346/p-098,aspect_ratio(z=+3.7),,
train/Malignant/ISPY2-318438/p-077,sharpness_lapvar(z=+3.7),,
val/Malignant/ISPY2-542392/p-095,hf_energy_frac(z=+3.7),,
train/Malignant/ISPY2-188511/p-093,"sharpness_lapvar(z=+3.7),noise_sigma(z=+3.4)",,
train/Malignant/ISPY2-627981/p-127,"sharpness_lapvar(z=+3.1),noise_sigma(z=+3.7)",,
train/Malignant/ISPY2-115638/p-110,hf_energy_frac(z=+3.7),,
train/Malignant/ISPY2-605713/p-060,snr(z=+3.7),,
train/Malignant/ISPY2-836983/p-059,sharpness_lapvar(z=+3.7),,
train/Malignant/ISPY2-999264/p-015,dynamic_range(z=-3.7),,
train/Malignant/ISPY2-442669/p-025,dynamic_range(z=-3.7),,
train/Malignant/ACRIN-6698-688955/p-026,dynamic_range(z=-3.7),,
train/Malignant/ISPY2-141782/p-110,noise_sigma(z=+3.7),,
train/Malignant/ACRIN-6698-755914/p-091,snr(z=+3.7),,
train/Malignant/ISPY2-994987/p-041,"entropy(z=-3.6),snr(z=+3.7)",,
train/Malignant/ISPY2-141782/p-117,noise_sigma(z=+3.7),,
train/Malignant/ISPY2-350331/p-027,"entropy(z=-3.7),noise_sigma(z=+3.2)",,
train/Malignant/ISPY2-769972/p-027,snr(z=+3.7),,
train/Malignant/ISPY2-128051/p-065,entropy(z=-3.7),,
train/Malignant/ISPY2-836983/p-032,sharpness_lapvar(z=+3.7),,
train/Malignant/ISPY2-781335/p-068,width(z=+3.7),,
train/Malignant/ISPY2-601489/p-100,width(z=+3.7),,
train/Malignant/ISPY2-601489/p-040,width(z=+3.7),,
train/Malignant/ISPY2-601489/p-098,width(z=+3.7),,
train/Malignant/ISPY2-781335/p-067,width(z=+3.7),,
train/Malignant/ISPY2-781335/p-036,width(z=+3.7),,
train/Malignant/ISPY2-781335/p-035,width(z=+3.7),,
train/Malignant/ISPY2-781335/p-040,width(z=+3.7),,
train/Malignant/ISPY2-781335/p-039,width(z=+3.7),,
train/Malignant/ISPY2-781335/p-041,width(z=+3.7),,
train/Malignant/ISPY2-781335/p-037,width(z=+3.7),,
train/Malignant/ISPY2-781335/p-034,width(z=+3.7),,
train/Malignant/ISPY2-781335/p-038,width(z=+3.7),,
train/Malignant/ISPY2-331192/p-044,hf_energy_frac(z=+3.7),,
train/Malignant/ISPY2-100899/p-037,hf_energy_frac(z=+3.7),,
train/Malignant/ACRIN-6698-188700/p-057,dynamic_range(z=-3.7),,
train/Malignant/ISPY2-363669/p-040,dynamic_range(z=-3.7),,
train/Malignant/ACRIN-6698-895653/p-039,dynamic_range(z=-3.7),,
train/Malignant/ACRIN-6698-894673/p-101,"sharpness_lapvar(z=+3.0),hf_energy_frac(z=+3.7)",,
train/Malignant/ISPY2-318438/p-076,"sharpness_lapvar(z=+3.7),noise_sigma(z=+3.0)",,
train/Malignant/ISPY2-768214/p-058,dynamic_range(z=-3.7),,
train/Malignant/ACRIN-6698-580541/p-037,"dynamic_range(z=-3.7),aspect_ratio(z=+3.2)",,
train/Malignant/ISPY2-892390/p-039,hf_energy_frac(z=+3.7),,
train/Malignant/ISPY2-746265/p-019,snr(z=+3.7),,
train/Malignant/ISPY2-303947/p-119,"sharpness_lapvar(z=+3.7),noise_sigma(z=+3.1)",,
train/Malignant/ISPY2-535415/p-034,entropy(z=-3.7),,
train/Malignant/ISPY2-141782/p-111,noise_sigma(z=+3.7),,
train/Malignant/ISPY2-125418/p-066,aspect_ratio(z=+3.7),,
train/Malignant/ACRIN-6698-547892/p-046,aspect_ratio(z=+3.7),,
train/Malignant/ACRIN-6698-188700/p-062,dynamic_range(z=-3.7),,
train/Malignant/ISPY2-568953/p-033,dynamic_range(z=-3.7),,
train/Malignant/ACRIN-6698-688955/p-027,dynamic_range(z=-3.7),,
train/Malignant/ISPY2-350331/p-058,entropy(z=-3.7),,
train/Malignant/ISPY2-349639/p-110,"sharpness_lapvar(z=+3.7),noise_sigma(z=+3.4)",,
train/Malignant/ISPY2-493519/p-061,hf_energy_frac(z=+3.7),,
train/Malignant/ACRIN-6698-691753/p-044,entropy(z=-3.7),,
train/Malignant/ISPY2-350331/p-049,entropy(z=-3.7),,
train/Malignant/ISPY2-904269/p-061,snr(z=+3.7),,
train/Malignant/ISPY2-987995/p-115,hf_energy_frac(z=+3.7),,
train/Malignant/ISPY2-414286/p-094,hf_energy_frac(z=+3.7),,
train/Malignant/ISPY2-689188/p-014,"dynamic_range(z=-3.7),snr(z=+3.2)",,
train/Malignant/ISPY2-756412/p-008,"dynamic_range(z=-3.7),snr(z=+3.3)",,
train/Malignant/ISPY2-363669/p-038,dynamic_range(z=-3.7),,
train/Malignant/ISPY2-461824/p-028,"dynamic_range(z=-3.7),snr(z=+3.3)",,
train/Malignant/ACRIN-6698-843554/p-035,dynamic_range(z=-3.7),,
val/Malignant/ACRIN-6698-335536/p-011,dynamic_range(z=-3.7),,
train/Malignant/ISPY2-141782/p-113,"sharpness_lapvar(z=+3.4),noise_sigma(z=+3.7)",,
train/Malignant/ISPY2-141782/p-112,"sharpness_lapvar(z=+3.2),noise_sigma(z=+3.7)",,
train/Malignant/ACRIN-6698-783764/p-044,"contrast(z=-3.6),entropy(z=-3.4),dynamic_range(z=-3.7)",,
train/Malignant/ISPY2-177795/p-034,dynamic_range(z=-3.7),,
train/Malignant/ISPY2-202956/p-020,dynamic_range(z=-3.7),,
train/Malignant/ACRIN-6698-943633/p-065,dynamic_range(z=-3.7),,
train/Malignant/ISPY2-116165/p-036,dynamic_range(z=-3.7),,
train/Malignant/ISPY2-116165/p-032,dynamic_range(z=-3.7),,
train/Malignant/ACRIN-6698-323721/p-044,dynamic_range(z=-3.7),,
val/Malignant/ISPY2-318293/p-045,"sharpness_lapvar(z=+3.7),noise_sigma(z=+3.1)",,
train/Malignant/ISPY2-627981/p-126,"sharpness_lapvar(z=+3.7),noise_sigma(z=+3.5)",,
train/Malignant/ACRIN-6698-690089/p-039,snr(z=+3.7),,
train/Malignant/ISPY2-605713/p-020,snr(z=+3.7),,
train/Malignant/ISPY2-559021/p-067,width(z=+3.7),,
train/Malignant/ISPY2-559021/p-077,width(z=+3.7),,
train/Malignant/ISPY2-601489/p-099,width(z=+3.7),,
train/Malignant/ISPY2-601489/p-038,width(z=+3.7),,
train/Malignant/ISPY2-559021/p-078,width(z=+3.7),,
train/Malignant/ISPY2-781335/p-033,width(z=+3.7),,
train/Malignant/ISPY2-781335/p-032,width(z=+3.7),,
train/Malignant/ISPY2-598798/p-073,sharpness_lapvar(z=+3.7),,
train/Malignant/ISPY2-116165/p-030,dynamic_range(z=-3.7),,
train/Malignant/ISPY2-613188/p-016,dynamic_range(z=-3.7),,
train/Malignant/ACRIN-6698-607843/p-016,dynamic_range(z=-3.7),,
train/Malignant/ISPY2-637051/p-035,dynamic_range(z=-3.7),,
train/Malignant/ACRIN-6698-547892/p-043,entropy(z=-3.7),,
train/Malignant/ISPY2-539876/p-055,aspect_ratio(z=+3.7),,
train/Malignant/ISPY2-889721/p-045,aspect_ratio(z=+3.7),,
train/Malignant/ISPY2-254060/p-011,aspect_ratio(z=+3.7),,
train/Malignant/ACRIN-6698-938719/p-015,"entropy(z=-3.7),dynamic_range(z=-3.4)",,
train/Malignant/ISPY2-493519/p-076,hf_energy_frac(z=+3.7),,
train/Malignant/ISPY2-953262/p-100,sharpness_lapvar(z=+3.7),,
train/Malignant/ISPY2-882538/p-074,hf_energy_frac(z=+3.7),,
train/Malignant/ISPY2-262131/p-125,aspect_ratio(z=+3.7),,
train/Malignant/ACRIN-6698-531988/p-021,snr(z=+3.7),,
train/Malignant/ISPY2-598798/p-074,sharpness_lapvar(z=+3.7),,
train/Malignant/ACRIN-6698-547892/p-044,entropy(z=-3.7),,
train/Malignant/ISPY2-865416/p-054,hf_energy_frac(z=+3.6),,
train/Malignant/ISPY2-342996/p-044,aspect_ratio(z=+3.6),,
train/Malignant/ISPY2-607047/p-048,hf_energy_frac(z=+3.6),,
train/Malignant/ACRIN-6698-520471/p-099,sharpness_lapvar(z=+3.6),,
train/Malignant/ISPY2-768214/p-053,"dynamic_range(z=-3.6),hf_energy_frac(z=+3.2)",,
train/Malignant/ISPY2-255577/p-030,dynamic_range(z=-3.6),,
train/Malignant/ISPY2-451482/p-077,"sharpness_lapvar(z=+3.4),noise_sigma(z=+3.6)",,
train/Malignant/ISPY2-640463/p-091,sharpness_lapvar(z=+3.6),,
val/Malignant/ISPY2-318293/p-042,sharpness_lapvar(z=+3.6),,
train/Malignant/ACRIN-6698-654021/p-044,snr(z=+3.6),,
train/Malignant/ISPY2-605713/p-061,snr(z=+3.6),,
train/Malignant/ISPY2-974181/p-081,hf_energy_frac(z=+3.6),,
train/Malignant/ISPY2-899381/p-029,entropy(z=-3.6),,
train/Malignant/ISPY2-167271/p-052,dynamic_range(z=-3.6),,
train/Malignant/ISPY2-177795/p-036,dynamic_range(z=-3.6),,
train/Malignant/ISPY2-830958/p-020,dynamic_range(z=-3.6),,
train/Malignant/ISPY2-728287/p-116,aspect_ratio(z=+3.6),,
train/Malignant/ISPY2-245655/p-055,"sharpness_lapvar(z=+3.5),noise_sigma(z=+3.6)",,
train/Malignant/ISPY2-335091/p-118,aspect_ratio(z=+3.6),,
train/Malignant/ISPY2-350331/p-048,entropy(z=-3.6),,
train/Malignant/ISPY2-590220/p-046,hf_energy_frac(z=+3.6),,
train/Malignant/ACRIN-6698-802308/p-020,dynamic_range(z=-3.6),,
train/Malignant/ISPY2-177795/p-027,dynamic_range(z=-3.6),,
train/Malignant/ISPY2-116165/p-047,dynamic_range(z=-3.6),,
val/Malignant/ACRIN-6698-928815/p-072,snr(z=+3.6),,
train/Malignant/ISPY2-437162/p-067,entropy(z=-3.6),,
train/Malignant/ISPY2-405717/p-062,entropy(z=-3.6),,
train/Malignant/ACRIN-6698-317641/p-036,snr(z=+3.6),,
train/Malignant/ISPY2-655703/p-103,hf_energy_frac(z=+3.6),,
train/Malignant/ISPY2-289107/p-061,aspect_ratio(z=+3.6),,
train/Malignant/ACRIN-6698-663144/p-035,aspect_ratio(z=+3.6),,
train/Malignant/ACRIN-6698-775346/p-038,snr(z=+3.6),,
train/Malignant/ISPY2-559021/p-062,width(z=+3.6),,
train/Malignant/ISPY2-781335/p-071,width(z=+3.6),,
train/Malignant/ISPY2-559021/p-074,width(z=+3.6),,
train/Malignant/ISPY2-559021/p-075,width(z=+3.6),,
train/Malignant/ISPY2-559021/p-073,width(z=+3.6),,
train/Malignant/ISPY2-781335/p-031,width(z=+3.6),,
train/Malignant/ISPY2-781335/p-030,width(z=+3.6),,
train/Malignant/ISPY2-601489/p-039,width(z=+3.6),,
train/Malignant/ISPY2-151980/p-096,hf_energy_frac(z=+3.6),,
val/Malignant/ISPY2-790070/p-015,dynamic_range(z=-3.6),,
val/Malignant/ISPY2-380769/p-050,dynamic_range(z=-3.6),,
train/Malignant/ISPY2-613961/p-026,dynamic_range(z=-3.6),,
train/Malignant/ISPY2-627981/p-128,"sharpness_lapvar(z=+3.4),noise_sigma(z=+3.6)",,
train/Malignant/ACRIN-6698-131961/p-109,aspect_ratio(z=+3.6),,
val/Malignant/ISPY2-453596/p-033,dynamic_range(z=-3.6),,
train/Malignant/ISPY2-341238/p-051,dynamic_range(z=-3.6),,
train/Malignant/ISPY2-872188/p-022,dynamic_range(z=-3.6),,
train/Malignant/ISPY2-515105/p-099,hf_energy_frac(z=+3.6),,
train/Malignant/ISPY2-286984/p-019,snr(z=+3.6),,
train/Malignant/ISPY2-572444/p-035,hf_energy_frac(z=+3.6),,
train/Malignant/ISPY2-726381/p-039,hf_energy_frac(z=+3.6),,
train/Malignant/ISPY2-208265/p-122,aspect_ratio(z=+3.6),,
train/Malignant/ACRIN-6698-654021/p-045,snr(z=+3.6),,
train/Malignant/ISPY2-318438/p-078,sharpness_lapvar(z=+3.6),,
train/Malignant/ISPY2-729270/p-068,sharpness_lapvar(z=+3.6),,
train/Malignant/ISPY2-255577/p-036,snr(z=+3.6),,
train/Malignant/ACRIN-6698-690089/p-035,snr(z=+3.6),,
train/Malignant/ISPY2-112606/p-115,dynamic_range(z=-3.6),,
train/Malignant/ISPY2-756412/p-010,dynamic_range(z=-3.6),,
train/Malignant/ISPY2-614434/p-030,dynamic_range(z=-3.6),,
train/Malignant/ISPY2-252748/p-044,hf_energy_frac(z=+3.6),,
train/Malignant/ISPY2-178649/p-044,sharpness_lapvar(z=+3.6),,
train/Malignant/ISPY2-284355/p-055,dynamic_range(z=-3.6),,
train/Malignant/ISPY2-797499/p-048,dynamic_range(z=-3.6),,
train/Malignant/ISPY2-598798/p-085,sharpness_lapvar(z=+3.6),,
train/Malignant/ISPY2-729270/p-065,sharpness_lapvar(z=+3.6),,
train/Malignant/ISPY2-572444/p-085,noise_sigma(z=+3.6),,
train/Malignant/ISPY2-932200/p-040,snr(z=+3.6),,
train/Malignant/ISPY2-840501/p-102,"noise_sigma(z=+3.2),hf_energy_frac(z=+3.6)",,
train/Malignant/ISPY2-485637/p-167,hf_energy_frac(z=+3.6),,
train/Malignant/ISPY2-689188/p-000,"dynamic_range(z=-3.6),aspect_ratio(z=+3.6)",,
train/Malignant/ISPY2-568953/p-048,"dynamic_range(z=-3.6),snr(z=+3.5)",,
train/Malignant/ISPY2-531672/p-089,"sharpness_lapvar(z=+3.2),noise_sigma(z=+3.6)",,
train/Malignant/ISPY2-953262/p-115,sharpness_lapvar(z=+3.6),,
train/Malignant/ISPY2-405717/p-056,entropy(z=-3.6),,
train/Malignant/ACRIN-6698-755914/p-090,snr(z=+3.6),,
train/Malignant/ISPY2-520986/p-073,entropy(z=-3.6),,
train/Malignant/ISPY2-997702/p-060,entropy(z=-3.6),,
train/Malignant/ISPY2-601489/p-034,width(z=+3.6),,
train/Malignant/ISPY2-601489/p-106,width(z=+3.6),,
train/Malignant/ISPY2-781335/p-070,width(z=+3.6),,
train/Malignant/ISPY2-781335/p-028,width(z=+3.6),,
train/Malignant/ISPY2-781335/p-029,width(z=+3.6),,
train/Malignant/ISPY2-559021/p-061,width(z=+3.6),,
train/Malignant/ISPY2-781335/p-027,width(z=+3.6),,
train/Malignant/ISPY2-781335/p-072,width(z=+3.6),,
train/Malignant/ISPY2-559021/p-059,width(z=+3.6),,
train/Malignant/ISPY2-640463/p-069,"sharpness_lapvar(z=+3.6),noise_sigma(z=+3.1)",,
train/Malignant/ISPY2-177795/p-031,dynamic_range(z=-3.6),,
val/Malignant/ISPY2-279902/p-051,dynamic_range(z=-3.6),,
train/Malignant/ACRIN-6698-899692/p-018,dynamic_range(z=-3.6),,
train/Malignant/ISPY2-832056/p-098,hf_energy_frac(z=+3.6),,
train/Malignant/ISPY2-451482/p-075,"sharpness_lapvar(z=+3.4),noise_sigma(z=+3.6)",,
train/Malignant/ISPY2-418593/p-102,hf_energy_frac(z=+3.6),,
train/Malignant/ISPY2-282082/p-043,"sharpness_lapvar(z=+3.6),noise_sigma(z=+3.6)",,
train/Malignant/ISPY2-803514/p-096,hf_energy_frac(z=+3.6),,
train/Malignant/ISPY2-166412/p-104,aspect_ratio(z=+3.6),,
train/Malignant/ACRIN-6698-317641/p-051,snr(z=+3.6),,
train/Malignant/ISPY2-342142/p-039,"dynamic_range(z=-3.6),snr(z=+3.5)",,
train/Malignant/ACRIN-6698-296841/p-053,dynamic_range(z=-3.6),,
train/Malignant/ISPY2-791321/p-096,entropy(z=-3.6),,
train/Malignant/ISPY2-493519/p-073,hf_energy_frac(z=+3.6),,
train/Malignant/ISPY2-865416/p-058,hf_energy_frac(z=+3.6),,
train/Malignant/ACRIN-6698-775346/p-039,snr(z=+3.6),,
train/Malignant/ACRIN-6698-973837/p-098,aspect_ratio(z=+3.6),,
train/Malignant/ISPY2-791321/p-101,hf_energy_frac(z=+3.6),,
train/Malignant/ACRIN-6698-317641/p-052,snr(z=+3.6),,
train/Malignant/ISPY2-974181/p-079,hf_energy_frac(z=+3.6),,
train/Malignant/ISPY2-605713/p-058,snr(z=+3.6),,
train/Malignant/ACRIN-6698-691753/p-046,entropy(z=-3.6),,
train/Malignant/ISPY2-128051/p-060,entropy(z=-3.6),,
train/Malignant/ISPY2-605713/p-069,snr(z=+3.6),,
train/Malignant/ISPY2-451482/p-070,"sharpness_lapvar(z=+3.6),noise_sigma(z=+3.5)",,
val/Malignant/ISPY2-282644/p-047,dynamic_range(z=-3.6),,
train/Malignant/ACRIN-6698-748583/p-031,dynamic_range(z=-3.6),,
train/Malignant/ISPY2-637051/p-037,dynamic_range(z=-3.6),,
train/Malignant/ISPY2-832056/p-059,hf_energy_frac(z=+3.6),,
train/Malignant/ISPY2-349639/p-114,"sharpness_lapvar(z=+3.1),hf_energy_frac(z=+3.6)",,
train/Malignant/ACRIN-6698-928446/p-117,hf_energy_frac(z=+3.6),,
train/Malignant/ACRIN-6698-753109/p-074,entropy(z=-3.6),,
val/Malignant/ACRIN-6698-928815/p-067,snr(z=+3.6),,
train/Malignant/ISPY2-318438/p-079,sharpness_lapvar(z=+3.6),,
train/Malignant/ISPY2-563856/p-036,entropy(z=-3.6),,
train/Malignant/ISPY2-128051/p-057,entropy(z=-3.6),,
train/Malignant/ACRIN-6698-179369/p-016,aspect_ratio(z=+3.6),,
train/Malignant/ISPY2-357017/p-128,aspect_ratio(z=+3.6),,
train/Malignant/ACRIN-6698-734997/p-042,aspect_ratio(z=+3.6),,
val/Malignant/ISPY2-712276/p-049,dynamic_range(z=-3.6),,
train/Malignant/ISPY2-167271/p-053,dynamic_range(z=-3.6),,
train/Malignant/ISPY2-167271/p-055,dynamic_range(z=-3.6),,
train/Malignant/ISPY2-188511/p-081,"sharpness_lapvar(z=+3.3),noise_sigma(z=+3.6)",,
val/Malignant/ISPY2-859699/p-102,hf_energy_frac(z=+3.6),,
val/Malignant/ISPY2-568331/p-102,aspect_ratio(z=+3.6),,
train/Malignant/ISPY2-746265/p-064,aspect_ratio(z=+3.6),,
train/Malignant/ISPY2-836983/p-054,sharpness_lapvar(z=+3.6),,
val/Malignant/ISPY2-453596/p-035,dynamic_range(z=-3.6),,
train/Malignant/ACRIN-6698-929391/p-028,dynamic_range(z=-3.6),,
train/Malignant/ACRIN-6698-711476/p-050,dynamic_range(z=-3.6),,
train/Malignant/ACRIN-6698-188700/p-052,dynamic_range(z=-3.6),,
train/Malignant/ISPY2-768214/p-060,dynamic_range(z=-3.6),,
val/Malignant/ISPY2-279902/p-059,hf_energy_frac(z=+3.6),,
train/Malignant/ISPY2-531672/p-102,"sharpness_lapvar(z=+3.2),noise_sigma(z=+3.6)",,
train/Malignant/ISPY2-215932/p-079,entropy(z=-3.6),,
train/Malignant/ISPY2-559021/p-060,width(z=+3.6),,
train/Malignant/ISPY2-559021/p-090,width(z=+3.6),,
train/Malignant/ISPY2-559021/p-092,width(z=+3.6),,
train/Malignant/ISPY2-559021/p-091,width(z=+3.6),,
train/Malignant/ISPY2-559021/p-089,width(z=+3.6),,
train/Malignant/ISPY2-559021/p-098,width(z=+3.6),,
train/Malignant/ISPY2-601489/p-037,width(z=+3.6),,
train/Malignant/ISPY2-601489/p-035,width(z=+3.6),,
train/Malignant/ISPY2-601489/p-036,width(z=+3.6),,
train/Malignant/ISPY2-559021/p-097,width(z=+3.6),,
train/Malignant/ISPY2-559021/p-088,width(z=+3.6),,
train/Malignant/ISPY2-781335/p-073,width(z=+3.6),,
train/Malignant/ISPY2-559021/p-076,width(z=+3.6),,
train/Malignant/ISPY2-601489/p-105,width(z=+3.6),,
train/Malignant/ISPY2-781335/p-025,width(z=+3.6),,
train/Malignant/ISPY2-781335/p-026,width(z=+3.6),,
train/Malignant/ISPY2-141782/p-116,noise_sigma(z=+3.6),,
train/Malignant/ISPY2-350331/p-052,entropy(z=-3.6),,
train/Malignant/ISPY2-836983/p-060,sharpness_lapvar(z=+3.6),,
train/Malignant/ISPY2-614434/p-029,dynamic_range(z=-3.6),,
train/Malignant/ISPY2-442669/p-023,dynamic_range(z=-3.6),,
train/Malignant/ACRIN-6698-929980/p-032,dynamic_range(z=-3.6),,
train/Malignant/ACRIN-6698-783764/p-026,dynamic_range(z=-3.6),,
train/Malignant/ACRIN-6698-188700/p-039,dynamic_range(z=-3.6),,
train/Malignant/ISPY2-613188/p-018,dynamic_range(z=-3.6),,
train/Malignant/ISPY2-112606/p-069,dynamic_range(z=-3.6),,
train/Malignant/ISPY2-363669/p-046,dynamic_range(z=-3.6),,
train/Malignant/ISPY2-349639/p-108,"sharpness_lapvar(z=+3.0),hf_energy_frac(z=+3.6)",,
train/Malignant/ISPY2-873686/p-095,"sharpness_lapvar(z=+3.6),noise_sigma(z=+3.1)",,
train/Malignant/ISPY2-573881/p-054,sharpness_lapvar(z=+3.6),,
train/Malignant/ISPY2-181442/p-044,entropy(z=-3.6),,
train/Malignant/ISPY2-436371/p-036,dynamic_range(z=-3.6),,
train/Malignant/ISPY2-637051/p-039,dynamic_range(z=-3.6),,
train/Malignant/ISPY2-202956/p-017,dynamic_range(z=-3.6),,
val/Malignant/ISPY2-282644/p-049,dynamic_range(z=-3.6),,
train/Malignant/ISPY2-442669/p-024,dynamic_range(z=-3.6),,
train/Malignant/ISPY2-768214/p-047,"dynamic_range(z=-3.6),hf_energy_frac(z=+3.4)",,
train/Malignant/ACRIN-6698-734997/p-079,aspect_ratio(z=+3.6),,
train/Malignant/ACRIN-6698-169918/p-030,aspect_ratio(z=+3.6),,
train/Malignant/ACRIN-6698-734997/p-081,aspect_ratio(z=+3.6),,
train/Malignant/ACRIN-6698-629606/p-090,sharpness_lapvar(z=+3.6),,
train/Malignant/ISPY2-953262/p-097,sharpness_lapvar(z=+3.6),,
train/Malignant/ISPY2-607047/p-101,hf_energy_frac(z=+3.6),,
train/Malignant/ISPY2-640463/p-048,"sharpness_lapvar(z=+3.5),noise_sigma(z=+3.6)",,
val/Malignant/ISPY2-624777/p-096,hf_energy_frac(z=+3.6),,
train/Malignant/ISPY2-885590/p-093,hf_energy_frac(z=+3.6),,
train/Malignant/ISPY2-729270/p-031,sharpness_lapvar(z=+3.6),,
train/Malignant/ISPY2-729270/p-073,sharpness_lapvar(z=+3.6),,
train/Malignant/ACRIN-6698-287961/p-115,aspect_ratio(z=+3.6),,
train/Malignant/ACRIN-6698-775346/p-036,snr(z=+3.6),,
train/Malignant/ACRIN-6698-280375/p-039,dynamic_range(z=-3.6),,
train/Malignant/ISPY2-177795/p-033,dynamic_range(z=-3.6),,
train/Malignant/ISPY2-571276/p-024,dynamic_range(z=-3.6),,
train/Malignant/ISPY2-568953/p-046,dynamic_range(z=-3.6),,
train/Malignant/ISPY2-208265/p-129,"sharpness_lapvar(z=+3.6),noise_sigma(z=+3.4),hf_energy_frac(z=+3.3)",,
train/Malignant/ISPY2-955953/p-034,entropy(z=-3.6),,
val/Malignant/ISPY2-199960/p-097,aspect_ratio(z=+3.6),,
train/Malignant/ACRIN-6698-234723/p-035,aspect_ratio(z=+3.6),,
train/Malignant/ISPY2-834418/p-051,aspect_ratio(z=+3.6),,
train/Malignant/ISPY2-282777/p-007,aspect_ratio(z=+3.6),,
train/Malignant/ISPY2-248255/p-068,entropy(z=-3.6),,
train/Malignant/ACRIN-6698-755914/p-092,snr(z=+3.6),,
train/Malignant/ISPY2-188091/p-062,dynamic_range(z=-3.6),,
train/Malignant/ISPY2-102011/p-035,dynamic_range(z=-3.6),,
train/Malignant/ISPY2-473505/p-050,dynamic_range(z=-3.6),,
train/Malignant/ISPY2-212307/p-050,"sharpness_lapvar(z=+3.4),noise_sigma(z=+3.6),hf_energy_frac(z=+3.3)",,
train/Malignant/ISPY2-640463/p-081,sharpness_lapvar(z=+3.6),,
train/Malignant/ACRIN-6698-547892/p-041,entropy(z=-3.6),,
train/Malignant/ISPY2-194024/p-045,snr(z=+3.6),,
val/Malignant/ACRIN-6698-748611/p-038,snr(z=+3.6),,
train/Malignant/ISPY2-491779/p-056,hf_energy_frac(z=+3.6),,
train/Malignant/ISPY2-885590/p-089,hf_energy_frac(z=+3.6),,
train/Malignant/ISPY2-262131/p-127,aspect_ratio(z=+3.6),,
train/Malignant/ACRIN-6698-775346/p-024,snr(z=+3.6),,
train/Malignant/ACRIN-6698-547892/p-039,entropy(z=-3.6),,
train/Malignant/ISPY2-188511/p-089,"sharpness_lapvar(z=+3.4),noise_sigma(z=+3.6)",,
train/Malignant/ISPY2-188511/p-090,"sharpness_lapvar(z=+3.3),noise_sigma(z=+3.6),hf_energy_frac(z=+3.5)",,
train/Malignant/ISPY2-350331/p-061,entropy(z=-3.6),,
train/Malignant/ISPY2-899381/p-026,entropy(z=-3.6),,
train/Malignant/ISPY2-598798/p-093,sharpness_lapvar(z=+3.6),,
train/Malignant/ACRIN-6698-894673/p-093,hf_energy_frac(z=+3.6),,
train/Malignant/ISPY2-303947/p-122,sharpness_lapvar(z=+3.6),,
train/Malignant/ISPY2-981664/p-068,aspect_ratio(z=+3.6),,
train/Malignant/ISPY2-111674/p-037,entropy(z=-3.6),,
val/Malignant/ACRIN-6698-335536/p-013,dynamic_range(z=-3.6),,
train/Malignant/ISPY2-925691/p-045,dynamic_range(z=-3.6),,
train/Malignant/ISPY2-797499/p-047,dynamic_range(z=-3.6),,
train/Malignant/ACRIN-6698-687288/p-023,hf_energy_frac(z=+3.6),,
train/Malignant/ISPY2-228340/p-070,aspect_ratio(z=+3.6),,
train/Malignant/ISPY2-559021/p-056,width(z=+3.6),,
train/Malignant/ISPY2-781335/p-075,width(z=+3.6),,
train/Malignant/ISPY2-559021/p-086,width(z=+3.6),,
train/Malignant/ISPY2-559021/p-068,width(z=+3.6),,
train/Malignant/ISPY2-357017/p-071,width(z=+3.6),,
train/Malignant/ISPY2-559021/p-087,width(z=+3.6),,
train/Malignant/ISPY2-357017/p-072,width(z=+3.6),,
train/Malignant/ISPY2-559021/p-093,width(z=+3.6),,
train/Malignant/ISPY2-781335/p-076,width(z=+3.6),,
train/Malignant/ISPY2-559021/p-094,width(z=+3.6),,
train/Malignant/ISPY2-559021/p-096,width(z=+3.6),,
train/Malignant/ISPY2-559021/p-057,width(z=+3.6),,
train/Malignant/ISPY2-405717/p-066,entropy(z=-3.6),,
train/Malignant/ISPY2-791944/p-103,sharpness_lapvar(z=+3.6),,
train/Malignant/ACRIN-6698-362150/p-023,dynamic_range(z=-3.6),,
train/Malignant/ISPY2-768214/p-062,dynamic_range(z=-3.6),,
train/Malignant/ISPY2-451482/p-074,"sharpness_lapvar(z=+3.6),noise_sigma(z=+3.4)",,
train/Malignant/ISPY2-953262/p-096,sharpness_lapvar(z=+3.6),,
train/Malignant/ISPY2-498985/p-053,aspect_ratio(z=+3.6),,
train/Malignant/ACRIN-6698-241998/p-041,aspect_ratio(z=+3.6),,
train/Malignant/ISPY2-188511/p-060,"sharpness_lapvar(z=+3.1),noise_sigma(z=+3.6)",,
train/Malignant/ACRIN-6698-839274/p-037,hf_energy_frac(z=+3.6),,
train/Malignant/ISPY2-590299/p-038,"sharpness_lapvar(z=+3.5),noise_sigma(z=+3.6)",,
train/Malignant/ISPY2-640463/p-080,sharpness_lapvar(z=+3.5),,
train/Malignant/ISPY2-188091/p-060,dynamic_range(z=-3.5),,
train/Malignant/ISPY2-363669/p-043,dynamic_range(z=-3.5),,
train/Malignant/ISPY2-349639/p-111,"sharpness_lapvar(z=+3.5),noise_sigma(z=+3.3),hf_energy_frac(z=+3.5)",,
train/Malignant/ISPY2-282082/p-029,noise_sigma(z=+3.5),,
train/Malignant/ISPY2-245655/p-053,hf_energy_frac(z=+3.5),,
train/Malignant/ACRIN-6698-928170/p-006,entropy(z=-3.5),,
train/Malignant/ISPY2-847753/p-031,dynamic_range(z=-3.5),,
train/Malignant/ACRIN-6698-317402/p-029,dynamic_range(z=-3.5),,
train/Malignant/ISPY2-768214/p-045,"dynamic_range(z=-3.5),hf_energy_frac(z=+3.1)",,
train/Malignant/ISPY2-341238/p-059,dynamic_range(z=-3.5),,
train/Malignant/ISPY2-590299/p-046,entropy(z=-3.5),,
train/Malignant/ISPY2-955953/p-033,entropy(z=-3.5),,
train/Malignant/ISPY2-563856/p-037,entropy(z=-3.5),,
train/Malignant/ISPY2-960490/p-102,hf_energy_frac(z=+3.5),,
train/Malignant/ISPY2-520986/p-053,entropy(z=-3.5),,
train/Malignant/ACRIN-6698-571995/p-046,snr(z=+3.5),,
train/Malignant/ISPY2-318569/p-066,aspect_ratio(z=+3.5),,
train/Malignant/ISPY2-100899/p-038,aspect_ratio(z=+3.5),,
train/Malignant/ISPY2-177795/p-020,dynamic_range(z=-3.5),,
train/Malignant/ACRIN-6698-664111/p-026,dynamic_range(z=-3.5),,
train/Malignant/ACRIN-6698-188700/p-050,dynamic_range(z=-3.5),,
train/Malignant/ACRIN-6698-571995/p-063,snr(z=+3.5),,
train/Malignant/ISPY2-567907/p-042,entropy(z=-3.5),,
train/Malignant/ACRIN-6698-317402/p-030,dynamic_range(z=-3.5),,
train/Malignant/ISPY2-177795/p-022,dynamic_range(z=-3.5),,
train/Malignant/ISPY2-112606/p-086,dynamic_range(z=-3.5),,
train/Malignant/ISPY2-847753/p-033,dynamic_range(z=-3.5),,
train/Malignant/ISPY2-598798/p-086,sharpness_lapvar(z=+3.5),,
train/Malignant/ACRIN-6698-263143/p-033,snr(z=+3.5),,
train/Malignant/ISPY2-601489/p-107,width(z=+3.5),,
train/Malignant/ISPY2-781335/p-024,width(z=+3.5),,
train/Malignant/ISPY2-357017/p-073,width(z=+3.5),,
train/Malignant/ISPY2-781335/p-023,width(z=+3.5),,
train/Malignant/ISPY2-559021/p-099,width(z=+3.5),,
train/Malignant/ISPY2-559021/p-100,width(z=+3.5),,
train/Malignant/ISPY2-559021/p-101,width(z=+3.5),,
train/Malignant/ISPY2-559021/p-095,width(z=+3.5),,
train/Malignant/ISPY2-781335/p-069,width(z=+3.5),,
train/Malignant/ISPY2-559021/p-069,width(z=+3.5),,
train/Malignant/ISPY2-559021/p-053,width(z=+3.5),,
train/Malignant/ISPY2-559021/p-085,width(z=+3.5),,
train/Malignant/ISPY2-559021/p-070,width(z=+3.5),,
train/Malignant/ISPY2-601489/p-032,width(z=+3.5),,
train/Malignant/ISPY2-601489/p-116,width(z=+3.5),,
train/Malignant/ISPY2-598798/p-082,sharpness_lapvar(z=+3.5),,
train/Malignant/ISPY2-405717/p-063,entropy(z=-3.5),,
train/Malignant/ISPY2-318438/p-111,hf_energy_frac(z=+3.5),,
train/Malignant/ACRIN-6698-863161/p-071,sharpness_lapvar(z=+3.5),,
train/Malignant/ISPY2-515141/p-059,entropy(z=-3.5),,
train/Malignant/ISPY2-729270/p-063,sharpness_lapvar(z=+3.5),,
train/Malignant/ISPY2-208265/p-121,aspect_ratio(z=+3.5),,
train/Malignant/ISPY2-723918/p-062,aspect_ratio(z=+3.5),,
val/Malignant/ISPY2-279902/p-046,dynamic_range(z=-3.5),,
train/Malignant/ACRIN-6698-323721/p-035,dynamic_range(z=-3.5),,
train/Malignant/ISPY2-930903/p-076,entropy(z=-3.5),,
train/Malignant/ISPY2-598798/p-067,sharpness_lapvar(z=+3.5),,
train/Malignant/ISPY2-318438/p-075,sharpness_lapvar(z=+3.5),,
train/Malignant/ISPY2-660915/p-051,snr(z=+3.5),,
train/Malignant/ISPY2-994987/p-036,snr(z=+3.5),,
train/Malignant/ISPY2-563856/p-035,entropy(z=-3.5),,
val/Malignant/ACRIN-6698-695521/p-020,dynamic_range(z=-3.5),,
train/Malignant/ACRIN-6698-383456/p-047,dynamic_range(z=-3.5),,
train/Malignant/ISPY2-466267/p-024,entropy(z=-3.5),,
train/Malignant/ISPY2-729270/p-064,sharpness_lapvar(z=+3.5),,
train/Malignant/ISPY2-155171/p-106,aspect_ratio(z=+3.5),,
train/Malignant/ISPY2-405717/p-057,entropy(z=-3.5),,
train/Malignant/ISPY2-350331/p-025,"entropy(z=-3.5),dynamic_range(z=-3.1),noise_sigma(z=+3.5)",,
val/Malignant/ACRIN-6698-277888/p-091,hf_energy_frac(z=+3.5),,
train/Malignant/ISPY2-405717/p-065,entropy(z=-3.5),,
train/Malignant/ISPY2-311455/p-017,aspect_ratio(z=+3.5),,
train/Malignant/ISPY2-473505/p-049,dynamic_range(z=-3.5),,
train/Malignant/ACRIN-6698-564701/p-077,"sharpness_lapvar(z=+3.1),hf_energy_frac(z=+3.5)",,
train/Malignant/ISPY2-994987/p-039,snr(z=+3.5),,
train/Malignant/ISPY2-672734/p-036,aspect_ratio(z=+3.5),,
train/Malignant/ISPY2-405717/p-067,entropy(z=-3.5),,
train/Malignant/ISPY2-250274/p-035,dynamic_range(z=-3.5),,
train/Malignant/ACRIN-6698-188700/p-045,dynamic_range(z=-3.5),,
train/Malignant/ISPY2-768214/p-049,dynamic_range(z=-3.5),,
train/Malignant/ISPY2-122795/p-026,entropy(z=-3.5),,
train/Malignant/ISPY2-188511/p-082,"sharpness_lapvar(z=+3.2),noise_sigma(z=+3.5)",,
train/Malignant/ISPY2-783771/p-021,"entropy(z=-3.5),snr(z=+3.5)",,
train/Malignant/ISPY2-264678/p-051,hf_energy_frac(z=+3.5),,
train/Malignant/ISPY2-865416/p-053,hf_energy_frac(z=+3.5),,
train/Malignant/ISPY2-607047/p-033,hf_energy_frac(z=+3.5),,
train/Malignant/ISPY2-250274/p-028,dynamic_range(z=-3.5),,
train/Malignant/ISPY2-116165/p-037,dynamic_range(z=-3.5),,
train/Malignant/ISPY2-832056/p-086,hf_energy_frac(z=+3.5),,
train/Malignant/ISPY2-759015/p-018,snr(z=+3.5),,
train/Malignant/ISPY2-605713/p-068,snr(z=+3.5),,
train/Malignant/ISPY2-605713/p-065,snr(z=+3.5),,
train/Malignant/ISPY2-262131/p-067,width(z=+3.5),,
train/Malignant/ISPY2-601489/p-031,width(z=+3.5),,
train/Malignant/ISPY2-262131/p-065,width(z=+3.5),,
train/Malignant/ISPY2-559021/p-082,width(z=+3.5),,
train/Malignant/ISPY2-559021/p-083,width(z=+3.5),,
train/Malignant/ISPY2-262131/p-068,width(z=+3.5),,
train/Malignant/ISPY2-781335/p-077,width(z=+3.5),,
train/Malignant/ISPY2-601489/p-110,width(z=+3.5),,
train/Malignant/ACRIN-6698-299962/p-040,width(z=+3.5),,
train/Malignant/ISPY2-357017/p-088,width(z=+3.5),,
train/Malignant/ISPY2-601489/p-115,width(z=+3.5),,
train/Malignant/ISPY2-357017/p-087,width(z=+3.5),,
train/Malignant/ISPY2-262131/p-066,width(z=+3.5),,
train/Malignant/ISPY2-559021/p-084,width(z=+3.5),,
train/Malignant/ISPY2-781335/p-074,width(z=+3.5),,
train/Malignant/ISPY2-573881/p-070,sharpness_lapvar(z=+3.5),,
train/Malignant/ACRIN-6698-573919/p-037,hf_energy_frac(z=+3.5),,
train/Malignant/ISPY2-676630/p-083,entropy(z=-3.5),,
train/Malignant/ISPY2-994987/p-043,"entropy(z=-3.5),snr(z=+3.2)",,
train/Malignant/ISPY2-282082/p-039,"sharpness_lapvar(z=+3.5),noise_sigma(z=+3.5)",,
train/Malignant/ISPY2-768214/p-059,dynamic_range(z=-3.5),,
val/Malignant/ISPY2-859699/p-063,dynamic_range(z=-3.5),,
train/Malignant/ISPY2-872188/p-021,dynamic_range(z=-3.5),,
train/Malignant/ISPY2-446263/p-049,dynamic_range(z=-3.5),,
train/Malignant/ACRIN-6698-384830/p-047,dynamic_range(z=-3.5),,
train/Malignant/ACRIN-6698-383456/p-041,dynamic_range(z=-3.5),,
train/Malignant/ISPY2-832056/p-091,hf_energy_frac(z=+3.5),,
train/Malignant/ISPY2-567907/p-059,entropy(z=-3.5),,
train/Malignant/ISPY2-957408/p-036,entropy(z=-3.5),,
train/Malignant/ISPY2-215932/p-080,entropy(z=-3.5),,
train/Malignant/ISPY2-267306/p-173,aspect_ratio(z=+3.5),,
train/Malignant/ISPY2-451482/p-106,"sharpness_lapvar(z=+3.4),noise_sigma(z=+3.5)",,
train/Malignant/ISPY2-491779/p-059,hf_energy_frac(z=+3.5),,
val/Malignant/ISPY2-157463/p-066,snr(z=+3.5),,
train/Malignant/ISPY2-212307/p-048,"sharpness_lapvar(z=+3.5),noise_sigma(z=+3.5)",,
train/Malignant/ISPY2-167271/p-059,dynamic_range(z=-3.5),,
train/Malignant/ISPY2-726381/p-082,hf_energy_frac(z=+3.5),,
train/Malignant/ACRIN-6698-317641/p-044,snr(z=+3.5),,
train/Malignant/ISPY2-836983/p-031,sharpness_lapvar(z=+3.5),,
train/Malignant/ACRIN-6698-775346/p-040,snr(z=+3.5),,
train/Malignant/ISPY2-286984/p-021,snr(z=+3.5),,
train/Malignant/ISPY2-563856/p-033,entropy(z=-3.5),,
train/Malignant/ISPY2-598798/p-070,sharpness_lapvar(z=+3.5),,
val/Malignant/ISPY2-123660/p-062,hf_energy_frac(z=+3.5),,
train/Malignant/ISPY2-689188/p-013,dynamic_range(z=-3.5),,
train/Malignant/ACRIN-6698-843554/p-034,dynamic_range(z=-3.5),,
train/Malignant/ISPY2-405717/p-064,entropy(z=-3.5),,
train/Malignant/ISPY2-873686/p-100,"sharpness_lapvar(z=+3.5),noise_sigma(z=+3.1)",,
train/Malignant/ISPY2-876511/p-092,hf_energy_frac(z=+3.5),,
val/Malignant/ISPY2-123660/p-038,hf_energy_frac(z=+3.5),,
train/Malignant/ISPY2-791944/p-101,sharpness_lapvar(z=+3.5),,
train/Malignant/ISPY2-243836/p-019,"entropy(z=-3.3),snr(z=+3.5)",,
train/Malignant/ISPY2-252748/p-045,hf_energy_frac(z=+3.5),,
train/Malignant/ISPY2-535415/p-036,entropy(z=-3.5),,
train/Malignant/ISPY2-243836/p-017,snr(z=+3.5),,
train/Malignant/ACRIN-6698-520471/p-095,sharpness_lapvar(z=+3.5),,
train/Malignant/ACRIN-6698-383456/p-045,dynamic_range(z=-3.5),,
train/Malignant/ACRIN-6698-241998/p-059,dynamic_range(z=-3.5),,
train/Malignant/ACRIN-6698-943633/p-061,dynamic_range(z=-3.5),,
train/Malignant/ACRIN-6698-688955/p-032,dynamic_range(z=-3.5),,
train/Malignant/ACRIN-6698-301665/p-070,dynamic_range(z=-3.5),,
train/Malignant/ISPY2-125418/p-063,aspect_ratio(z=+3.5),,
train/Malignant/ACRIN-6698-144302/p-086,snr(z=+3.5),,
train/Malignant/ISPY2-953262/p-092,sharpness_lapvar(z=+3.5),,
train/Malignant/ISPY2-640463/p-049,"sharpness_lapvar(z=+3.5),noise_sigma(z=+3.5)",,
train/Malignant/ISPY2-515141/p-060,entropy(z=-3.5),,
train/Malignant/ISPY2-286984/p-018,snr(z=+3.5),,
val/Malignant/ISPY2-890414/p-057,dynamic_range(z=-3.5),,
train/Malignant/ISPY2-117707/p-019,dynamic_range(z=-3.5),,
train/Malignant/ACRIN-6698-383456/p-044,dynamic_range(z=-3.5),,
train/Malignant/ISPY2-873686/p-096,"sharpness_lapvar(z=+3.5),noise_sigma(z=+3.1)",,
train/Malignant/ISPY2-303947/p-114,sharpness_lapvar(z=+3.5),,
train/Malignant/ISPY2-262131/p-058,width(z=+3.5),,
train/Malignant/ISPY2-262131/p-073,width(z=+3.5),,
train/Malignant/ISPY2-262131/p-072,width(z=+3.5),,
train/Malignant/ISPY2-357017/p-089,width(z=+3.5),,
train/Malignant/ISPY2-601489/p-029,width(z=+3.5),,
train/Malignant/ISPY2-262131/p-064,width(z=+3.5),,
train/Malignant/ISPY2-601489/p-030,width(z=+3.5),,
train/Malignant/ISPY2-559021/p-080,width(z=+3.5),,
train/Malignant/ISPY2-559021/p-079,width(z=+3.5),,
train/Malignant/ISPY2-559021/p-009,width(z=+3.5),,
train/Malignant/ISPY2-559021/p-081,width(z=+3.5),,
train/Malignant/ISPY2-601489/p-028,width(z=+3.5),,
train/Malignant/ISPY2-781335/p-078,width(z=+3.5),,
train/Malignant/ISPY2-262131/p-074,width(z=+3.5),,
train/Malignant/ISPY2-781335/p-022,width(z=+3.5),,
train/Malignant/ISPY2-601489/p-108,width(z=+3.5),,
train/Malignant/ISPY2-601489/p-109,width(z=+3.5),,
train/Malignant/ISPY2-769972/p-030,snr(z=+3.5),,
train/Malignant/ISPY2-349639/p-121,hf_energy_frac(z=+3.5),,
train/Malignant/ISPY2-188511/p-072,noise_sigma(z=+3.5),,
val/Malignant/ACRIN-6698-928815/p-065,snr(z=+3.5),,
train/Malignant/ISPY2-953262/p-088,sharpness_lapvar(z=+3.5),,
train/Malignant/ISPY2-541165/p-039,aspect_ratio(z=+3.5),,
train/Malignant/ISPY2-360937/p-010,aspect_ratio(z=+3.5),,
train/Malignant/ACRIN-6698-753109/p-041,aspect_ratio(z=+3.5),,
train/Malignant/ISPY2-198891/p-033,dynamic_range(z=-3.5),,
train/Malignant/ISPY2-266509/p-051,dynamic_range(z=-3.5),,
train/Malignant/ISPY2-439489/p-020,dynamic_range(z=-3.5),,
val/Malignant/ISPY2-241705/p-038,dynamic_range(z=-3.5),,
train/Malignant/ACRIN-6698-641246/p-034,sharpness_lapvar(z=+3.5),,
train/Malignant/ISPY2-994987/p-038,snr(z=+3.5),,
train/Malignant/ISPY2-959366/p-110,"sharpness_lapvar(z=+3.0),noise_sigma(z=+3.5)",,
train/Malignant/ISPY2-994987/p-042,entropy(z=-3.5),,
train/Malignant/ISPY2-726091/p-026,"sharpness_lapvar(z=+3.5),noise_sigma(z=+3.2)",,
val/Malignant/ISPY2-157463/p-033,snr(z=+3.5),,
val/Malignant/ISPY2-859699/p-084,hf_energy_frac(z=+3.5),,
train/Malignant/ISPY2-598798/p-068,sharpness_lapvar(z=+3.5),,
train/Malignant/ISPY2-851488/p-118,hf_energy_frac(z=+3.5),,
train/Malignant/ISPY2-236470/p-088,dynamic_range(z=-3.5),,
train/Malignant/ISPY2-284355/p-056,dynamic_range(z=-3.5),,
train/Malignant/ACRIN-6698-280375/p-041,dynamic_range(z=-3.5),,
val/Malignant/ISPY2-279902/p-048,dynamic_range(z=-3.5),,
train/Malignant/ISPY2-208265/p-062,aspect_ratio(z=+3.5),,
train/Malignant/ISPY2-415039/p-024,aspect_ratio(z=+3.5),,
train/Malignant/ISPY2-174904/p-024,entropy(z=-3.5),,
train/Malignant/ISPY2-885871/p-044,"entropy(z=-3.5),snr(z=+3.3)",,
train/Malignant/ISPY2-640463/p-086,sharpness_lapvar(z=+3.5),,
train/Malignant/ISPY2-125418/p-067,aspect_ratio(z=+3.5),,
train/Malignant/ISPY2-151980/p-088,"sharpness_lapvar(z=+3.5),noise_sigma(z=+3.4)",,
train/Malignant/ACRIN-6698-629606/p-089,sharpness_lapvar(z=+3.5),,
train/Malignant/ISPY2-262131/p-007,dynamic_range(z=-3.5),,
train/Malignant/ACRIN-6698-848003/p-038,dynamic_range(z=-3.5),,
train/Malignant/ACRIN-6698-280375/p-032,dynamic_range(z=-3.5),,
train/Malignant/ISPY2-831702/p-059,hf_energy_frac(z=+3.5),,
train/Malignant/ACRIN-6698-894673/p-090,hf_energy_frac(z=+3.5),,
train/Malignant/ISPY2-178649/p-043,"sharpness_lapvar(z=+3.5),aspect_ratio(z=+3.5)",,
train/Malignant/ISPY2-349639/p-109,"sharpness_lapvar(z=+3.3),noise_sigma(z=+3.2),hf_energy_frac(z=+3.5)",,
val/Malignant/ISPY2-199960/p-098,aspect_ratio(z=+3.5),,
train/Malignant/ISPY2-115638/p-058,aspect_ratio(z=+3.5),,
train/Malignant/ISPY2-133650/p-013,aspect_ratio(z=+3.5),,
train/Malignant/ISPY2-729270/p-030,sharpness_lapvar(z=+3.5),,
train/Malignant/ACRIN-6698-547892/p-040,entropy(z=-3.5),,
train/Malignant/ISPY2-953262/p-089,sharpness_lapvar(z=+3.5),,
train/Malignant/ISPY2-423619/p-047,entropy(z=-3.5),,
train/Malignant/ISPY2-202956/p-018,dynamic_range(z=-3.5),,
train/Malignant/ISPY2-250274/p-027,dynamic_range(z=-3.5),,
train/Malignant/ISPY2-442669/p-022,dynamic_range(z=-3.5),,
train/Malignant/ISPY2-676630/p-086,entropy(z=-3.5),,
train/Malignant/ISPY2-423619/p-046,entropy(z=-3.5),,
train/Malignant/ISPY2-824512/p-042,hf_energy_frac(z=+3.5),,
train/Malignant/ACRIN-6698-531988/p-030,snr(z=+3.5),,
train/Malignant/ISPY2-959366/p-101,noise_sigma(z=+3.5),,
train/Malignant/ISPY2-836983/p-061,sharpness_lapvar(z=+3.5),,
train/Malignant/ISPY2-262131/p-061,width(z=+3.5),,
train/Malignant/ISPY2-262131/p-054,width(z=+3.5),,
train/Malignant/ISPY2-262131/p-060,width(z=+3.5),,
train/Malignant/ISPY2-262131/p-063,width(z=+3.5),,
train/Malignant/ISPY2-262131/p-057,width(z=+3.5),,
train/Malignant/ISPY2-559021/p-071,width(z=+3.5),,
train/Malignant/ISPY2-559021/p-050,width(z=+3.5),,
train/Malignant/ISPY2-559021/p-022,width(z=+3.5),,
train/Malignant/ISPY2-559021/p-052,width(z=+3.5),,
train/Malignant/ISPY2-559021/p-021,width(z=+3.5),,
train/Malignant/ISPY2-559021/p-049,width(z=+3.5),,
train/Malignant/ISPY2-357017/p-078,width(z=+3.5),,
train/Malignant/ISPY2-559021/p-008,width(z=+3.5),,
train/Malignant/ACRIN-6698-299962/p-038,width(z=+3.5),,
train/Malignant/ISPY2-262131/p-059,width(z=+3.5),,
train/Malignant/ISPY2-601489/p-027,width(z=+3.5),,
train/Malignant/ISPY2-262131/p-062,width(z=+3.5),,
train/Malignant/ISPY2-262131/p-069,width(z=+3.5),,
train/Malignant/ISPY2-262131/p-070,width(z=+3.5),,
train/Malignant/ISPY2-559021/p-051,width(z=+3.5),,
train/Malignant/ISPY2-262131/p-071,width(z=+3.5),,
train/Malignant/ISPY2-188511/p-079,"sharpness_lapvar(z=+3.4),noise_sigma(z=+3.5)",,
train/Malignant/ACRIN-6698-520471/p-096,sharpness_lapvar(z=+3.5),,
train/Malignant/ISPY2-255078/p-023,hf_energy_frac(z=+3.5),,
train/Malignant/ISPY2-683173/p-018,aspect_ratio(z=+3.5),,
train/Malignant/ISPY2-598798/p-066,sharpness_lapvar(z=+3.5),,
train/Malignant/ISPY2-243836/p-014,snr(z=+3.5),,
train/Malignant/ISPY2-188511/p-084,"sharpness_lapvar(z=+3.1),noise_sigma(z=+3.5)",,
train/Malignant/ISPY2-676365/p-091,dynamic_range(z=-3.5),,
val/Malignant/ISPY2-345483/p-083,dynamic_range(z=-3.5),,
train/Malignant/ISPY2-117707/p-032,dynamic_range(z=-3.5),,
train/Malignant/ISPY2-417654/p-042,dynamic_range(z=-3.5),,
train/Malignant/ISPY2-905264/p-046,entropy(z=-3.5),,
train/Malignant/ACRIN-6698-467686/p-052,snr(z=+3.4),,
train/Malignant/ISPY2-303947/p-118,"sharpness_lapvar(z=+3.4),noise_sigma(z=+3.1)",,
train/Malignant/ISPY2-960490/p-072,entropy(z=-3.4),,
train/Malignant/ISPY2-527320/p-115,aspect_ratio(z=+3.4),,
train/Malignant/ISPY2-590299/p-097,aspect_ratio(z=+3.4),,
val/Malignant/ISPY2-930853/p-035,snr(z=+3.4),,
train/Malignant/ISPY2-953262/p-095,sharpness_lapvar(z=+3.4),,
train/Malignant/ISPY2-417654/p-014,dynamic_range(z=-3.4),,
train/Malignant/ISPY2-831702/p-056,dynamic_range(z=-3.4),,
train/Malignant/ISPY2-613188/p-015,dynamic_range(z=-3.4),,
train/Malignant/ISPY2-568953/p-045,dynamic_range(z=-3.4),,
train/Malignant/ACRIN-6698-317641/p-049,snr(z=+3.4),,
train/Malignant/ISPY2-451482/p-110,"sharpness_lapvar(z=+3.4),noise_sigma(z=+3.4)",,
train/Malignant/ACRIN-6698-685795/p-029,entropy(z=-3.4),,
train/Malignant/ISPY2-181442/p-043,entropy(z=-3.4),,
train/Malignant/ISPY2-959366/p-109,noise_sigma(z=+3.4),,
train/Malignant/ACRIN-6698-607843/p-007,dynamic_range(z=-3.4),,
train/Malignant/ISPY2-596458/p-058,sharpness_lapvar(z=+3.4),,
train/Malignant/ACRIN-6698-317641/p-046,snr(z=+3.4),,
train/Malignant/ISPY2-262131/p-124,aspect_ratio(z=+3.4),,
train/Malignant/ISPY2-832056/p-063,hf_energy_frac(z=+3.4),,
train/Malignant/ISPY2-155171/p-107,aspect_ratio(z=+3.4),,
train/Malignant/ISPY2-836983/p-050,sharpness_lapvar(z=+3.4),,
train/Malignant/ISPY2-301968/p-059,entropy(z=-3.4),,
train/Malignant/ISPY2-212307/p-055,"sharpness_lapvar(z=+3.4),noise_sigma(z=+3.2)",,
train/Malignant/ISPY2-515141/p-055,entropy(z=-3.4),,
train/Malignant/ACRIN-6698-584561/p-060,dynamic_range(z=-3.4),,
train/Malignant/ACRIN-6698-802308/p-019,dynamic_range(z=-3.4),,
train/Malignant/ISPY2-167271/p-060,dynamic_range(z=-3.4),,
train/Malignant/ISPY2-934459/p-064,dynamic_range(z=-3.4),,
train/Malignant/ACRIN-6698-924071/p-019,dynamic_range(z=-3.4),,
val/Malignant/ISPY2-157463/p-038,snr(z=+3.4),,
train/Malignant/ISPY2-180027/p-023,aspect_ratio(z=+3.4),,
train/Malignant/ISPY2-318569/p-072,aspect_ratio(z=+3.4),,
train/Malignant/ISPY2-605713/p-070,snr(z=+3.4),,
train/Malignant/ACRIN-6698-691753/p-041,entropy(z=-3.4),,
train/Malignant/ACRIN-6698-738041/p-051,snr(z=+3.4),,
train/Malignant/ISPY2-567907/p-065,entropy(z=-3.4),,
train/Malignant/ISPY2-832056/p-067,hf_energy_frac(z=+3.4),,
train/Malignant/ACRIN-6698-734997/p-043,aspect_ratio(z=+3.4),,
train/Malignant/ACRIN-6698-584561/p-062,dynamic_range(z=-3.4),,
train/Malignant/ACRIN-6698-899692/p-042,dynamic_range(z=-3.4),,
train/Malignant/ISPY2-974618/p-056,dynamic_range(z=-3.4),,
train/Malignant/ACRIN-6698-188700/p-061,dynamic_range(z=-3.4),,
train/Malignant/ISPY2-262131/p-080,width(z=+3.4),,
train/Malignant/ISPY2-262131/p-079,width(z=+3.4),,
train/Malignant/ISPY2-357017/p-075,width(z=+3.4),,
train/Malignant/ISPY2-559021/p-048,width(z=+3.4),,
train/Malignant/ISPY2-559021/p-023,width(z=+3.4),,
train/Malignant/ISPY2-559021/p-020,width(z=+3.4),,
train/Malignant/ISPY2-357017/p-069,width(z=+3.4),,
train/Malignant/ISPY2-262131/p-081,width(z=+3.4),,
train/Malignant/ISPY2-262131/p-076,width(z=+3.4),,
train/Malignant/ISPY2-262131/p-077,width(z=+3.4),,
train/Malignant/ISPY2-262131/p-055,width(z=+3.4),,
train/Malignant/ISPY2-262131/p-056,width(z=+3.4),,
train/Malignant/ISPY2-262131/p-082,width(z=+3.4),,
train/Malignant/ISPY2-781335/p-079,width(z=+3.4),,
train/Malignant/ISPY2-262131/p-075,width(z=+3.4),,
train/Malignant/ISPY2-540539/p-119,hf_energy_frac(z=+3.4),,
train/Malignant/ISPY2-188511/p-070,"sharpness_lapvar(z=+3.0),noise_sigma(z=+3.4)",,
train/Malignant/ISPY2-188511/p-071,noise_sigma(z=+3.4),,
train/Malignant/ISPY2-596458/p-060,sharpness_lapvar(z=+3.4),,
train/Malignant/ACRIN-6698-687288/p-031,hf_energy_frac(z=+3.4),,
train/Malignant/ISPY2-349639/p-070,sharpness_lapvar(z=+3.4),,
train/Malignant/ACRIN-6698-571995/p-062,snr(z=+3.4),,
val/Malignant/ISPY2-318293/p-046,sharpness_lapvar(z=+3.4),,
train/Malignant/ISPY2-342142/p-045,"dynamic_range(z=-3.4),snr(z=+3.2)",,
train/Malignant/ACRIN-6698-584561/p-061,dynamic_range(z=-3.4),,
val/Malignant/ISPY2-380769/p-052,dynamic_range(z=-3.4),,
train/Malignant/ISPY2-756412/p-011,dynamic_range(z=-3.4),,
train/Malignant/ISPY2-830958/p-019,dynamic_range(z=-3.4),,
train/Malignant/ACRIN-6698-280375/p-040,dynamic_range(z=-3.4),,
train/Malignant/ISPY2-845079/p-050,dynamic_range(z=-3.4),,
train/Malignant/ISPY2-111674/p-018,entropy(z=-3.4),,
train/Malignant/ISPY2-535415/p-033,entropy(z=-3.4),,
train/Malignant/ACRIN-6698-973837/p-072,aspect_ratio(z=+3.4),,
train/Malignant/ACRIN-6698-564701/p-070,hf_energy_frac(z=+3.4),,
train/Malignant/ISPY2-473505/p-061,hf_energy_frac(z=+3.4),,
train/Malignant/ISPY2-248255/p-066,entropy(z=-3.4),,
train/Malignant/ISPY2-282082/p-047,hf_energy_frac(z=+3.4),,
train/Malignant/ACRIN-6698-263143/p-036,snr(z=+3.4),,
val/Malignant/ACRIN-6698-928815/p-078,snr(z=+3.4),,
train/Malignant/ISPY2-598798/p-046,sharpness_lapvar(z=+3.4),,
train/Malignant/ISPY2-116165/p-034,dynamic_range(z=-3.4),,
train/Malignant/ISPY2-974618/p-035,dynamic_range(z=-3.4),,
train/Malignant/ISPY2-898618/p-057,dynamic_range(z=-3.4),,
train/Malignant/ISPY2-318438/p-112,hf_energy_frac(z=+3.4),,
train/Malignant/ISPY2-746265/p-063,aspect_ratio(z=+3.4),,
train/Malignant/ISPY2-598798/p-038,sharpness_lapvar(z=+3.4),,
train/Malignant/ISPY2-803677/p-048,entropy(z=-3.4),,
train/Malignant/ISPY2-125418/p-095,aspect_ratio(z=+3.4),,
train/Malignant/ISPY2-192548/p-030,dynamic_range(z=-3.4),,
train/Malignant/ACRIN-6698-943633/p-060,dynamic_range(z=-3.4),,
val/Malignant/ACRIN-6698-928815/p-066,snr(z=+3.4),,
train/Malignant/ISPY2-791944/p-115,sharpness_lapvar(z=+3.4),,
train/Malignant/ISPY2-188511/p-094,"sharpness_lapvar(z=+3.4),noise_sigma(z=+3.3)",,
train/Malignant/ACRIN-6698-962153/p-095,aspect_ratio(z=+3.4),,
train/Malignant/ISPY2-834418/p-031,aspect_ratio(z=+3.4),,
train/Malignant/ISPY2-953262/p-112,sharpness_lapvar(z=+3.4),,
train/Malignant/ISPY2-650589/p-062,sharpness_lapvar(z=+3.4),,
train/Malignant/ISPY2-640463/p-076,sharpness_lapvar(z=+3.4),,
train/Malignant/ACRIN-6698-783764/p-042,"contrast(z=-3.4),entropy(z=-3.2),dynamic_range(z=-3.4)",,
train/Malignant/ACRIN-6698-263143/p-034,snr(z=+3.4),,
train/Malignant/ISPY2-676365/p-093,dynamic_range(z=-3.4),,
val/Malignant/ISPY2-318293/p-047,sharpness_lapvar(z=+3.4),,
train/Malignant/ISPY2-466267/p-026,entropy(z=-3.4),,
train/Malignant/ISPY2-332655/p-041,hf_energy_frac(z=+3.4),,
train/Malignant/ISPY2-169536/p-024,sharpness_lapvar(z=+3.4),,
train/Malignant/ISPY2-197942/p-053,aspect_ratio(z=+3.4),,
val/Malignant/ACRIN-6698-928815/p-077,snr(z=+3.4),,
train/Malignant/ISPY2-598798/p-065,sharpness_lapvar(z=+3.4),,
train/Malignant/ISPY2-598798/p-092,sharpness_lapvar(z=+3.4),,
train/Malignant/ISPY2-262131/p-048,width(z=+3.4),,
train/Malignant/ISPY2-559021/p-047,width(z=+3.4),,
train/Malignant/ISPY2-559021/p-072,width(z=+3.4),,
train/Malignant/ISPY2-781335/p-021,width(z=+3.4),,
train/Malignant/ISPY2-559021/p-013,width(z=+3.4),,
train/Malignant/ISPY2-357017/p-068,width(z=+3.4),,
train/Malignant/ISPY2-357017/p-076,width(z=+3.4),,
train/Malignant/ISPY2-262131/p-078,width(z=+3.4),,
train/Malignant/ISPY2-601489/p-033,width(z=+3.4),,
train/Malignant/ISPY2-262131/p-051,width(z=+3.4),,
train/Malignant/ISPY2-262131/p-053,width(z=+3.4),,
train/Malignant/ISPY2-262131/p-052,width(z=+3.4),,
train/Malignant/ISPY2-262131/p-047,width(z=+3.4),,
train/Malignant/ISPY2-262131/p-049,width(z=+3.4),,
train/Malignant/ISPY2-357017/p-090,width(z=+3.4),,
train/Malignant/ISPY2-999264/p-028,dynamic_range(z=-3.4),,
train/Malignant/ISPY2-439489/p-021,dynamic_range(z=-3.4),,
val/Malignant/ISPY2-712276/p-047,dynamic_range(z=-3.4),,
train/Malignant/ISPY2-349639/p-097,sharpness_lapvar(z=+3.4),,
train/Malignant/ACRIN-6698-775346/p-021,snr(z=+3.4),,
train/Malignant/ISPY2-994987/p-044,snr(z=+3.4),,
train/Malignant/ACRIN-6698-775346/p-025,snr(z=+3.4),,
train/Malignant/ISPY2-660534/p-029,snr(z=+3.4),,
train/Malignant/ACRIN-6698-894673/p-098,aspect_ratio(z=+3.4),,
train/Malignant/ISPY2-832056/p-068,hf_energy_frac(z=+3.4),,
train/Malignant/ISPY2-188511/p-078,"sharpness_lapvar(z=+3.3),noise_sigma(z=+3.4)",,
train/Malignant/ISPY2-122795/p-041,entropy(z=-3.4),,
train/Malignant/ISPY2-596458/p-063,sharpness_lapvar(z=+3.4),,
train/Malignant/ISPY2-579881/p-032,snr(z=+3.4),,
train/Malignant/ISPY2-563856/p-032,entropy(z=-3.4),,
train/Malignant/ACRIN-6698-863161/p-076,sharpness_lapvar(z=+3.4),,
train/Malignant/ISPY2-405717/p-068,entropy(z=-3.4),,
train/Malignant/ISPY2-894491/p-060,dynamic_range(z=-3.4),,
train/Malignant/ACRIN-6698-783764/p-035,dynamic_range(z=-3.4),,
train/Malignant/ACRIN-6698-580541/p-036,dynamic_range(z=-3.4),,
train/Malignant/ISPY2-192548/p-050,dynamic_range(z=-3.4),,
train/Malignant/ISPY2-535569/p-029,dynamic_range(z=-3.4),,
train/Malignant/ISPY2-442669/p-026,dynamic_range(z=-3.4),,
train/Malignant/ISPY2-229824/p-108,hf_energy_frac(z=+3.4),,
train/Malignant/ISPY2-640463/p-065,"sharpness_lapvar(z=+3.4),noise_sigma(z=+3.1)",,
train/Malignant/ISPY2-451482/p-082,entropy(z=-3.4),,
train/Malignant/ISPY2-108939/p-072,sharpness_lapvar(z=+3.4),,
train/Malignant/ISPY2-350331/p-046,entropy(z=-3.4),,
train/Malignant/ISPY2-282082/p-113,hf_energy_frac(z=+3.4),,
train/Malignant/ISPY2-559021/p-014,"aspect_ratio(z=+3.4),width(z=+3.4)",,
train/Malignant/ISPY2-573881/p-058,sharpness_lapvar(z=+3.4),,
train/Malignant/ACRIN-6698-775346/p-030,snr(z=+3.4),,
train/Malignant/ISPY2-851488/p-058,dynamic_range(z=-3.4),,
val/Malignant/ISPY2-380769/p-055,dynamic_range(z=-3.4),,
train/Malignant/ISPY2-726091/p-035,dynamic_range(z=-3.4),,
train/Malignant/ISPY2-478484/p-032,dynamic_range(z=-3.4),,
train/Malignant/ISPY2-363669/p-061,aspect_ratio(z=+3.4),,
train/Malignant/ISPY2-188511/p-080,"sharpness_lapvar(z=+3.0),noise_sigma(z=+3.4)",,
train/Malignant/ISPY2-172283/p-053,aspect_ratio(z=+3.4),,
train/Malignant/ISPY2-573881/p-063,sharpness_lapvar(z=+3.4),,
train/Malignant/ISPY2-706943/p-016,aspect_ratio(z=+3.4),,
train/Malignant/ACRIN-6698-943633/p-052,dynamic_range(z=-3.4),,
val/Malignant/ISPY2-380769/p-053,dynamic_range(z=-3.4),,
val/Malignant/ISPY2-282644/p-046,dynamic_range(z=-3.4),,
val/Malignant/ISPY2-712276/p-050,dynamic_range(z=-3.4),,
train/Malignant/ISPY2-116165/p-048,dynamic_range(z=-3.4),,
train/Malignant/ACRIN-6698-860243/p-065,dynamic_range(z=-3.4),,
train/Malignant/ISPY2-637051/p-040,dynamic_range(z=-3.4),,
train/Malignant/ISPY2-596079/p-022,hf_energy_frac(z=+3.4),,
train/Malignant/ISPY2-132463/p-072,entropy(z=-3.4),,
train/Malignant/ACRIN-6698-222135/p-103,aspect_ratio(z=+3.4),,
train/Malignant/ISPY2-953885/p-026,aspect_ratio(z=+3.4),,
train/Malignant/ISPY2-243836/p-016,snr(z=+3.4),,
train/Malignant/ISPY2-262131/p-050,width(z=+3.4),,
train/Malignant/ISPY2-357017/p-092,width(z=+3.4),,
train/Malignant/ISPY2-262131/p-046,width(z=+3.4),,
train/Malignant/ISPY2-781335/p-080,width(z=+3.4),,
train/Malignant/ISPY2-559021/p-046,width(z=+3.4),,
train/Malignant/ISPY2-559021/p-045,width(z=+3.4),,
train/Malignant/ISPY2-781335/p-081,width(z=+3.4),,
train/Malignant/ISPY2-262131/p-045,width(z=+3.4),,
train/Malignant/ISPY2-357017/p-074,width(z=+3.4),,
train/Malignant/ISPY2-640463/p-070,"sharpness_lapvar(z=+3.4),noise_sigma(z=+3.1)",,
train/Malignant/ACRIN-6698-148357/p-026,aspect_ratio(z=+3.4),,
train/Malignant/ACRIN-6698-688955/p-030,dynamic_range(z=-3.4),,
train/Malignant/ISPY2-845079/p-053,dynamic_range(z=-3.4),,
train/Malignant/ACRIN-6698-987914/p-032,dynamic_range(z=-3.4),,
train/Malignant/ISPY2-303947/p-116,"sharpness_lapvar(z=+3.4),noise_sigma(z=+3.1)",,
train/Malignant/ISPY2-573881/p-105,hf_energy_frac(z=+3.4),,
train/Malignant/ISPY2-539291/p-057,aspect_ratio(z=+3.4),,
train/Malignant/ISPY2-167271/p-049,dynamic_range(z=-3.4),,
train/Malignant/ISPY2-202956/p-029,dynamic_range(z=-3.4),,
train/Malignant/ISPY2-284355/p-038,dynamic_range(z=-3.4),,
train/Malignant/ISPY2-607047/p-049,hf_energy_frac(z=+3.4),,
train/Malignant/ISPY2-640463/p-077,sharpness_lapvar(z=+3.4),,
val/Malignant/ISPY2-542392/p-124,hf_energy_frac(z=+3.4),,
train/Malignant/ISPY2-212307/p-049,"sharpness_lapvar(z=+3.4),noise_sigma(z=+3.3)",,
train/Malignant/ISPY2-100899/p-043,aspect_ratio(z=+3.4),,
train/Malignant/ACRIN-6698-169918/p-031,aspect_ratio(z=+3.4),,
train/Malignant/ISPY2-605713/p-066,snr(z=+3.4),,
train/Malignant/ISPY2-177795/p-028,dynamic_range(z=-3.4),,
train/Malignant/ACRIN-6698-843554/p-033,dynamic_range(z=-3.4),,
train/Malignant/ISPY2-767081/p-037,dynamic_range(z=-3.4),,
train/Malignant/ISPY2-768214/p-050,"dynamic_range(z=-3.4),hf_energy_frac(z=+3.1)",,
train/Malignant/ISPY2-356684/p-069,dynamic_range(z=-3.4),,
train/Malignant/ISPY2-831702/p-055,dynamic_range(z=-3.4),,
train/Malignant/ACRIN-6698-362150/p-028,dynamic_range(z=-3.4),,
train/Malignant/ISPY2-116165/p-029,dynamic_range(z=-3.4),,
train/Malignant/ISPY2-112606/p-114,dynamic_range(z=-3.4),,
train/Malignant/ISPY2-845079/p-048,dynamic_range(z=-3.4),,
train/Malignant/ISPY2-916586/p-041,entropy(z=-3.4),,
train/Malignant/ACRIN-6698-755914/p-095,snr(z=+3.4),,
train/Malignant/ISPY2-689188/p-015,"entropy(z=-3.1),snr(z=+3.4)",,
train/Malignant/ISPY2-342996/p-064,aspect_ratio(z=+3.4),,
train/Malignant/ISPY2-318438/p-104,"sharpness_lapvar(z=+3.4),noise_sigma(z=+3.2)",,
train/Malignant/ISPY2-426106/p-102,hf_energy_frac(z=+3.4),,
train/Malignant/ISPY2-607047/p-047,hf_energy_frac(z=+3.4),,
train/Malignant/ISPY2-436371/p-033,dynamic_range(z=-3.4),,
train/Malignant/ISPY2-676365/p-095,dynamic_range(z=-3.4),,
train/Malignant/ACRIN-6698-396723/p-027,dynamic_range(z=-3.4),,
train/Malignant/ISPY2-768214/p-051,dynamic_range(z=-3.4),,
val/Malignant/ISPY2-241705/p-039,dynamic_range(z=-3.4),,
train/Malignant/ISPY2-847753/p-047,dynamic_range(z=-3.4),,
train/Malignant/ACRIN-6698-384830/p-033,dynamic_range(z=-3.4),,
train/Malignant/ACRIN-6698-323721/p-042,dynamic_range(z=-3.4),,
val/Malignant/ISPY2-241705/p-029,dynamic_range(z=-3.4),,
train/Malignant/ISPY2-726091/p-028,hf_energy_frac(z=+3.4),,
train/Malignant/ISPY2-573586/p-119,aspect_ratio(z=+3.4),,
train/Malignant/ISPY2-766967/p-095,aspect_ratio(z=+3.4),,
train/Malignant/ISPY2-836983/p-051,sharpness_lapvar(z=+3.4),,
train/Malignant/ISPY2-836983/p-055,sharpness_lapvar(z=+3.4),,
train/Malignant/ACRIN-6698-690089/p-040,snr(z=+3.4),,
train/Malignant/ISPY2-809037/p-037,dynamic_range(z=-3.4),,
train/Malignant/ACRIN-6698-843554/p-036,dynamic_range(z=-3.4),,
train/Malignant/ISPY2-598798/p-081,sharpness_lapvar(z=+3.4),,
train/Malignant/ISPY2-208265/p-128,"sharpness_lapvar(z=+3.4),noise_sigma(z=+3.3)",,
train/Malignant/ACRIN-6698-786753/p-095,hf_energy_frac(z=+3.4),,
train/Malignant/ISPY2-960490/p-071,entropy(z=-3.4),,
train/Malignant/ISPY2-303947/p-121,"sharpness_lapvar(z=+3.4),noise_sigma(z=+3.1)",,
train/Malignant/ISPY2-632408/p-045,snr(z=+3.4),,
train/Malignant/ACRIN-6698-571995/p-060,snr(z=+3.4),,
train/Malignant/ISPY2-262131/p-039,width(z=+3.4),,
train/Malignant/ISPY2-357017/p-086,width(z=+3.4),,
train/Malignant/ISPY2-357017/p-097,width(z=+3.4),,
train/Malignant/ISPY2-357017/p-096,width(z=+3.4),,
train/Malignant/ISPY2-262131/p-041,width(z=+3.4),,
train/Malignant/ISPY2-601489/p-112,width(z=+3.4),,
train/Malignant/ISPY2-559021/p-041,width(z=+3.4),,
train/Malignant/ISPY2-559021/p-011,width(z=+3.4),,
train/Malignant/ISPY2-559021/p-042,width(z=+3.4),,
train/Malignant/ISPY2-262131/p-040,width(z=+3.4),,
train/Malignant/ISPY2-262131/p-038,width(z=+3.4),,
train/Malignant/ISPY2-357017/p-085,width(z=+3.4),,
train/Malignant/ISPY2-630758/p-038,snr(z=+3.4),,
train/Malignant/ISPY2-535415/p-035,entropy(z=-3.4),,
train/Malignant/ISPY2-999733/p-016,dynamic_range(z=-3.4),,
train/Malignant/ACRIN-6698-856159/p-030,dynamic_range(z=-3.4),,
train/Malignant/ACRIN-6698-241998/p-045,dynamic_range(z=-3.4),,
train/Malignant/ACRIN-6698-929980/p-029,dynamic_range(z=-3.4),,
train/Malignant/ISPY2-756412/p-041,dynamic_range(z=-3.4),,
train/Malignant/ISPY2-627981/p-113,"sharpness_lapvar(z=+3.4),noise_sigma(z=+3.2)",,
train/Malignant/ACRIN-6698-973837/p-065,hf_energy_frac(z=+3.4),,
train/Malignant/ACRIN-6698-900959/p-075,entropy(z=-3.4),,
train/Malignant/ISPY2-572444/p-083,noise_sigma(z=+3.3),,
train/Malignant/ISPY2-590220/p-011,noise_sigma(z=+3.3),,
train/Malignant/ISPY2-845663/p-046,aspect_ratio(z=+3.3),,
train/Malignant/ISPY2-485637/p-171,sharpness_lapvar(z=+3.3),,
train/Malignant/ISPY2-650589/p-063,sharpness_lapvar(z=+3.3),,
train/Malignant/ISPY2-689188/p-012,dynamic_range(z=-3.3),,
train/Malignant/ISPY2-883696/p-038,dynamic_range(z=-3.3),,
train/Malignant/ACRIN-6698-188700/p-038,dynamic_range(z=-3.3),,
train/Malignant/ISPY2-177795/p-025,dynamic_range(z=-3.3),,
train/Malignant/ACRIN-6698-783764/p-040,dynamic_range(z=-3.3),,
train/Malignant/ISPY2-605713/p-023,snr(z=+3.3),,
train/Malignant/ACRIN-6698-547892/p-035,entropy(z=-3.3),,
train/Malignant/ISPY2-596079/p-021,hf_energy_frac(z=+3.3),,
train/Malignant/ISPY2-959366/p-117,"dynamic_range(z=-3.3),noise_sigma(z=+3.3)",,
train/Malignant/ISPY2-356399/p-017,entropy(z=-3.3),,
train/Malignant/ISPY2-836983/p-056,sharpness_lapvar(z=+3.3),,
train/Malignant/ACRIN-6698-755914/p-094,snr(z=+3.3),,
train/Malignant/ISPY2-640463/p-050,"sharpness_lapvar(z=+3.0),noise_sigma(z=+3.3)",,
train/Malignant/ISPY2-791321/p-083,entropy(z=-3.3),,
val/Malignant/ISPY2-345483/p-074,hf_energy_frac(z=+3.3),,
val/Malignant/ISPY2-199960/p-044,aspect_ratio(z=+3.3),,
val/Malignant/ISPY2-453596/p-034,dynamic_range(z=-3.3),,
train/Malignant/ISPY2-959366/p-104,noise_sigma(z=+3.3),,
val/Malignant/ISPY2-160120/p-044,hf_energy_frac(z=+3.3),,
train/Malignant/ISPY2-418593/p-103,hf_energy_frac(z=+3.3),,
train/Malignant/ISPY2-286984/p-020,"dynamic_range(z=-3.1),snr(z=+3.3)",,
train/Malignant/ISPY2-830958/p-021,dynamic_range(z=-3.3),,
train/Malignant/ISPY2-116165/p-038,dynamic_range(z=-3.3),,
train/Malignant/ISPY2-568953/p-035,dynamic_range(z=-3.3),,
train/Malignant/ACRIN-6698-465008/p-040,dynamic_range(z=-3.3),,
train/Malignant/ISPY2-568953/p-051,dynamic_range(z=-3.3),,
train/Malignant/ISPY2-212307/p-053,"sharpness_lapvar(z=+3.3),noise_sigma(z=+3.3)",,
train/Malignant/ISPY2-211408/p-091,aspect_ratio(z=+3.3),,
train/Malignant/ISPY2-125418/p-068,aspect_ratio(z=+3.3),,
train/Malignant/ISPY2-129837/p-099,hf_energy_frac(z=+3.3),,
train/Malignant/ISPY2-423619/p-043,snr(z=+3.3),,
val/Malignant/ISPY2-714205/p-027,hf_energy_frac(z=+3.3),,
train/Malignant/ISPY2-166782/p-031,hf_energy_frac(z=+3.3),,
train/Malignant/ISPY2-405717/p-061,entropy(z=-3.3),,
val/Malignant/ACRIN-6698-277888/p-092,hf_energy_frac(z=+3.3),,
train/Malignant/ISPY2-586207/p-024,hf_energy_frac(z=+3.3),,
train/Malignant/ISPY2-782334/p-115,dynamic_range(z=-3.3),,
train/Malignant/ACRIN-6698-280375/p-038,dynamic_range(z=-3.3),,
train/Malignant/ISPY2-759015/p-028,dynamic_range(z=-3.3),,
train/Malignant/ISPY2-202956/p-030,dynamic_range(z=-3.3),,
train/Malignant/ACRIN-6698-362150/p-027,dynamic_range(z=-3.3),,
train/Malignant/ISPY2-676365/p-096,dynamic_range(z=-3.3),,
train/Malignant/ISPY2-999264/p-011,dynamic_range(z=-3.3),,
train/Malignant/ISPY2-159352/p-041,sharpness_lapvar(z=+3.3),,
train/Malignant/ACRIN-6698-430441/p-143,aspect_ratio(z=+3.3),,
train/Malignant/ACRIN-6698-775346/p-028,snr(z=+3.3),,
train/Malignant/ISPY2-934906/p-063,aspect_ratio(z=+3.3),,
train/Malignant/ACRIN-6698-663144/p-036,aspect_ratio(z=+3.3),,
train/Malignant/ISPY2-824512/p-064,hf_energy_frac(z=+3.3),,
train/Malignant/ISPY2-729270/p-070,sharpness_lapvar(z=+3.3),,
train/Malignant/ISPY2-756412/p-015,snr(z=+3.3),,
train/Malignant/ACRIN-6698-520471/p-097,sharpness_lapvar(z=+3.3),,
train/Malignant/ISPY2-563856/p-034,entropy(z=-3.3),,
train/Malignant/ISPY2-262131/p-037,width(z=+3.3),,
train/Malignant/ISPY2-262131/p-036,width(z=+3.3),,
train/Malignant/ISPY2-559021/p-007,width(z=+3.3),,
train/Malignant/ISPY2-262131/p-033,width(z=+3.3),,
train/Malignant/ISPY2-262131/p-035,width(z=+3.3),,
train/Malignant/ACRIN-6698-299962/p-037,width(z=+3.3),,
train/Malignant/ISPY2-601489/p-117,width(z=+3.3),,
train/Malignant/ISPY2-601489/p-111,width(z=+3.3),,
train/Malignant/ISPY2-262131/p-042,width(z=+3.3),,
train/Malignant/ISPY2-357017/p-098,width(z=+3.3),,
train/Malignant/ISPY2-601489/p-118,width(z=+3.3),,
train/Malignant/ISPY2-559021/p-012,width(z=+3.3),,
train/Malignant/ACRIN-6698-299962/p-041,width(z=+3.3),,
train/Malignant/ISPY2-767081/p-047,dynamic_range(z=-3.3),,
train/Malignant/ACRIN-6698-294739/p-011,dynamic_range(z=-3.3),,
train/Malignant/ISPY2-202956/p-021,dynamic_range(z=-3.3),,
val/Malignant/ISPY2-345483/p-077,dynamic_range(z=-3.3),,
train/Malignant/ACRIN-6698-218503/p-025,dynamic_range(z=-3.3),,
train/Malignant/ISPY2-108939/p-071,sharpness_lapvar(z=+3.3),,
train/Malignant/ISPY2-181819/p-029,snr(z=+3.3),,
train/Malignant/ISPY2-836983/p-043,sharpness_lapvar(z=+3.3),,
train/Malignant/ISPY2-756412/p-014,snr(z=+3.3),,
train/Malignant/ACRIN-6698-755914/p-089,snr(z=+3.3),,
train/Malignant/ISPY2-567907/p-041,entropy(z=-3.3),,
train/Malignant/ACRIN-6698-343898/p-043,snr(z=+3.3),,
train/Malignant/ISPY2-796558/p-100,hf_energy_frac(z=+3.3),,
train/Malignant/ACRIN-6698-287961/p-116,hf_energy_frac(z=+3.3),,
train/Malignant/ISPY2-128051/p-066,entropy(z=-3.3),,
train/Malignant/ISPY2-128051/p-061,entropy(z=-3.3),,
train/Malignant/ISPY2-264678/p-055,hf_energy_frac(z=+3.3),,
train/Malignant/ACRIN-6698-384830/p-046,dynamic_range(z=-3.3),,
train/Malignant/ISPY2-568953/p-031,dynamic_range(z=-3.3),,
train/Malignant/ACRIN-6698-384830/p-038,dynamic_range(z=-3.3),,
train/Malignant/ISPY2-814299/p-007,dynamic_range(z=-3.3),,
train/Malignant/ISPY2-531672/p-090,noise_sigma(z=+3.3),,
train/Malignant/ISPY2-660915/p-050,snr(z=+3.3),,
train/Malignant/ISPY2-960490/p-082,entropy(z=-3.3),,
train/Malignant/ISPY2-894128/p-068,noise_sigma(z=+3.3),,
train/Malignant/ACRIN-6698-748583/p-045,hf_energy_frac(z=+3.3),,
train/Malignant/ISPY2-301968/p-054,entropy(z=-3.3),,
train/Malignant/ISPY2-564234/p-109,aspect_ratio(z=+3.3),,
train/Malignant/ISPY2-729270/p-062,sharpness_lapvar(z=+3.3),,
train/Malignant/ISPY2-573586/p-018,aspect_ratio(z=+3.3),,
val/Malignant/ISPY2-199960/p-095,aspect_ratio(z=+3.3),,
train/Malignant/ISPY2-590299/p-053,entropy(z=-3.3),,
train/Malignant/ACRIN-6698-894673/p-092,sharpness_lapvar(z=+3.3),,
train/Malignant/ISPY2-573881/p-100,sharpness_lapvar(z=+3.3),,
train/Malignant/ISPY2-159352/p-050,hf_energy_frac(z=+3.3),,
train/Malignant/ACRIN-6698-688955/p-034,dynamic_range(z=-3.3),,
train/Malignant/ACRIN-6698-895653/p-050,dynamic_range(z=-3.3),,
val/Malignant/ACRIN-6698-928815/p-073,snr(z=+3.3),,
val/Malignant/ISPY2-157463/p-034,snr(z=+3.3),,
train/Malignant/ISPY2-188511/p-092,"sharpness_lapvar(z=+3.2),noise_sigma(z=+3.3),hf_energy_frac(z=+3.2)",,
train/Malignant/ISPY2-573881/p-110,sharpness_lapvar(z=+3.3),,
train/Malignant/ACRIN-6698-691753/p-040,entropy(z=-3.3),,
train/Malignant/ISPY2-899381/p-025,entropy(z=-3.3),,
train/Malignant/ACRIN-6698-856159/p-029,dynamic_range(z=-3.3),,
train/Malignant/ISPY2-294176/p-018,noise_sigma(z=+3.3),,
train/Malignant/ISPY2-832056/p-077,hf_energy_frac(z=+3.3),,
train/Malignant/ISPY2-706418/p-042,hf_energy_frac(z=+3.3),,
train/Malignant/ISPY2-904269/p-060,snr(z=+3.3),,
train/Malignant/ISPY2-319324/p-052,hf_energy_frac(z=+3.3),,
train/Malignant/ACRIN-6698-683896/p-051,hf_energy_frac(z=+3.3),,
train/Malignant/ISPY2-676630/p-087,entropy(z=-3.3),,
train/Malignant/ACRIN-6698-688291/p-007,hf_energy_frac(z=+3.3),,
train/Malignant/ISPY2-245655/p-061,"sharpness_lapvar(z=+3.2),noise_sigma(z=+3.3)",,
train/Malignant/ACRIN-6698-263143/p-032,snr(z=+3.3),,
train/Malignant/ISPY2-598798/p-079,sharpness_lapvar(z=+3.3),,
train/Malignant/ISPY2-116165/p-033,dynamic_range(z=-3.3),,
train/Malignant/ISPY2-363669/p-039,dynamic_range(z=-3.3),,
train/Malignant/ISPY2-177795/p-035,dynamic_range(z=-3.3),,
train/Malignant/ISPY2-768214/p-056,dynamic_range(z=-3.3),,
train/Malignant/ISPY2-301968/p-056,entropy(z=-3.3),,
train/Malignant/ISPY2-598798/p-024,hf_energy_frac(z=+3.3),,
train/Malignant/ISPY2-248255/p-060,entropy(z=-3.3),,
train/Malignant/ISPY2-180663/p-039,entropy(z=-3.3),,
train/Malignant/ISPY2-262131/p-123,aspect_ratio(z=+3.3),,
train/Malignant/ISPY2-262131/p-034,width(z=+3.3),,
train/Malignant/ISPY2-559021/p-103,width(z=+3.3),,
train/Malignant/ISPY2-262131/p-090,width(z=+3.3),,
train/Malignant/ISPY2-559021/p-102,width(z=+3.3),,
train/Malignant/ISPY2-601489/p-121,width(z=+3.3),,
train/Malignant/ISPY2-559021/p-024,width(z=+3.3),,
train/Malignant/ISPY2-357017/p-099,width(z=+3.3),,
train/Malignant/ISPY2-601489/p-113,width(z=+3.3),,
train/Malignant/ISPY2-601489/p-114,width(z=+3.3),,
train/Malignant/ISPY2-601489/p-026,width(z=+3.3),,
train/Malignant/ISPY2-601489/p-025,width(z=+3.3),,
train/Malignant/ISPY2-601489/p-120,width(z=+3.3),,
train/Malignant/ISPY2-262131/p-043,width(z=+3.3),,
train/Malignant/ISPY2-262131/p-030,width(z=+3.3),,
train/Malignant/ISPY2-262131/p-029,width(z=+3.3),,
train/Malignant/ISPY2-262131/p-031,width(z=+3.3),,
train/Malignant/ISPY2-262131/p-028,width(z=+3.3),,
train/Malignant/ISPY2-559021/p-015,width(z=+3.3),,
train/Malignant/ACRIN-6698-299962/p-039,width(z=+3.3),,
train/Malignant/ISPY2-601489/p-119,width(z=+3.3),,
train/Malignant/ACRIN-6698-299962/p-036,width(z=+3.3),,
train/Malignant/ACRIN-6698-299962/p-035,width(z=+3.3),,
train/Malignant/ISPY2-262131/p-091,width(z=+3.3),,
train/Malignant/ACRIN-6698-299962/p-034,width(z=+3.3),,
train/Malignant/ISPY2-262131/p-083,width(z=+3.3),,
train/Malignant/ISPY2-151980/p-090,"sharpness_lapvar(z=+3.1),hf_energy_frac(z=+3.3)",,
train/Malignant/ACRIN-6698-775346/p-035,snr(z=+3.3),,
train/Malignant/ISPY2-640463/p-082,sharpness_lapvar(z=+3.3),,
train/Malignant/ISPY2-959366/p-112,"sharpness_lapvar(z=+3.1),noise_sigma(z=+3.3)",,
train/Malignant/ISPY2-167271/p-056,dynamic_range(z=-3.3),,
train/Malignant/ACRIN-6698-607843/p-022,dynamic_range(z=-3.3),,
train/Malignant/ACRIN-6698-412772/p-037,dynamic_range(z=-3.3),,
train/Malignant/ACRIN-6698-362150/p-025,dynamic_range(z=-3.3),,
train/Malignant/ISPY2-894491/p-057,dynamic_range(z=-3.3),,
train/Malignant/ISPY2-422450/p-091,sharpness_lapvar(z=+3.3),,
train/Malignant/ISPY2-517870/p-030,hf_energy_frac(z=+3.3),,
train/Malignant/ISPY2-605713/p-067,snr(z=+3.3),,
train/Malignant/ISPY2-303947/p-109,"sharpness_lapvar(z=+3.3),noise_sigma(z=+3.2)",,
train/Malignant/ISPY2-159352/p-030,hf_energy_frac(z=+3.3),,
train/Malignant/ISPY2-212307/p-062,"sharpness_lapvar(z=+3.3),noise_sigma(z=+3.0)",,
train/Malignant/ACRIN-6698-863161/p-070,sharpness_lapvar(z=+3.3),,
train/Malignant/ACRIN-6698-467686/p-070,snr(z=+3.3),,
train/Malignant/ISPY2-117707/p-031,dynamic_range(z=-3.3),,
train/Malignant/ACRIN-6698-688955/p-036,dynamic_range(z=-3.3),,
train/Malignant/ISPY2-728714/p-061,entropy(z=-3.3),,
train/Malignant/ISPY2-122795/p-025,entropy(z=-3.3),,
train/Malignant/ISPY2-598798/p-087,sharpness_lapvar(z=+3.3),,
train/Malignant/ACRIN-6698-531988/p-027,snr(z=+3.3),,
train/Malignant/ISPY2-676630/p-081,entropy(z=-3.3),,
train/Malignant/ISPY2-282082/p-040,"sharpness_lapvar(z=+3.0),noise_sigma(z=+3.3)",,
train/Malignant/ISPY2-781642/p-058,dynamic_range(z=-3.3),,
train/Malignant/ISPY2-847753/p-036,dynamic_range(z=-3.3),,
train/Malignant/ISPY2-198891/p-027,dynamic_range(z=-3.3),,
train/Malignant/ACRIN-6698-607843/p-019,dynamic_range(z=-3.3),,
train/Malignant/ISPY2-831702/p-039,dynamic_range(z=-3.3),,
train/Malignant/ISPY2-208303/p-008,dynamic_range(z=-3.3),,
train/Malignant/ISPY2-254273/p-045,entropy(z=-3.3),,
train/Malignant/ISPY2-960490/p-074,entropy(z=-3.3),,
train/Malignant/ISPY2-493519/p-104,hf_energy_frac(z=+3.3),,
train/Malignant/ISPY2-834418/p-030,entropy(z=-3.3),,
train/Malignant/ACRIN-6698-326433/p-078,sharpness_lapvar(z=+3.3),,
train/Malignant/ISPY2-916586/p-082,hf_energy_frac(z=+3.3),,
train/Malignant/ISPY2-960490/p-073,entropy(z=-3.3),,
train/Malignant/ISPY2-824512/p-080,hf_energy_frac(z=+3.3),,
train/Malignant/ISPY2-198891/p-029,dynamic_range(z=-3.3),,
train/Malignant/ACRIN-6698-547892/p-034,entropy(z=-3.3),,
train/Malignant/ISPY2-953262/p-098,sharpness_lapvar(z=+3.3),,
train/Malignant/ACRIN-6698-691753/p-042,entropy(z=-3.3),,
train/Malignant/ISPY2-598798/p-088,sharpness_lapvar(z=+3.3),,
train/Malignant/ISPY2-865416/p-057,hf_energy_frac(z=+3.3),,
train/Malignant/ISPY2-245655/p-062,"sharpness_lapvar(z=+3.3),noise_sigma(z=+3.2)",,
train/Malignant/ISPY2-640463/p-053,"sharpness_lapvar(z=+3.1),noise_sigma(z=+3.3)",,
train/Malignant/ISPY2-451482/p-078,noise_sigma(z=+3.3),,
train/Malignant/ISPY2-131595/p-023,dynamic_range(z=-3.3),,
train/Malignant/ISPY2-177795/p-032,dynamic_range(z=-3.3),,
train/Malignant/ISPY2-356684/p-068,dynamic_range(z=-3.3),,
train/Malignant/ISPY2-250274/p-030,dynamic_range(z=-3.3),,
train/Malignant/ISPY2-286984/p-032,dynamic_range(z=-3.3),,
train/Malignant/ISPY2-767081/p-043,dynamic_range(z=-3.3),,
train/Malignant/ACRIN-6698-383456/p-049,dynamic_range(z=-3.3),,
train/Malignant/ISPY2-167271/p-050,dynamic_range(z=-3.3),,
train/Malignant/ACRIN-6698-760901/p-066,hf_energy_frac(z=+3.3),,
train/Malignant/ISPY2-188511/p-083,noise_sigma(z=+3.3),,
train/Malignant/ISPY2-640463/p-071,"sharpness_lapvar(z=+3.3),noise_sigma(z=+3.1)",,
train/Malignant/ACRIN-6698-263143/p-019,snr(z=+3.3),,
train/Malignant/ISPY2-212307/p-063,"sharpness_lapvar(z=+3.3),noise_sigma(z=+3.2)",,
train/Malignant/ISPY2-405717/p-069,entropy(z=-3.3),,
train/Malignant/ISPY2-632408/p-050,snr(z=+3.3),,
train/Malignant/ISPY2-781335/p-082,"aspect_ratio(z=+3.2),width(z=+3.3)",,
train/Malignant/ACRIN-6698-299962/p-031,width(z=+3.3),,
train/Malignant/ACRIN-6698-299962/p-042,width(z=+3.3),,
train/Malignant/ACRIN-6698-299962/p-032,width(z=+3.3),,
train/Malignant/ISPY2-357017/p-094,width(z=+3.3),,
train/Malignant/ISPY2-357017/p-070,width(z=+3.3),,
train/Malignant/ISPY2-781335/p-020,width(z=+3.3),,
train/Malignant/ISPY2-781335/p-083,"aspect_ratio(z=+3.2),width(z=+3.3)",,
train/Malignant/ISPY2-559021/p-019,width(z=+3.3),,
train/Malignant/ISPY2-559021/p-017,width(z=+3.3),,
train/Malignant/ISPY2-262131/p-027,width(z=+3.3),,
train/Malignant/ISPY2-262131/p-032,width(z=+3.3),,
train/Malignant/ISPY2-559021/p-006,width(z=+3.3),,
train/Malignant/ISPY2-357017/p-083,width(z=+3.3),,
train/Malignant/ISPY2-601489/p-024,width(z=+3.3),,
train/Malignant/ISPY2-262131/p-044,width(z=+3.3),,
train/Malignant/ISPY2-601489/p-122,width(z=+3.3),,
train/Malignant/ISPY2-601489/p-022,width(z=+3.3),,
train/Malignant/ISPY2-357017/p-084,width(z=+3.3),,
train/Malignant/ACRIN-6698-299962/p-033,width(z=+3.3),,
train/Malignant/ISPY2-601489/p-023,width(z=+3.3),,
train/Malignant/ACRIN-6698-263143/p-017,snr(z=+3.3),,
train/Malignant/ISPY2-851223/p-050,snr(z=+3.3),,
train/Malignant/ISPY2-215932/p-081,entropy(z=-3.3),,
train/Malignant/ISPY2-756412/p-009,dynamic_range(z=-3.3),,
train/Malignant/ISPY2-341238/p-050,dynamic_range(z=-3.3),,
train/Malignant/ISPY2-485637/p-168,"sharpness_lapvar(z=+3.2),hf_energy_frac(z=+3.3)",,
train/Malignant/ISPY2-261304/p-058,"entropy(z=-3.2),snr(z=+3.3)",,
train/Malignant/ISPY2-708387/p-107,aspect_ratio(z=+3.3),,
train/Malignant/ISPY2-125418/p-064,aspect_ratio(z=+3.3),,
train/Malignant/ACRIN-6698-800447/p-109,aspect_ratio(z=+3.3),,
train/Malignant/ACRIN-6698-430441/p-142,aspect_ratio(z=+3.3),,
train/Malignant/ACRIN-6698-162562/p-039,aspect_ratio(z=+3.3),,
val/Malignant/ISPY2-913225/p-050,aspect_ratio(z=+3.3),,
train/Malignant/ISPY2-262131/p-126,aspect_ratio(z=+3.3),,
train/Malignant/ACRIN-6698-734997/p-083,aspect_ratio(z=+3.3),,
train/Malignant/ISPY2-889721/p-044,aspect_ratio(z=+3.3),,
train/Malignant/ISPY2-639663/p-048,aspect_ratio(z=+3.3),,
train/Malignant/ISPY2-282082/p-117,aspect_ratio(z=+3.3),,
train/Malignant/ACRIN-6698-580541/p-024,aspect_ratio(z=+3.3),,
train/Malignant/ISPY2-983841/p-048,aspect_ratio(z=+3.3),,
train/Malignant/ISPY2-289107/p-062,aspect_ratio(z=+3.3),,
val/Malignant/ISPY2-246134/p-099,aspect_ratio(z=+3.3),,
train/Malignant/ISPY2-848371/p-076,aspect_ratio(z=+3.3),,
train/Malignant/ISPY2-318569/p-071,aspect_ratio(z=+3.3),,
train/Malignant/ACRIN-6698-734997/p-080,aspect_ratio(z=+3.3),,
train/Malignant/ACRIN-6698-547892/p-047,aspect_ratio(z=+3.3),,
train/Malignant/ACRIN-6698-973837/p-071,aspect_ratio(z=+3.3),,
train/Malignant/ACRIN-6698-962153/p-094,aspect_ratio(z=+3.3),,
train/Malignant/ACRIN-6698-799149/p-067,aspect_ratio(z=+3.3),,
train/Malignant/ISPY2-498985/p-050,aspect_ratio(z=+3.3),,
train/Malignant/ISPY2-573586/p-014,aspect_ratio(z=+3.3),,
train/Malignant/ISPY2-708387/p-108,aspect_ratio(z=+3.3),,
train/Malignant/ACRIN-6698-771443/p-068,aspect_ratio(z=+3.3),,
train/Malignant/ISPY2-922872/p-013,aspect_ratio(z=+3.3),,
train/Malignant/ACRIN-6698-580541/p-023,aspect_ratio(z=+3.3),,
train/Malignant/ISPY2-236470/p-111,"entropy(z=-3.0),hf_energy_frac(z=+3.3)",,
train/Malignant/ACRIN-6698-188700/p-042,dynamic_range(z=-3.3),,
train/Malignant/ACRIN-6698-929980/p-030,dynamic_range(z=-3.3),,
train/Malignant/ISPY2-689188/p-016,"dynamic_range(z=-3.2),snr(z=+3.3)",,
train/Malignant/ISPY2-916586/p-079,hf_energy_frac(z=+3.3),,
train/Malignant/ISPY2-349639/p-069,sharpness_lapvar(z=+3.3),,
val/Malignant/ISPY2-318293/p-041,sharpness_lapvar(z=+3.3),,
train/Malignant/ACRIN-6698-408692/p-021,"entropy(z=-3.3),snr(z=+3.3)",,
val/Malignant/ACRIN-6698-928815/p-064,snr(z=+3.3),,
train/Malignant/ACRIN-6698-326433/p-080,sharpness_lapvar(z=+3.3),,
val/Malignant/ACRIN-6698-284443/p-073,entropy(z=-3.3),,
train/Malignant/ISPY2-151980/p-089,sharpness_lapvar(z=+3.3),,
train/Malignant/ISPY2-243836/p-020,"entropy(z=-3.3),snr(z=+3.3)",,
train/Malignant/ISPY2-255078/p-024,hf_energy_frac(z=+3.3),,
train/Malignant/ISPY2-756412/p-042,dynamic_range(z=-3.3),,
train/Malignant/ISPY2-151980/p-065,sharpness_lapvar(z=+3.3),,
train/Malignant/ISPY2-932200/p-041,snr(z=+3.3),,
train/Malignant/ACRIN-6698-738041/p-049,snr(z=+3.3),,
train/Malignant/ACRIN-6698-264305/p-130,hf_energy_frac(z=+3.3),,
val/Malignant/ISPY2-459311/p-019,entropy(z=-3.3),,
train/Malignant/ISPY2-301968/p-053,entropy(z=-3.3),,
train/Malignant/ISPY2-882538/p-075,hf_energy_frac(z=+3.3),,
train/Malignant/ACRIN-6698-783764/p-034,dynamic_range(z=-3.3),,
train/Malignant/ISPY2-131595/p-024,dynamic_range(z=-3.3),,
train/Malignant/ISPY2-756412/p-023,dynamic_range(z=-3.3),,
train/Malignant/ISPY2-752469/p-116,dynamic_range(z=-3.3),,
train/Malignant/ISPY2-105513/p-103,dynamic_range(z=-3.3),,
train/Malignant/ISPY2-194024/p-044,snr(z=+3.3),,
train/Malignant/ACRIN-6698-263143/p-031,snr(z=+3.3),,
train/Malignant/ISPY2-250274/p-021,dynamic_range(z=-3.3),,
val/Malignant/ISPY2-241705/p-031,dynamic_range(z=-3.3),,
train/Malignant/ISPY2-602943/p-052,dynamic_range(z=-3.3),,
train/Malignant/ISPY2-117707/p-021,dynamic_range(z=-3.3),,
train/Malignant/ISPY2-841336/p-023,hf_energy_frac(z=+3.3),,
train/Malignant/ISPY2-791321/p-091,entropy(z=-3.3),,
train/Malignant/ISPY2-423619/p-032,snr(z=+3.3),,
train/Malignant/ISPY2-791321/p-090,entropy(z=-3.3),,
train/Malignant/ISPY2-262131/p-024,width(z=+3.3),,
train/Malignant/ISPY2-262131/p-025,width(z=+3.3),,
train/Malignant/ISPY2-262131/p-103,width(z=+3.3),,
train/Malignant/ISPY2-559021/p-037,width(z=+3.3),,
train/Malignant/ISPY2-262131/p-026,width(z=+3.3),,
train/Malignant/ISPY2-357017/p-091,width(z=+3.3),,
train/Malignant/ISPY2-357017/p-067,width(z=+3.3),,
train/Malignant/ISPY2-559021/p-039,width(z=+3.3),,
train/Malignant/ISPY2-262131/p-104,width(z=+3.3),,
train/Malignant/ACRIN-6698-299962/p-030,width(z=+3.3),,
train/Malignant/ISPY2-262131/p-102,width(z=+3.3),,
train/Malignant/ISPY2-559021/p-016,width(z=+3.3),,
train/Malignant/ISPY2-559021/p-038,width(z=+3.3),,
train/Malignant/ISPY2-559021/p-004,width(z=+3.3),,
train/Malignant/ISPY2-559021/p-003,width(z=+3.3),,
train/Malignant/ISPY2-791321/p-092,entropy(z=-3.2),,
train/Malignant/ISPY2-596458/p-074,sharpness_lapvar(z=+3.2),,
train/Malignant/ISPY2-159352/p-026,hf_energy_frac(z=+3.2),,
train/Malignant/ISPY2-245655/p-063,"sharpness_lapvar(z=+3.2),noise_sigma(z=+3.2)",,
train/Malignant/ACRIN-6698-342959/p-094,sharpness_lapvar(z=+3.2),,
train/Malignant/ISPY2-689188/p-010,dynamic_range(z=-3.2),,
train/Malignant/ISPY2-974618/p-036,dynamic_range(z=-3.2),,
train/Malignant/ISPY2-198891/p-028,dynamic_range(z=-3.2),,
train/Malignant/ISPY2-540539/p-116,hf_energy_frac(z=+3.2),,
train/Malignant/ISPY2-527581/p-053,entropy(z=-3.2),,
train/Malignant/ISPY2-573881/p-073,sharpness_lapvar(z=+3.2),,
train/Malignant/ACRIN-6698-938719/p-014,entropy(z=-3.2),,
train/Malignant/ISPY2-245655/p-064,noise_sigma(z=+3.2),,
val/Malignant/ISPY2-859699/p-092,hf_energy_frac(z=+3.2),,
train/Malignant/ISPY2-632408/p-051,snr(z=+3.2),,
train/Malignant/ISPY2-115638/p-047,dynamic_range(z=-3.2),,
train/Malignant/ISPY2-787415/p-093,dynamic_range(z=-3.2),,
train/Malignant/ISPY2-356684/p-072,dynamic_range(z=-3.2),,
train/Malignant/ACRIN-6698-165925/p-023,dynamic_range(z=-3.2),,
train/Malignant/ISPY2-245655/p-059,noise_sigma(z=+3.2),,
train/Malignant/ISPY2-676630/p-088,entropy(z=-3.2),,
train/Malignant/ACRIN-6698-343898/p-057,snr(z=+3.2),,
train/Malignant/ISPY2-994987/p-045,snr(z=+3.2),,
train/Malignant/ISPY2-628692/p-014,entropy(z=-3.2),,
train/Malignant/ISPY2-262131/p-122,aspect_ratio(z=+3.2),,
train/Malignant/ISPY2-286984/p-022,snr(z=+3.2),,
val/Malignant/ISPY2-542392/p-096,hf_energy_frac(z=+3.2),,
train/Malignant/ISPY2-128051/p-067,entropy(z=-3.2),,
train/Malignant/ISPY2-660534/p-027,"entropy(z=-3.0),snr(z=+3.2)",,
train/Malignant/ACRIN-6698-264305/p-070,hf_energy_frac(z=+3.2),,
train/Malignant/ISPY2-586207/p-025,hf_energy_frac(z=+3.2),,
train/Malignant/ISPY2-573881/p-104,sharpness_lapvar(z=+3.2),,
train/Malignant/ISPY2-563856/p-038,entropy(z=-3.2),,
train/Malignant/ACRIN-6698-362150/p-031,dynamic_range(z=-3.2),,
train/Malignant/ISPY2-768214/p-057,dynamic_range(z=-3.2),,
val/Malignant/ISPY2-712276/p-048,dynamic_range(z=-3.2),,
train/Malignant/ISPY2-380972/p-028,dynamic_range(z=-3.2),,
train/Malignant/ISPY2-414971/p-043,"sharpness_lapvar(z=+3.2),noise_sigma(z=+3.0)",,
train/Malignant/ISPY2-598798/p-091,sharpness_lapvar(z=+3.2),,
val/Malignant/ISPY2-318293/p-052,sharpness_lapvar(z=+3.2),,
train/Malignant/ISPY2-248255/p-065,entropy(z=-3.2),,
train/Malignant/ISPY2-356399/p-026,entropy(z=-3.2),,
train/Malignant/ACRIN-6698-343898/p-044,snr(z=+3.2),,
train/Malignant/ACRIN-6698-688955/p-033,dynamic_range(z=-3.2),,
train/Malignant/ISPY2-756412/p-016,dynamic_range(z=-3.2),,
train/Malignant/ISPY2-202956/p-024,dynamic_range(z=-3.2),,
train/Malignant/ISPY2-132463/p-069,entropy(z=-3.2),,
train/Malignant/ISPY2-245655/p-060,"sharpness_lapvar(z=+3.1),noise_sigma(z=+3.2)",,
train/Malignant/ISPY2-421829/p-084,hf_energy_frac(z=+3.2),,
train/Malignant/ISPY2-728714/p-064,entropy(z=-3.2),,
train/Malignant/ISPY2-485637/p-133,"sharpness_lapvar(z=+3.2),hf_energy_frac(z=+3.2)",,
train/Malignant/ISPY2-169536/p-025,sharpness_lapvar(z=+3.2),,
train/Malignant/ISPY2-380972/p-021,snr(z=+3.2),,
train/Malignant/ISPY2-959366/p-105,noise_sigma(z=+3.2),,
train/Malignant/ISPY2-466267/p-027,entropy(z=-3.2),,
train/Malignant/ISPY2-243836/p-015,snr(z=+3.2),,
train/Malignant/ISPY2-596458/p-059,sharpness_lapvar(z=+3.2),,
train/Malignant/ISPY2-303947/p-105,"sharpness_lapvar(z=+3.2),hf_energy_frac(z=+3.2)",,
train/Malignant/ISPY2-112606/p-068,dynamic_range(z=-3.2),,
train/Malignant/ACRIN-6698-895653/p-051,dynamic_range(z=-3.2),,
train/Malignant/ISPY2-451482/p-081,entropy(z=-3.2),,
train/Malignant/ISPY2-960490/p-075,entropy(z=-3.2),,
train/Malignant/ISPY2-605713/p-071,snr(z=+3.2),,
train/Malignant/ISPY2-573586/p-017,aspect_ratio(z=+3.2),,
train/Malignant/ISPY2-115638/p-125,hf_energy_frac(z=+3.2),,
train/Malignant/ISPY2-357017/p-054,width(z=+3.2),,
train/Malignant/ISPY2-559021/p-104,width(z=+3.2),,
train/Malignant/ISPY2-262131/p-023,width(z=+3.2),,
train/Malignant/ISPY2-559021/p-044,width(z=+3.2),,
train/Malignant/ISPY2-357017/p-081,width(z=+3.2),,
train/Malignant/ISPY2-357017/p-080,width(z=+3.2),,
train/Malignant/ISPY2-601489/p-021,width(z=+3.2),,
train/Malignant/ISPY2-357017/p-082,width(z=+3.2),,
train/Malignant/ISPY2-357017/p-093,width(z=+3.2),,
train/Malignant/ISPY2-357017/p-095,width(z=+3.2),,
train/Malignant/ISPY2-559021/p-005,width(z=+3.2),,
train/Malignant/ISPY2-262131/p-106,width(z=+3.2),,
train/Malignant/ISPY2-781335/p-019,width(z=+3.2),,
train/Malignant/ISPY2-201873/p-052,width(z=+3.2),,
train/Malignant/ISPY2-201873/p-051,width(z=+3.2),,
train/Malignant/ISPY2-201873/p-053,width(z=+3.2),,
train/Malignant/ISPY2-201873/p-049,width(z=+3.2),,
train/Malignant/ISPY2-201873/p-050,width(z=+3.2),,
train/Malignant/ISPY2-201873/p-048,width(z=+3.2),,
train/Malignant/ISPY2-201873/p-047,width(z=+3.2),,
train/Malignant/ISPY2-262131/p-105,width(z=+3.2),,
train/Malignant/ISPY2-262131/p-101,width(z=+3.2),,
train/Malignant/ISPY2-640463/p-072,sharpness_lapvar(z=+3.2),,
train/Malignant/ISPY2-349639/p-074,sharpness_lapvar(z=+3.2),,
train/Malignant/ISPY2-632408/p-043,snr(z=+3.2),,
train/Malignant/ISPY2-640463/p-084,sharpness_lapvar(z=+3.2),,
train/Malignant/ISPY2-885590/p-094,hf_energy_frac(z=+3.2),,
train/Malignant/ISPY2-252748/p-043,hf_energy_frac(z=+3.2),,
train/Malignant/ISPY2-845079/p-051,dynamic_range(z=-3.2),,
train/Malignant/ISPY2-768214/p-114,dynamic_range(z=-3.2),,
train/Malignant/ISPY2-111674/p-055,dynamic_range(z=-3.2),,
train/Malignant/ACRIN-6698-362150/p-030,dynamic_range(z=-3.2),,
train/Malignant/ISPY2-930903/p-077,entropy(z=-3.2),,
train/Malignant/ISPY2-598798/p-080,sharpness_lapvar(z=+3.2),,
train/Malignant/ISPY2-182346/p-096,aspect_ratio(z=+3.2),,
train/Malignant/ISPY2-466267/p-036,sharpness_lapvar(z=+3.2),,
train/Malignant/ACRIN-6698-531988/p-028,snr(z=+3.2),,
train/Malignant/ISPY2-916586/p-043,entropy(z=-3.2),,
train/Malignant/ISPY2-640463/p-073,sharpness_lapvar(z=+3.2),,
val/Malignant/ISPY2-896939/p-122,hf_energy_frac(z=+3.2),,
train/Malignant/ISPY2-836983/p-046,sharpness_lapvar(z=+3.2),,
train/Malignant/ISPY2-341238/p-046,dynamic_range(z=-3.2),,
train/Malignant/ACRIN-6698-748583/p-032,dynamic_range(z=-3.2),,
train/Malignant/ISPY2-733276/p-051,"dynamic_range(z=-3.2),hf_energy_frac(z=+3.0)",,
train/Malignant/ACRIN-6698-342959/p-095,sharpness_lapvar(z=+3.2),,
val/Malignant/ACRIN-6698-335536/p-020,"entropy(z=-3.2),dynamic_range(z=-3.0)",,
train/Malignant/ISPY2-955953/p-031,entropy(z=-3.2),,
train/Malignant/ISPY2-497010/p-067,hf_energy_frac(z=+3.2),,
train/Malignant/ISPY2-228192/p-110,hf_energy_frac(z=+3.2),,
train/Malignant/ISPY2-605713/p-024,snr(z=+3.2),,
train/Malignant/ISPY2-847753/p-040,dynamic_range(z=-3.2),,
train/Malignant/ISPY2-112606/p-065,dynamic_range(z=-3.2),,
train/Malignant/ISPY2-568953/p-037,dynamic_range(z=-3.2),,
train/Malignant/ISPY2-202956/p-022,dynamic_range(z=-3.2),,
train/Malignant/ISPY2-177795/p-024,dynamic_range(z=-3.2),,
train/Malignant/ACRIN-6698-384830/p-049,dynamic_range(z=-3.2),,
train/Malignant/ISPY2-245655/p-058,"sharpness_lapvar(z=+3.0),noise_sigma(z=+3.2)",,
train/Malignant/ISPY2-791944/p-110,sharpness_lapvar(z=+3.2),,
train/Malignant/ISPY2-120001/p-042,contrast(z=-3.2),,
train/Malignant/ISPY2-327133/p-013,hf_energy_frac(z=+3.2),,
train/Malignant/ISPY2-598798/p-069,sharpness_lapvar(z=+3.2),,
train/Malignant/ACRIN-6698-547892/p-042,entropy(z=-3.2),,
train/Malignant/ACRIN-6698-663144/p-038,aspect_ratio(z=+3.2),,
train/Malignant/ISPY2-840501/p-101,"noise_sigma(z=+3.1),hf_energy_frac(z=+3.2)",,
train/Malignant/ISPY2-531672/p-091,noise_sigma(z=+3.2),,
train/Malignant/ISPY2-188091/p-066,dynamic_range(z=-3.2),,
val/Malignant/ISPY2-712276/p-043,dynamic_range(z=-3.2),,
train/Malignant/ISPY2-341238/p-056,dynamic_range(z=-3.2),,
train/Malignant/ACRIN-6698-571995/p-029,snr(z=+3.2),,
train/Malignant/ISPY2-916586/p-086,hf_energy_frac(z=+3.2),,
train/Malignant/ISPY2-166782/p-046,hf_energy_frac(z=+3.2),,
train/Malignant/ISPY2-301968/p-055,entropy(z=-3.2),,
train/Malignant/ISPY2-122287/p-123,aspect_ratio(z=+3.2),,
train/Malignant/ISPY2-676630/p-099,noise_sigma(z=+3.2),,
train/Malignant/ISPY2-483910/p-042,hf_energy_frac(z=+3.2),,
train/Malignant/ISPY2-632408/p-041,snr(z=+3.2),,
train/Malignant/ISPY2-541165/p-015,dynamic_range(z=-3.2),,
train/Malignant/ISPY2-473505/p-051,dynamic_range(z=-3.2),,
train/Malignant/ISPY2-765773/p-061,dynamic_range(z=-3.2),,
train/Malignant/ISPY2-598798/p-047,sharpness_lapvar(z=+3.2),,
train/Malignant/ISPY2-793684/p-014,hf_energy_frac(z=+3.2),,
train/Malignant/ISPY2-349639/p-067,sharpness_lapvar(z=+3.2),,
train/Malignant/ISPY2-559021/p-002,width(z=+3.2),,
train/Malignant/ISPY2-357017/p-065,width(z=+3.2),,
train/Malignant/ISPY2-601489/p-020,width(z=+3.2),,
train/Malignant/ISPY2-601489/p-123,width(z=+3.2),,
train/Malignant/ACRIN-6698-299962/p-029,width(z=+3.2),,
train/Malignant/ISPY2-357017/p-066,width(z=+3.2),,
train/Malignant/ACRIN-6698-299962/p-043,width(z=+3.2),,
train/Malignant/ISPY2-559021/p-043,width(z=+3.2),,
train/Malignant/ISPY2-201873/p-054,width(z=+3.2),,
val/Malignant/ISPY2-896939/p-071,hf_energy_frac(z=+3.2),,
train/Malignant/ISPY2-282082/p-044,hf_energy_frac(z=+3.2),,
train/Malignant/ISPY2-791321/p-097,entropy(z=-3.2),,
train/Malignant/ACRIN-6698-102212/p-015,snr(z=+3.2),,
train/Malignant/ISPY2-151980/p-087,"sharpness_lapvar(z=+3.2),noise_sigma(z=+3.2)",,
train/Malignant/ISPY2-573881/p-075,sharpness_lapvar(z=+3.2),,
train/Malignant/ISPY2-181442/p-042,entropy(z=-3.2),,
train/Malignant/ACRIN-6698-688291/p-034,entropy(z=-3.2),,
train/Malignant/ISPY2-350331/p-036,entropy(z=-3.2),,
train/Malignant/ISPY2-824512/p-063,hf_energy_frac(z=+3.2),,
train/Malignant/ISPY2-568953/p-032,dynamic_range(z=-3.2),,
train/Malignant/ISPY2-363669/p-042,dynamic_range(z=-3.2),,
val/Malignant/ACRIN-6698-335536/p-017,dynamic_range(z=-3.2),,
train/Malignant/ISPY2-573881/p-055,sharpness_lapvar(z=+3.2),,
train/Malignant/ACRIN-6698-343898/p-061,snr(z=+3.2),,
train/Malignant/ISPY2-640463/p-079,sharpness_lapvar(z=+3.2),,
train/Malignant/ISPY2-350331/p-055,entropy(z=-3.2),,
train/Malignant/ISPY2-802105/p-058,aspect_ratio(z=+3.2),,
train/Malignant/ISPY2-832056/p-097,hf_energy_frac(z=+3.2),,
train/Malignant/ISPY2-802105/p-057,aspect_ratio(z=+3.2),,
train/Malignant/ISPY2-380239/p-044,aspect_ratio(z=+3.2),,
train/Malignant/ISPY2-451482/p-109,"sharpness_lapvar(z=+3.1),noise_sigma(z=+3.2),hf_energy_frac(z=+3.0)",,
train/Malignant/ISPY2-313243/p-048,hf_energy_frac(z=+3.2),,
val/Malignant/ACRIN-6698-335536/p-022,dynamic_range(z=-3.2),,
train/Malignant/ACRIN-6698-383456/p-040,dynamic_range(z=-3.2),,
val/Malignant/ISPY2-299364/p-119,hf_energy_frac(z=+3.2),,
train/Malignant/ACRIN-6698-775346/p-032,snr(z=+3.2),,
train/Malignant/ISPY2-349639/p-072,sharpness_lapvar(z=+3.2),,
train/Malignant/ISPY2-208265/p-061,aspect_ratio(z=+3.2),,
train/Malignant/ISPY2-769972/p-025,snr(z=+3.2),,
train/Malignant/ISPY2-845663/p-069,aspect_ratio(z=+3.2),,
train/Malignant/ISPY2-414971/p-052,sharpness_lapvar(z=+3.2),,
val/Malignant/ISPY2-345483/p-062,hf_energy_frac(z=+3.2),,
train/Malignant/ACRIN-6698-973837/p-060,hf_energy_frac(z=+3.2),,
train/Malignant/ACRIN-6698-373346/p-058,aspect_ratio(z=+3.2),,
train/Malignant/ISPY2-944419/p-057,aspect_ratio(z=+3.2),,
train/Malignant/ISPY2-356684/p-070,dynamic_range(z=-3.2),,
train/Malignant/ISPY2-202956/p-025,dynamic_range(z=-3.2),,
train/Malignant/ISPY2-102011/p-040,dynamic_range(z=-3.2),,
train/Malignant/ISPY2-803677/p-049,dynamic_range(z=-3.2),,
val/Malignant/ACRIN-6698-748611/p-039,snr(z=+3.2),,
train/Malignant/ISPY2-953262/p-093,sharpness_lapvar(z=+3.2),,
train/Malignant/ACRIN-6698-641246/p-066,sharpness_lapvar(z=+3.2),,
train/Malignant/ISPY2-212307/p-056,"sharpness_lapvar(z=+3.1),noise_sigma(z=+3.2)",,
train/Malignant/ISPY2-640463/p-089,sharpness_lapvar(z=+3.2),,
train/Malignant/ISPY2-262131/p-121,"aspect_ratio(z=+3.2),width(z=+3.1)",,
train/Malignant/ISPY2-436371/p-043,snr(z=+3.2),,
train/Malignant/ACRIN-6698-571995/p-052,snr(z=+3.2),,
train/Malignant/ISPY2-930903/p-079,entropy(z=-3.2),,
train/Malignant/ISPY2-229824/p-109,hf_energy_frac(z=+3.2),,
train/Malignant/ISPY2-756412/p-025,dynamic_range(z=-3.2),,
train/Malignant/ISPY2-573881/p-106,hf_energy_frac(z=+3.2),,
val/Malignant/ISPY2-123660/p-090,"sharpness_lapvar(z=+3.0),noise_sigma(z=+3.2)",,
train/Malignant/ISPY2-111674/p-019,entropy(z=-3.2),,
train/Malignant/ISPY2-349639/p-107,"sharpness_lapvar(z=+3.1),hf_energy_frac(z=+3.2)",,
train/Malignant/ISPY2-573586/p-128,aspect_ratio(z=+3.2),,
train/Malignant/ISPY2-415039/p-025,aspect_ratio(z=+3.2),,
train/Malignant/ACRIN-6698-734997/p-078,aspect_ratio(z=+3.2),,
train/Malignant/ISPY2-660915/p-052,snr(z=+3.2),,
train/Malignant/ISPY2-840501/p-064,noise_sigma(z=+3.2),,
train/Malignant/ISPY2-229824/p-100,sharpness_lapvar(z=+3.2),,
train/Malignant/ISPY2-573586/p-015,aspect_ratio(z=+3.2),,
train/Malignant/ISPY2-885871/p-045,"entropy(z=-3.1),snr(z=+3.2)",,
train/Malignant/ISPY2-473365/p-014,entropy(z=-3.2),,
train/Malignant/ISPY2-255535/p-013,dynamic_range(z=-3.2),,
train/Malignant/ISPY2-676365/p-088,dynamic_range(z=-3.2),,
train/Malignant/ISPY2-167271/p-058,dynamic_range(z=-3.2),,
train/Malignant/ISPY2-676365/p-116,dynamic_range(z=-3.2),,
val/Malignant/ACRIN-6698-335536/p-024,dynamic_range(z=-3.2),,
val/Malignant/ISPY2-318293/p-049,sharpness_lapvar(z=+3.2),,
train/Malignant/ISPY2-423619/p-048,entropy(z=-3.2),,
train/Malignant/ISPY2-201873/p-044,width(z=+3.2),,
train/Malignant/ISPY2-262131/p-022,width(z=+3.2),,
train/Malignant/ACRIN-6698-299962/p-044,width(z=+3.2),,
train/Malignant/ISPY2-201873/p-055,width(z=+3.2),,
train/Malignant/ISPY2-262131/p-110,width(z=+3.2),,
train/Malignant/ACRIN-6698-299962/p-045,width(z=+3.2),,
train/Malignant/ISPY2-201873/p-037,width(z=+3.2),,
train/Malignant/ISPY2-559021/p-031,width(z=+3.2),,
train/Malignant/ISPY2-559021/p-105,width(z=+3.2),,
train/Malignant/ISPY2-262131/p-109,width(z=+3.2),,
train/Malignant/ISPY2-262131/p-111,width(z=+3.2),,
train/Malignant/ACRIN-6698-299962/p-028,width(z=+3.2),,
train/Malignant/ISPY2-873686/p-098,"sharpness_lapvar(z=+3.2),noise_sigma(z=+3.1)",,
train/Malignant/ISPY2-418593/p-104,hf_energy_frac(z=+3.2),,
train/Malignant/ISPY2-836983/p-030,sharpness_lapvar(z=+3.2),,
train/Malignant/ACRIN-6698-343898/p-042,snr(z=+3.2),,
train/Malignant/ACRIN-6698-753109/p-042,aspect_ratio(z=+3.2),,
train/Malignant/ACRIN-6698-115987/p-067,aspect_ratio(z=+3.2),,
train/Malignant/ACRIN-6698-901705/p-052,aspect_ratio(z=+3.2),,
train/Malignant/ISPY2-598798/p-032,sharpness_lapvar(z=+3.2),,
train/Malignant/ISPY2-960490/p-078,entropy(z=-3.2),,
train/Malignant/ISPY2-570380/p-094,hf_energy_frac(z=+3.2),,
train/Malignant/ACRIN-6698-571995/p-056,snr(z=+3.2),,
train/Malignant/ISPY2-791321/p-095,entropy(z=-3.2),,
train/Malignant/ISPY2-627118/p-028,height(z=+3.2),,
train/Malignant/ISPY2-627118/p-029,height(z=+3.2),,
train/Malignant/ISPY2-627118/p-027,height(z=+3.2),,
train/Malignant/ACRIN-6698-734997/p-082,aspect_ratio(z=+3.2),,
train/Malignant/ACRIN-6698-929391/p-032,dynamic_range(z=-3.2),,
train/Malignant/ACRIN-6698-317402/p-039,dynamic_range(z=-3.2),,
train/Malignant/ISPY2-413961/p-047,dynamic_range(z=-3.2),,
train/Malignant/ISPY2-439489/p-022,dynamic_range(z=-3.2),,
train/Malignant/ISPY2-930903/p-071,entropy(z=-3.2),,
train/Malignant/ISPY2-832056/p-102,hf_energy_frac(z=+3.2),,
train/Malignant/ISPY2-959366/p-108,noise_sigma(z=+3.2),,
train/Malignant/ISPY2-437162/p-047,entropy(z=-3.2),,
train/Malignant/ACRIN-6698-571995/p-050,snr(z=+3.2),,
train/Malignant/ISPY2-824512/p-044,hf_energy_frac(z=+3.2),,
train/Malignant/ISPY2-267306/p-174,aspect_ratio(z=+3.2),,
val/Malignant/ACRIN-6698-219545/p-065,hf_energy_frac(z=+3.2),,
train/Malignant/ISPY2-301968/p-058,entropy(z=-3.2),,
train/Malignant/ISPY2-188511/p-074,noise_sigma(z=+3.2),,
train/Malignant/ISPY2-960490/p-080,entropy(z=-3.2),,
train/Malignant/ISPY2-500826/p-029,dynamic_range(z=-3.2),,
train/Malignant/ACRIN-6698-607843/p-023,dynamic_range(z=-3.2),,
train/Malignant/ISPY2-363669/p-050,dynamic_range(z=-3.2),,
train/Malignant/ISPY2-847753/p-037,dynamic_range(z=-3.2),,
train/Malignant/ISPY2-329941/p-051,dynamic_range(z=-3.2),,
train/Malignant/ISPY2-198891/p-026,dynamic_range(z=-3.2),,
train/Malignant/ISPY2-198891/p-034,dynamic_range(z=-3.2),,
train/Malignant/ACRIN-6698-289420/p-020,dynamic_range(z=-3.2),,
train/Malignant/ISPY2-598798/p-094,sharpness_lapvar(z=+3.2),,
train/Malignant/ISPY2-451482/p-107,"sharpness_lapvar(z=+3.2),noise_sigma(z=+3.2)",,
train/Malignant/ISPY2-953262/p-116,hf_energy_frac(z=+3.2),,
train/Malignant/ISPY2-377460/p-061,hf_energy_frac(z=+3.2),,
train/Malignant/ACRIN-6698-734997/p-026,aspect_ratio(z=+3.2),,
train/Malignant/ISPY2-451482/p-105,noise_sigma(z=+3.2),,
val/Malignant/ISPY2-318293/p-037,sharpness_lapvar(z=+3.2),,
val/Malignant/ACRIN-6698-220471/p-086,sharpness_lapvar(z=+3.2),,
train/Malignant/ACRIN-6698-629606/p-088,sharpness_lapvar(z=+3.2),,
train/Malignant/ISPY2-997702/p-054,entropy(z=-3.2),,
train/Malignant/ISPY2-402384/p-040,aspect_ratio(z=+3.2),,
train/Malignant/ISPY2-832056/p-065,hf_energy_frac(z=+3.2),,
train/Malignant/ISPY2-212307/p-110,hf_energy_frac(z=+3.2),,
train/Malignant/ACRIN-6698-943633/p-053,"dynamic_range(z=-3.2),snr(z=+3.1)",,
val/Malignant/ACRIN-6698-335536/p-023,"dynamic_range(z=-3.2),snr(z=+3.1)",,
train/Malignant/ACRIN-6698-138027/p-047,dynamic_range(z=-3.2),,
train/Malignant/ACRIN-6698-384830/p-040,dynamic_range(z=-3.2),,
train/Malignant/ISPY2-650589/p-061,sharpness_lapvar(z=+3.2),,
train/Malignant/ACRIN-6698-856159/p-026,snr(z=+3.2),,
train/Malignant/ISPY2-573881/p-057,"sharpness_lapvar(z=+3.1),hf_energy_frac(z=+3.2)",,
train/Malignant/ISPY2-540539/p-118,hf_energy_frac(z=+3.2),,
train/Malignant/ISPY2-729270/p-080,sharpness_lapvar(z=+3.2),,
val/Malignant/ACRIN-6698-220471/p-085,sharpness_lapvar(z=+3.2),,
train/Malignant/ACRIN-6698-531988/p-029,snr(z=+3.2),,
train/Malignant/ISPY2-527320/p-112,aspect_ratio(z=+3.2),,
train/Malignant/ISPY2-876511/p-051,hf_energy_frac(z=+3.2),,
val/Malignant/ISPY2-375342/p-089,aspect_ratio(z=+3.2),,
train/Malignant/ISPY2-182346/p-105,aspect_ratio(z=+3.2),,
train/Malignant/ACRIN-6698-102212/p-016,snr(z=+3.2),,
train/Malignant/ISPY2-598798/p-061,sharpness_lapvar(z=+3.2),,
train/Malignant/ISPY2-618240/p-012,entropy(z=-3.2),,
val/Malignant/ACRIN-6698-928815/p-059,snr(z=+3.2),,
train/Malignant/ISPY2-423619/p-044,snr(z=+3.2),,
train/Malignant/ISPY2-515565/p-091,"sharpness_lapvar(z=+3.2),noise_sigma(z=+3.1)",,
train/Malignant/ISPY2-953262/p-117,hf_energy_frac(z=+3.2),,
train/Malignant/ISPY2-598798/p-045,sharpness_lapvar(z=+3.2),,
train/Malignant/ISPY2-934459/p-016,hf_energy_frac(z=+3.2),,
train/Malignant/ISPY2-436371/p-038,dynamic_range(z=-3.2),,
train/Malignant/ISPY2-112606/p-081,dynamic_range(z=-3.2),,
train/Malignant/ISPY2-689188/p-011,dynamic_range(z=-3.2),,
train/Malignant/ISPY2-395076/p-027,dynamic_range(z=-3.2),,
train/Malignant/ISPY2-356684/p-071,dynamic_range(z=-3.2),,
train/Malignant/ACRIN-6698-943633/p-058,dynamic_range(z=-3.2),,
train/Malignant/ISPY2-112606/p-088,dynamic_range(z=-3.2),,
train/Malignant/ISPY2-664658/p-097,hf_energy_frac(z=+3.2),,
train/Malignant/ISPY2-769972/p-024,snr(z=+3.2),,
train/Malignant/ISPY2-997702/p-061,entropy(z=-3.2),,
train/Malignant/ISPY2-607047/p-075,"sharpness_lapvar(z=+3.0),noise_sigma(z=+3.2)",,
train/Malignant/ISPY2-377460/p-055,hf_energy_frac(z=+3.2),,
train/Malignant/ISPY2-405717/p-058,entropy(z=-3.2),,
val/Malignant/ACRIN-6698-748611/p-034,snr(z=+3.2),,
train/Malignant/ISPY2-851223/p-049,snr(z=+3.2),,
train/Malignant/ACRIN-6698-506623/p-074,hf_energy_frac(z=+3.1),,
val/Malignant/ISPY2-109623/p-037,snr(z=+3.1),,
train/Malignant/ACRIN-6698-775346/p-026,snr(z=+3.1),,
train/Malignant/ISPY2-492612/p-045,snr(z=+3.1),,
train/Malignant/ISPY2-349639/p-068,sharpness_lapvar(z=+3.1),,
train/Malignant/ISPY2-559021/p-018,width(z=+3.1),,
train/Malignant/ISPY2-559021/p-106,width(z=+3.1),,
train/Malignant/ISPY2-201873/p-035,width(z=+3.1),,
train/Malignant/ISPY2-357017/p-055,width(z=+3.1),,
train/Malignant/ISPY2-262131/p-108,width(z=+3.1),,
train/Malignant/ISPY2-262131/p-117,width(z=+3.1),,
train/Malignant/ISPY2-357017/p-077,width(z=+3.1),,
train/Malignant/ISPY2-559021/p-040,width(z=+3.1),,
train/Malignant/ISPY2-357017/p-103,width(z=+3.1),,
train/Malignant/ISPY2-201873/p-036,width(z=+3.1),,
train/Malignant/ISPY2-262131/p-116,width(z=+3.1),,
train/Malignant/ISPY2-262131/p-112,width(z=+3.1),,
train/Malignant/ISPY2-262131/p-113,width(z=+3.1),,
train/Malignant/ISPY2-627118/p-035,height(z=+3.1),,
train/Malignant/ISPY2-627118/p-030,height(z=+3.1),,
train/Malignant/ISPY2-627118/p-034,height(z=+3.1),,
train/Malignant/ISPY2-485637/p-173,sharpness_lapvar(z=+3.1),,
train/Malignant/ISPY2-840501/p-065,noise_sigma(z=+3.1),,
train/Malignant/ISPY2-349639/p-063,hf_energy_frac(z=+3.1),,
train/Malignant/ISPY2-349639/p-099,sharpness_lapvar(z=+3.1),,
train/Malignant/ACRIN-6698-802308/p-015,snr(z=+3.1),,
train/Malignant/ISPY2-953262/p-099,sharpness_lapvar(z=+3.1),,
train/Malignant/ACRIN-6698-663144/p-037,aspect_ratio(z=+3.1),,
train/Malignant/ISPY2-598798/p-095,sharpness_lapvar(z=+3.1),,
train/Malignant/ISPY2-572444/p-034,hf_energy_frac(z=+3.1),,
train/Malignant/ISPY2-188091/p-056,dynamic_range(z=-3.1),,
train/Malignant/ISPY2-845079/p-054,dynamic_range(z=-3.1),,
train/Malignant/ISPY2-889049/p-067,dynamic_range(z=-3.1),,
train/Malignant/ACRIN-6698-843554/p-032,dynamic_range(z=-3.1),,
train/Malignant/ISPY2-999264/p-017,dynamic_range(z=-3.1),,
train/Malignant/ISPY2-728714/p-060,entropy(z=-3.1),,
train/Malignant/ACRIN-6698-169918/p-022,aspect_ratio(z=+3.1),,
train/Malignant/ACRIN-6698-962153/p-093,aspect_ratio(z=+3.1),,
train/Malignant/ISPY2-906795/p-086,aspect_ratio(z=+3.1),,
train/Malignant/ISPY2-960490/p-081,entropy(z=-3.1),,
train/Malignant/ACRIN-6698-700549/p-055,brightness(z=-3.1),,
train/Malignant/ACRIN-6698-793155/p-094,sharpness_lapvar(z=+3.1),,
train/Malignant/ISPY2-356399/p-025,entropy(z=-3.1),,
train/Malignant/ISPY2-746265/p-060,aspect_ratio(z=+3.1),,
train/Malignant/ISPY2-349639/p-105,sharpness_lapvar(z=+3.1),,
train/Malignant/ISPY2-602451/p-101,dynamic_range(z=-3.1),,
val/Malignant/ISPY2-241705/p-030,dynamic_range(z=-3.1),,
train/Malignant/ISPY2-363669/p-045,dynamic_range(z=-3.1),,
train/Malignant/ISPY2-188091/p-065,dynamic_range(z=-3.1),,
train/Malignant/ACRIN-6698-775346/p-015,dynamic_range(z=-3.1),,
val/Malignant/ACRIN-6698-335536/p-014,dynamic_range(z=-3.1),,
train/Malignant/ACRIN-6698-465008/p-038,dynamic_range(z=-3.1),,
train/Malignant/ACRIN-6698-383456/p-039,dynamic_range(z=-3.1),,
train/Malignant/ISPY2-341238/p-044,"contrast(z=-3.0),dynamic_range(z=-3.1)",,
train/Malignant/ISPY2-974618/p-055,dynamic_range(z=-3.1),,
train/Malignant/ACRIN-6698-323721/p-045,dynamic_range(z=-3.1),,
train/Malignant/ISPY2-198891/p-030,dynamic_range(z=-3.1),,
train/Malignant/ISPY2-960490/p-079,entropy(z=-3.1),,
train/Malignant/ISPY2-640463/p-054,noise_sigma(z=+3.1),,
train/Malignant/ISPY2-535569/p-045,aspect_ratio(z=+3.1),,
train/Malignant/ISPY2-596458/p-050,sharpness_lapvar(z=+3.1),,
train/Malignant/ACRIN-6698-343898/p-062,snr(z=+3.1),,
train/Malignant/ISPY2-627981/p-111,sharpness_lapvar(z=+3.1),,
train/Malignant/ISPY2-349639/p-071,sharpness_lapvar(z=+3.1),,
train/Malignant/ISPY2-840501/p-061,noise_sigma(z=+3.1),,
train/Malignant/ISPY2-865416/p-052,hf_energy_frac(z=+3.1),,
train/Malignant/ISPY2-598798/p-090,sharpness_lapvar(z=+3.1),,
train/Malignant/ISPY2-960490/p-083,entropy(z=-3.1),,
train/Malignant/ISPY2-851488/p-060,dynamic_range(z=-3.1),,
train/Malignant/ISPY2-284355/p-052,dynamic_range(z=-3.1),,
train/Malignant/ACRIN-6698-188700/p-046,dynamic_range(z=-3.1),,
train/Malignant/ISPY2-112606/p-066,dynamic_range(z=-3.1),,
train/Malignant/ISPY2-117707/p-020,dynamic_range(z=-3.1),,
train/Malignant/ISPY2-728714/p-062,entropy(z=-3.1),,
train/Malignant/ISPY2-531672/p-103,noise_sigma(z=+3.1),,
train/Malignant/ACRIN-6698-700549/p-056,brightness(z=-3.1),,
train/Malignant/ACRIN-6698-571995/p-051,snr(z=+3.1),,
train/Malignant/ISPY2-579881/p-033,hf_energy_frac(z=+3.1),,
train/Malignant/ACRIN-6698-148357/p-064,aspect_ratio(z=+3.1),,
train/Malignant/ISPY2-573586/p-016,aspect_ratio(z=+3.1),,
train/Malignant/ISPY2-349639/p-106,sharpness_lapvar(z=+3.1),,
train/Malignant/ISPY2-248255/p-069,entropy(z=-3.1),,
train/Malignant/ACRIN-6698-263143/p-018,snr(z=+3.1),,
train/Malignant/ISPY2-836983/p-049,sharpness_lapvar(z=+3.1),,
val/Malignant/ACRIN-6698-928815/p-060,snr(z=+3.1),,
train/Malignant/ISPY2-994987/p-037,snr(z=+3.1),,
train/Malignant/ISPY2-151980/p-061,"sharpness_lapvar(z=+3.0),hf_energy_frac(z=+3.1)",,
train/Malignant/ISPY2-640463/p-078,sharpness_lapvar(z=+3.1),,
train/Malignant/ACRIN-6698-188700/p-048,dynamic_range(z=-3.1),,
train/Malignant/ACRIN-6698-188700/p-044,dynamic_range(z=-3.1),,
train/Malignant/ISPY2-436371/p-035,dynamic_range(z=-3.1),,
train/Malignant/ACRIN-6698-584561/p-122,dynamic_range(z=-3.1),,
train/Malignant/ISPY2-202956/p-026,dynamic_range(z=-3.1),,
train/Malignant/ACRIN-6698-580541/p-025,aspect_ratio(z=+3.1),,
train/Malignant/ACRIN-6698-520471/p-070,sharpness_lapvar(z=+3.1),,
train/Malignant/ISPY2-640463/p-094,sharpness_lapvar(z=+3.1),,
train/Malignant/ISPY2-466267/p-037,"sharpness_lapvar(z=+3.1),noise_sigma(z=+3.0)",,
train/Malignant/ISPY2-916586/p-042,hf_energy_frac(z=+3.1),,
train/Malignant/ACRIN-6698-213913/p-084,entropy(z=-3.1),,
train/Malignant/ISPY2-350331/p-053,entropy(z=-3.1),,
train/Malignant/ACRIN-6698-275626/p-059,aspect_ratio(z=+3.1),,
train/Malignant/ISPY2-573881/p-109,sharpness_lapvar(z=+3.1),,
train/Malignant/ISPY2-598798/p-044,sharpness_lapvar(z=+3.1),,
train/Malignant/ISPY2-676630/p-090,entropy(z=-3.1),,
train/Malignant/ACRIN-6698-943633/p-056,dynamic_range(z=-3.1),,
train/Malignant/ACRIN-6698-711476/p-049,dynamic_range(z=-3.1),,
train/Malignant/ISPY2-726381/p-042,hf_energy_frac(z=+3.1),,
train/Malignant/ISPY2-627118/p-033,height(z=+3.1),,
train/Malignant/ISPY2-627118/p-032,height(z=+3.1),,
train/Malignant/ISPY2-627118/p-031,height(z=+3.1),,
train/Malignant/ISPY2-262131/p-019,width(z=+3.1),,
train/Malignant/ISPY2-262131/p-020,width(z=+3.1),,
train/Malignant/ISPY2-357017/p-079,width(z=+3.1),,
train/Malignant/ISPY2-262131/p-021,width(z=+3.1),,
train/Malignant/ACRIN-6698-299962/p-027,width(z=+3.1),,
train/Malignant/ISPY2-262131/p-120,"aspect_ratio(z=+3.0),width(z=+3.1)",,
train/Malignant/ISPY2-262131/p-084,width(z=+3.1),,
train/Malignant/ISPY2-262131/p-085,width(z=+3.1),,
train/Malignant/ISPY2-262131/p-119,width(z=+3.1),,
train/Malignant/ISPY2-262131/p-114,width(z=+3.1),,
train/Malignant/ISPY2-262131/p-118,width(z=+3.1),,
train/Malignant/ISPY2-357017/p-053,width(z=+3.1),,
train/Malignant/ACRIN-6698-263143/p-035,snr(z=+3.1),,
train/Malignant/ISPY2-151980/p-086,sharpness_lapvar(z=+3.1),,
train/Malignant/ACRIN-6698-775346/p-022,snr(z=+3.1),,
train/Malignant/ISPY2-769972/p-031,snr(z=+3.1),,
val/Malignant/ISPY2-160120/p-066,hf_energy_frac(z=+3.1),,
train/Malignant/ACRIN-6698-342959/p-096,sharpness_lapvar(z=+3.1),,
train/Malignant/ISPY2-243836/p-013,snr(z=+3.1),,
train/Malignant/ISPY2-541165/p-037,hf_energy_frac(z=+3.1),,
train/Malignant/ISPY2-904269/p-047,snr(z=+3.1),,
train/Malignant/ISPY2-959366/p-119,noise_sigma(z=+3.1),,
train/Malignant/ISPY2-117707/p-027,dynamic_range(z=-3.1),,
train/Malignant/ISPY2-198891/p-039,dynamic_range(z=-3.1),,
train/Malignant/ISPY2-286984/p-031,dynamic_range(z=-3.1),,
train/Malignant/ISPY2-726091/p-021,dynamic_range(z=-3.1),,
train/Malignant/ACRIN-6698-328160/p-042,aspect_ratio(z=+3.1),,
train/Malignant/ISPY2-515565/p-093,sharpness_lapvar(z=+3.1),,
train/Malignant/ISPY2-598798/p-089,sharpness_lapvar(z=+3.1),,
train/Malignant/ACRIN-6698-263143/p-020,snr(z=+3.1),,
train/Malignant/ISPY2-590299/p-056,entropy(z=-3.1),,
val/Malignant/ISPY2-123660/p-072,hf_energy_frac(z=+3.1),,
train/Malignant/ISPY2-155171/p-105,aspect_ratio(z=+3.1),,
train/Malignant/ISPY2-898618/p-056,contrast(z=-3.1),,
train/Malignant/ISPY2-930903/p-075,entropy(z=-3.1),,
train/Malignant/ISPY2-791944/p-102,sharpness_lapvar(z=+3.1),,
train/Malignant/ISPY2-802105/p-055,aspect_ratio(z=+3.1),,
train/Malignant/ISPY2-802105/p-056,aspect_ratio(z=+3.1),,
train/Malignant/ISPY2-591180/p-059,hf_energy_frac(z=+3.1),,
train/Malignant/ISPY2-112606/p-082,dynamic_range(z=-3.1),,
train/Malignant/ISPY2-999264/p-016,dynamic_range(z=-3.1),,
train/Malignant/ACRIN-6698-929980/p-034,dynamic_range(z=-3.1),,
train/Malignant/ISPY2-676365/p-089,dynamic_range(z=-3.1),,
train/Malignant/ISPY2-363669/p-049,dynamic_range(z=-3.1),,
train/Malignant/ISPY2-341238/p-047,dynamic_range(z=-3.1),,
train/Malignant/ISPY2-676365/p-090,dynamic_range(z=-3.1),,
train/Malignant/ISPY2-198891/p-035,dynamic_range(z=-3.1),,
train/Malignant/ISPY2-426106/p-103,hf_energy_frac(z=+3.1),,
train/Malignant/ISPY2-422450/p-092,sharpness_lapvar(z=+3.1),,
train/Malignant/ISPY2-632408/p-069,snr(z=+3.1),,
val/Malignant/ISPY2-318293/p-043,sharpness_lapvar(z=+3.1),,
val/Malignant/ACRIN-6698-220471/p-068,sharpness_lapvar(z=+3.1),,
train/Malignant/ISPY2-342996/p-054,aspect_ratio(z=+3.1),,
train/Malignant/ISPY2-112606/p-106,aspect_ratio(z=+3.1),,
train/Malignant/ISPY2-532183/p-107,aspect_ratio(z=+3.1),,
train/Malignant/ACRIN-6698-571995/p-055,snr(z=+3.1),,
train/Malignant/ISPY2-832056/p-073,hf_energy_frac(z=+3.1),,
train/Malignant/ACRIN-6698-384830/p-035,dynamic_range(z=-3.1),,
train/Malignant/ACRIN-6698-783764/p-039,dynamic_range(z=-3.1),,
train/Malignant/ISPY2-571276/p-023,dynamic_range(z=-3.1),,
train/Malignant/ISPY2-439489/p-017,dynamic_range(z=-3.1),,
train/Malignant/ISPY2-851223/p-047,snr(z=+3.1),,
train/Malignant/ISPY2-676630/p-078,entropy(z=-3.1),,
train/Malignant/ISPY2-245655/p-057,noise_sigma(z=+3.1),,
train/Malignant/ISPY2-865416/p-051,hf_energy_frac(z=+3.1),,
train/Malignant/ISPY2-746265/p-070,aspect_ratio(z=+3.1),,
val/Malignant/ACRIN-6698-928815/p-062,snr(z=+3.1),,
train/Malignant/ACRIN-6698-343898/p-065,snr(z=+3.1),,
train/Malignant/ISPY2-350331/p-062,entropy(z=-3.1),,
train/Malignant/ISPY2-959366/p-111,noise_sigma(z=+3.1),,
train/Malignant/ISPY2-896621/p-044,hf_energy_frac(z=+3.1),,
train/Malignant/ACRIN-6698-900959/p-076,entropy(z=-3.1),,
train/Malignant/ISPY2-940186/p-027,snr(z=+3.1),,
train/Malignant/ISPY2-363669/p-048,dynamic_range(z=-3.1),,
train/Malignant/ISPY2-411008/p-082,dynamic_range(z=-3.1),,
train/Malignant/ACRIN-6698-783764/p-033,dynamic_range(z=-3.1),,
val/Malignant/ISPY2-819622/p-021,dynamic_range(z=-3.1),,
train/Malignant/ACRIN-6698-165925/p-024,dynamic_range(z=-3.1),,
train/Malignant/ACRIN-6698-698094/p-036,aspect_ratio(z=+3.1),,
train/Malignant/ACRIN-6698-775346/p-034,snr(z=+3.1),,
val/Malignant/ISPY2-930853/p-038,snr(z=+3.1),,
train/Malignant/ISPY2-573881/p-060,sharpness_lapvar(z=+3.1),,
train/Malignant/ISPY2-567907/p-060,entropy(z=-3.1),,
train/Malignant/ISPY2-573881/p-098,sharpness_lapvar(z=+3.1),,
train/Malignant/ISPY2-618240/p-090,aspect_ratio(z=+3.1),,
train/Malignant/ISPY2-527581/p-104,noise_sigma(z=+3.1),,
train/Malignant/ACRIN-6698-343898/p-060,snr(z=+3.1),,
val/Malignant/ACRIN-6698-728182/p-072,height(z=+3.1),,
val/Malignant/ISPY2-157463/p-062,snr(z=+3.1),,
train/Malignant/ISPY2-303947/p-113,"sharpness_lapvar(z=+3.1),noise_sigma(z=+3.0)",,
train/Malignant/ISPY2-960490/p-067,entropy(z=-3.1),,
train/Malignant/ISPY2-357017/p-061,width(z=+3.1),,
train/Malignant/ISPY2-559021/p-030,width(z=+3.1),,
train/Malignant/ISPY2-357017/p-100,width(z=+3.1),,
train/Malignant/ACRIN-6698-299962/p-047,width(z=+3.1),,
train/Malignant/ISPY2-357017/p-104,width(z=+3.1),,
train/Malignant/ISPY2-262131/p-107,width(z=+3.1),,
train/Malignant/ISPY2-357017/p-052,width(z=+3.1),,
train/Malignant/ISPY2-559021/p-027,width(z=+3.1),,
train/Malignant/ISPY2-262131/p-115,width(z=+3.1),,
train/Malignant/ISPY2-201873/p-033,width(z=+3.1),,
train/Malignant/ACRIN-6698-299962/p-026,width(z=+3.1),,
train/Malignant/ISPY2-201873/p-032,width(z=+3.1),,
train/Malignant/ISPY2-559021/p-001,width(z=+3.1),,
train/Malignant/ISPY2-650589/p-088,hf_energy_frac(z=+3.1),,
train/Malignant/ISPY2-872188/p-020,aspect_ratio(z=+3.1),,
train/Malignant/ISPY2-729270/p-071,sharpness_lapvar(z=+3.1),,
train/Malignant/ISPY2-783771/p-014,snr(z=+3.1),,
train/Malignant/ISPY2-840501/p-066,noise_sigma(z=+3.1),,
train/Malignant/ACRIN-6698-793155/p-093,"sharpness_lapvar(z=+3.0),noise_sigma(z=+3.1)",,
train/Malignant/ISPY2-803514/p-095,hf_energy_frac(z=+3.1),,
train/Malignant/ACRIN-6698-913527/p-041,entropy(z=-3.1),,
train/Malignant/ISPY2-703401/p-049,dynamic_range(z=-3.1),,
train/Malignant/ISPY2-329941/p-052,dynamic_range(z=-3.1),,
train/Malignant/ACRIN-6698-384830/p-048,dynamic_range(z=-3.1),,
train/Malignant/ISPY2-349639/p-098,sharpness_lapvar(z=+3.1),,
train/Malignant/ISPY2-349639/p-073,sharpness_lapvar(z=+3.1),,
train/Malignant/ACRIN-6698-342959/p-097,sharpness_lapvar(z=+3.1),,
train/Malignant/ACRIN-6698-343898/p-051,snr(z=+3.1),,
train/Malignant/ISPY2-632408/p-056,snr(z=+3.1),,
train/Malignant/ACRIN-6698-863161/p-066,sharpness_lapvar(z=+3.1),,
train/Malignant/ISPY2-960490/p-068,entropy(z=-3.1),,
train/Malignant/ISPY2-436371/p-044,snr(z=+3.1),,
train/Malignant/ISPY2-769972/p-026,snr(z=+3.1),,
train/Malignant/ISPY2-349639/p-101,sharpness_lapvar(z=+3.1),,
train/Malignant/ACRIN-6698-973837/p-099,aspect_ratio(z=+3.1),,
train/Malignant/ISPY2-229824/p-026,hf_energy_frac(z=+3.1),,
train/Malignant/ISPY2-953262/p-072,"sharpness_lapvar(z=+3.0),hf_energy_frac(z=+3.1)",,
train/Malignant/ISPY2-930903/p-078,entropy(z=-3.1),,
train/Malignant/ISPY2-640463/p-075,sharpness_lapvar(z=+3.1),,
train/Malignant/ISPY2-559021/p-130,aspect_ratio(z=+3.1),,
train/Malignant/ISPY2-473505/p-052,dynamic_range(z=-3.1),,
train/Malignant/ISPY2-609642/p-049,dynamic_range(z=-3.1),,
train/Malignant/ISPY2-350331/p-035,entropy(z=-3.1),,
train/Malignant/ACRIN-6698-571995/p-064,snr(z=+3.1),,
train/Malignant/ISPY2-485637/p-126,hf_energy_frac(z=+3.1),,
train/Malignant/ACRIN-6698-641246/p-067,sharpness_lapvar(z=+3.1),,
train/Malignant/ISPY2-573881/p-102,sharpness_lapvar(z=+3.1),,
train/Malignant/ISPY2-640463/p-047,noise_sigma(z=+3.1),,
train/Malignant/ISPY2-759015/p-026,snr(z=+3.1),,
train/Malignant/ISPY2-802105/p-059,aspect_ratio(z=+3.1),,
train/Malignant/ISPY2-151980/p-063,sharpness_lapvar(z=+3.1),,
train/Malignant/ACRIN-6698-343898/p-068,snr(z=+3.1),,
train/Malignant/ACRIN-6698-973837/p-075,aspect_ratio(z=+3.1),,
train/Malignant/ISPY2-535569/p-032,dynamic_range(z=-3.1),,
train/Malignant/ISPY2-363669/p-047,dynamic_range(z=-3.1),,
train/Malignant/ISPY2-117707/p-028,dynamic_range(z=-3.1),,
train/Malignant/ISPY2-115638/p-048,dynamic_range(z=-3.1),,
train/Malignant/ISPY2-664658/p-103,dynamic_range(z=-3.1),,
train/Malignant/ISPY2-650589/p-059,sharpness_lapvar(z=+3.1),,
train/Malignant/ISPY2-640463/p-057,noise_sigma(z=+3.1),,
train/Malignant/ISPY2-485637/p-140,hf_energy_frac(z=+3.1),,
train/Malignant/ACRIN-6698-629606/p-087,sharpness_lapvar(z=+3.1),,
train/Malignant/ISPY2-451482/p-089,entropy(z=-3.1),,
train/Malignant/ACRIN-6698-102212/p-021,snr(z=+3.1),,
train/Malignant/ACRIN-6698-531988/p-016,snr(z=+3.1),,
train/Malignant/ISPY2-229824/p-041,sharpness_lapvar(z=+3.1),,
train/Malignant/ISPY2-466267/p-028,entropy(z=-3.1),,
train/Malignant/ACRIN-6698-179369/p-026,aspect_ratio(z=+3.1),,
train/Malignant/ISPY2-133650/p-012,aspect_ratio(z=+3.1),,
train/Malignant/ACRIN-6698-663144/p-039,aspect_ratio(z=+3.1),,
train/Malignant/ACRIN-6698-783764/p-025,aspect_ratio(z=+3.1),,
train/Malignant/ISPY2-640463/p-056,"sharpness_lapvar(z=+3.0),noise_sigma(z=+3.1)",,
train/Malignant/ACRIN-6698-700549/p-057,brightness(z=-3.1),,
train/Malignant/ISPY2-515141/p-061,entropy(z=-3.1),,
val/Malignant/ACRIN-6698-928815/p-061,snr(z=+3.1),,
train/Malignant/ISPY2-632408/p-049,snr(z=+3.1),,
train/Malignant/ISPY2-572444/p-042,hf_energy_frac(z=+3.1),,
train/Malignant/ISPY2-676365/p-094,dynamic_range(z=-3.1),,
train/Malignant/ISPY2-413961/p-024,dynamic_range(z=-3.1),,
train/Malignant/ISPY2-756412/p-043,dynamic_range(z=-3.1),,
train/Malignant/ISPY2-847753/p-039,dynamic_range(z=-3.1),,
val/Malignant/ISPY2-123660/p-091,noise_sigma(z=+3.1),,
val/Malignant/ACRIN-6698-728182/p-056,height(z=+3.1),,
val/Malignant/ISPY2-157463/p-065,snr(z=+3.1),,
train/Malignant/ACRIN-6698-263143/p-022,snr(z=+3.1),,
train/Malignant/ISPY2-932200/p-042,snr(z=+3.1),,
train/Malignant/ISPY2-211408/p-092,"hf_energy_frac(z=+3.1),aspect_ratio(z=+3.1)",,
train/Malignant/ACRIN-6698-263143/p-030,snr(z=+3.1),,
train/Malignant/ACRIN-6698-571995/p-057,snr(z=+3.1),,
train/Malignant/ISPY2-572444/p-080,hf_energy_frac(z=+3.1),,
train/Malignant/ISPY2-832056/p-110,hf_energy_frac(z=+3.1),,
train/Malignant/ACRIN-6698-894673/p-106,sharpness_lapvar(z=+3.1),,
train/Malignant/ISPY2-423619/p-045,entropy(z=-3.1),,
val/Malignant/ISPY2-353318/p-032,snr(z=+3.1),,
train/Malignant/ISPY2-756412/p-035,snr(z=+3.1),,
train/Malignant/ISPY2-953262/p-091,sharpness_lapvar(z=+3.1),,
train/Malignant/ISPY2-349639/p-102,sharpness_lapvar(z=+3.1),,
train/Malignant/ISPY2-559021/p-107,width(z=+3.1),,
train/Malignant/ISPY2-357017/p-060,width(z=+3.1),,
train/Malignant/ISPY2-201873/p-031,width(z=+3.1),,
train/Malignant/ISPY2-559021/p-108,width(z=+3.1),,
train/Malignant/ISPY2-262131/p-087,width(z=+3.1),,
train/Malignant/ISPY2-640463/p-052,sharpness_lapvar(z=+3.1),,
train/Malignant/ACRIN-6698-188700/p-029,dynamic_range(z=-3.1),,
train/Malignant/ACRIN-6698-383456/p-043,dynamic_range(z=-3.1),,
train/Malignant/ISPY2-787415/p-102,dynamic_range(z=-3.1),,
train/Malignant/ISPY2-664658/p-102,dynamic_range(z=-3.1),,
train/Malignant/ISPY2-845079/p-055,dynamic_range(z=-3.1),,
train/Malignant/ISPY2-802105/p-054,aspect_ratio(z=+3.1),,
train/Malignant/ISPY2-769972/p-023,snr(z=+3.1),,
train/Malignant/ACRIN-6698-753109/p-073,entropy(z=-3.1),,
train/Malignant/ISPY2-489973/p-030,brightness(z=-3.1),,
train/Malignant/ISPY2-422450/p-075,sharpness_lapvar(z=+3.1),,
train/Malignant/ISPY2-311455/p-028,entropy(z=-3.1),,
train/Malignant/ISPY2-539291/p-056,aspect_ratio(z=+3.1),,
train/Malignant/ISPY2-356684/p-063,entropy(z=-3.1),,
val/Malignant/ACRIN-6698-220471/p-081,sharpness_lapvar(z=+3.1),,
val/Malignant/ISPY2-157463/p-046,snr(z=+3.1),,
train/Malignant/ISPY2-188511/p-075,noise_sigma(z=+3.1),,
train/Malignant/ISPY2-832056/p-066,hf_energy_frac(z=+3.1),,
train/Malignant/ISPY2-112606/p-087,dynamic_range(z=-3.1),,
train/Malignant/ACRIN-6698-711476/p-047,dynamic_range(z=-3.1),,
train/Malignant/ISPY2-102011/p-039,dynamic_range(z=-3.1),,
val/Malignant/ACRIN-6698-695521/p-043,dynamic_range(z=-3.1),,
train/Malignant/ISPY2-726091/p-033,dynamic_range(z=-3.1),,
train/Malignant/ACRIN-6698-584561/p-071,dynamic_range(z=-3.1),,
train/Malignant/ISPY2-116165/p-046,dynamic_range(z=-3.1),,
train/Malignant/ISPY2-676630/p-089,entropy(z=-3.1),,
train/Malignant/ACRIN-6698-401215/p-014,aspect_ratio(z=+3.1),,
train/Malignant/ISPY2-388581/p-105,aspect_ratio(z=+3.1),,
train/Malignant/ACRIN-6698-240957/p-052,aspect_ratio(z=+3.1),,
train/Malignant/ISPY2-294265/p-042,aspect_ratio(z=+3.1),,
train/Malignant/ISPY2-729270/p-043,sharpness_lapvar(z=+3.1),,
train/Malignant/ISPY2-405717/p-060,entropy(z=-3.1),,
train/Malignant/ACRIN-6698-263143/p-023,snr(z=+3.1),,
train/Malignant/ISPY2-151230/p-067,aspect_ratio(z=+3.1),,
train/Malignant/ISPY2-885590/p-091,noise_sigma(z=+3.1),,
train/Malignant/ISPY2-303947/p-112,noise_sigma(z=+3.1),,
train/Malignant/ISPY2-596458/p-062,sharpness_lapvar(z=+3.1),,
train/Malignant/ISPY2-960490/p-076,entropy(z=-3.1),,
val/Malignant/ACRIN-6698-220471/p-082,sharpness_lapvar(z=+3.1),,
train/Malignant/ISPY2-120422/p-077,hf_energy_frac(z=+3.1),,
train/Malignant/ISPY2-211408/p-096,hf_energy_frac(z=+3.1),,
train/Malignant/ISPY2-212307/p-054,sharpness_lapvar(z=+3.1),,
train/Malignant/ISPY2-847753/p-035,dynamic_range(z=-3.1),,
train/Malignant/ISPY2-974618/p-034,dynamic_range(z=-3.1),,
train/Malignant/ISPY2-196024/p-021,dynamic_range(z=-3.1),,
train/Malignant/ISPY2-831702/p-036,dynamic_range(z=-3.1),,
train/Malignant/ISPY2-100899/p-044,aspect_ratio(z=+3.1),,
train/Malignant/ISPY2-451482/p-108,noise_sigma(z=+3.1),,
train/Malignant/ACRIN-6698-520471/p-083,sharpness_lapvar(z=+3.1),,
train/Malignant/ISPY2-729270/p-072,sharpness_lapvar(z=+3.1),,
train/Malignant/ISPY2-607047/p-074,noise_sigma(z=+3.1),,
train/Malignant/ISPY2-151980/p-062,sharpness_lapvar(z=+3.1),,
val/Malignant/ISPY2-318293/p-051,"sharpness_lapvar(z=+3.1),noise_sigma(z=+3.0)",,
train/Malignant/ISPY2-212307/p-064,"sharpness_lapvar(z=+3.0),noise_sigma(z=+3.1)",,
train/Malignant/ISPY2-632408/p-052,snr(z=+3.1),,
train/Malignant/ISPY2-563856/p-031,entropy(z=-3.1),,
train/Malignant/ISPY2-559021/p-129,aspect_ratio(z=+3.1),,
train/Malignant/ISPY2-851223/p-044,snr(z=+3.1),,
train/Malignant/ACRIN-6698-520471/p-100,sharpness_lapvar(z=+3.1),,
train/Malignant/ISPY2-644186/p-041,dynamic_range(z=-3.1),,
train/Malignant/ISPY2-413961/p-021,dynamic_range(z=-3.1),,
train/Malignant/ISPY2-341238/p-045,dynamic_range(z=-3.1),,
train/Malignant/ISPY2-782334/p-114,dynamic_range(z=-3.1),,
train/Malignant/ISPY2-500826/p-028,dynamic_range(z=-3.1),,
train/Malignant/ACRIN-6698-383456/p-048,dynamic_range(z=-3.1),,
train/Malignant/ISPY2-122795/p-037,entropy(z=-3.1),,
train/Malignant/ISPY2-573881/p-101,sharpness_lapvar(z=+3.1),,
train/Malignant/ACRIN-6698-263143/p-021,snr(z=+3.1),,
train/Malignant/ISPY2-527320/p-114,aspect_ratio(z=+3.1),,
train/Malignant/ACRIN-6698-343898/p-058,snr(z=+3.1),,
train/Malignant/ISPY2-940186/p-025,snr(z=+3.1),,
train/Malignant/ISPY2-212307/p-057,noise_sigma(z=+3.1),,
val/Malignant/ACRIN-6698-728182/p-055,height(z=+3.1),,
val/Malignant/ACRIN-6698-728182/p-057,height(z=+3.1),,
train/Malignant/ISPY2-697098/p-035,height(z=+3.1),,
val/Malignant/ACRIN-6698-728182/p-054,height(z=+3.1),,
val/Malignant/ACRIN-6698-728182/p-071,height(z=+3.1),,
train/Malignant/ISPY2-697098/p-034,height(z=+3.1),,
train/Malignant/ISPY2-180027/p-051,aspect_ratio(z=+3.1),,
train/Malignant/ISPY2-180027/p-050,aspect_ratio(z=+3.1),,
train/Malignant/ISPY2-284355/p-053,dynamic_range(z=-3.1),,
train/Malignant/ISPY2-614044/p-023,dynamic_range(z=-3.1),,
train/Malignant/ISPY2-614434/p-019,dynamic_range(z=-3.1),,
train/Malignant/ISPY2-851223/p-042,snr(z=+3.1),,
train/Malignant/ISPY2-520986/p-074,entropy(z=-3.0),,
train/Malignant/ISPY2-180663/p-038,entropy(z=-3.0),,
train/Malignant/ACRIN-6698-326433/p-079,sharpness_lapvar(z=+3.0),,
train/Malignant/ISPY2-590220/p-044,sharpness_lapvar(z=+3.0),,
val/Malignant/ISPY2-318293/p-040,sharpness_lapvar(z=+3.0),,
train/Malignant/ISPY2-573881/p-085,sharpness_lapvar(z=+3.0),,
train/Malignant/ISPY2-342996/p-053,aspect_ratio(z=+3.0),,
train/Malignant/ISPY2-212307/p-058,sharpness_lapvar(z=+3.0),,
train/Malignant/ISPY2-601489/p-017,width(z=+3.0),,
train/Malignant/ACRIN-6698-299962/p-025,width(z=+3.0),,
train/Malignant/ISPY2-262131/p-088,width(z=+3.0),,
train/Malignant/ISPY2-357017/p-059,width(z=+3.0),,
train/Malignant/ISPY2-262131/p-086,width(z=+3.0),,
train/Malignant/ISPY2-201873/p-027,width(z=+3.0),,
train/Malignant/ISPY2-201873/p-030,width(z=+3.0),,
train/Malignant/ISPY2-601489/p-019,width(z=+3.0),,
train/Malignant/ISPY2-540539/p-066,"noise_sigma(z=+3.0),hf_energy_frac(z=+3.0)",,
train/Malignant/ACRIN-6698-712785/p-039,dynamic_range(z=-3.0),,
train/Malignant/ACRIN-6698-384830/p-043,dynamic_range(z=-3.0),,
train/Malignant/ACRIN-6698-929391/p-026,dynamic_range(z=-3.0),,
train/Malignant/ACRIN-6698-924071/p-022,dynamic_range(z=-3.0),,
val/Malignant/ISPY2-279902/p-045,dynamic_range(z=-3.0),,
val/Malignant/ISPY2-345483/p-084,dynamic_range(z=-3.0),,
train/Malignant/ACRIN-6698-218503/p-027,dynamic_range(z=-3.0),,
train/Malignant/ISPY2-136536/p-022,sharpness_lapvar(z=+3.0),,
train/Malignant/ISPY2-650589/p-060,sharpness_lapvar(z=+3.0),,
train/Malignant/ISPY2-540539/p-115,hf_energy_frac(z=+3.0),,
train/Malignant/ISPY2-188511/p-053,noise_sigma(z=+3.0),,
train/Malignant/ISPY2-552313/p-067,hf_energy_frac(z=+3.0),,
train/Malignant/ISPY2-115638/p-119,aspect_ratio(z=+3.0),,
train/Malignant/ISPY2-598798/p-060,sharpness_lapvar(z=+3.0),,
train/Malignant/ISPY2-640463/p-083,sharpness_lapvar(z=+3.0),,
train/Malignant/ISPY2-613961/p-028,dynamic_range(z=-3.0),,
train/Malignant/ISPY2-756412/p-012,dynamic_range(z=-3.0),,
train/Malignant/ISPY2-596079/p-030,sharpness_lapvar(z=+3.0),,
train/Malignant/ISPY2-520986/p-052,entropy(z=-3.0),,
train/Malignant/ACRIN-6698-343898/p-056,snr(z=+3.0),,
train/Malignant/ACRIN-6698-296123/p-075,entropy(z=-3.0),,
train/Malignant/ISPY2-349639/p-096,sharpness_lapvar(z=+3.0),,
train/Malignant/ISPY2-212307/p-113,hf_energy_frac(z=+3.0),,
train/Malignant/ISPY2-955953/p-058,hf_energy_frac(z=+3.0),,
train/Malignant/ISPY2-151980/p-064,sharpness_lapvar(z=+3.0),,
train/Malignant/ISPY2-421829/p-096,hf_energy_frac(z=+3.0),,
train/Malignant/ISPY2-960490/p-077,entropy(z=-3.0),,
train/Malignant/ISPY2-188511/p-076,noise_sigma(z=+3.0),,
train/Malignant/ACRIN-6698-306401/p-037,dynamic_range(z=-3.0),,
train/Malignant/ISPY2-442669/p-021,dynamic_range(z=-3.0),,
train/Malignant/ACRIN-6698-580541/p-027,dynamic_range(z=-3.0),,
train/Malignant/ACRIN-6698-107700/p-045,dynamic_range(z=-3.0),,
train/Malignant/ISPY2-493472/p-026,entropy(z=-3.0),,
train/Malignant/ISPY2-127791/p-047,aspect_ratio(z=+3.0),,
train/Malignant/ISPY2-182346/p-106,aspect_ratio(z=+3.0),,
train/Malignant/ISPY2-136536/p-021,sharpness_lapvar(z=+3.0),,
train/Malignant/ISPY2-494022/p-022,contrast(z=+3.0),,
train/Malignant/ISPY2-303947/p-106,sharpness_lapvar(z=+3.0),,
train/Malignant/ISPY2-759418/p-020,contrast(z=-3.0),,
train/Malignant/ACRIN-6698-342959/p-093,sharpness_lapvar(z=+3.0),,
train/Malignant/ACRIN-6698-755914/p-093,snr(z=+3.0),,
train/Malignant/ACRIN-6698-343898/p-064,snr(z=+3.0),,
train/Malignant/ACRIN-6698-775346/p-033,snr(z=+3.0),,
train/Malignant/ACRIN-6698-629606/p-086,sharpness_lapvar(z=+3.0),,
train/Malignant/ISPY2-640463/p-064,noise_sigma(z=+3.0),,
train/Malignant/ISPY2-169536/p-026,sharpness_lapvar(z=+3.0),,
train/Malignant/ISPY2-787415/p-092,dynamic_range(z=-3.0),,
train/Malignant/ISPY2-613961/p-027,dynamic_range(z=-3.0),,
train/Malignant/ACRIN-6698-688955/p-031,dynamic_range(z=-3.0),,
train/Malignant/ACRIN-6698-188700/p-032,dynamic_range(z=-3.0),,
train/Malignant/ISPY2-676365/p-115,dynamic_range(z=-3.0),,
train/Malignant/ISPY2-510543/p-033,entropy(z=-3.0),,
train/Malignant/ISPY2-953262/p-094,sharpness_lapvar(z=+3.0),,
train/Malignant/ACRIN-6698-343898/p-059,snr(z=+3.0),,
val/Malignant/ISPY2-157463/p-059,snr(z=+3.0),,
train/Malignant/ISPY2-621179/p-064,hf_energy_frac(z=+3.0),,
train/Malignant/ISPY2-905264/p-043,entropy(z=-3.0),,
train/Malignant/ISPY2-563856/p-039,entropy(z=-3.0),,
val/Malignant/ACRIN-6698-728182/p-052,height(z=+3.0),,
train/Malignant/ISPY2-697098/p-043,height(z=+3.0),,
train/Malignant/ISPY2-201873/p-117,aspect_ratio(z=+3.0),,
train/Malignant/ISPY2-483910/p-046,sharpness_lapvar(z=+3.0),,
train/Malignant/ISPY2-598798/p-096,sharpness_lapvar(z=+3.0),,
train/Malignant/ISPY2-166782/p-026,hf_energy_frac(z=+3.0),,
train/Malignant/ISPY2-350331/p-060,entropy(z=-3.0),,
train/Malignant/ISPY2-117707/p-029,dynamic_range(z=-3.0),,
train/Malignant/ACRIN-6698-584561/p-069,dynamic_range(z=-3.0),,
val/Malignant/ISPY2-712276/p-042,dynamic_range(z=-3.0),,
train/Malignant/ACRIN-6698-962153/p-092,aspect_ratio(z=+3.0),,
train/Malignant/ISPY2-607047/p-034,hf_energy_frac(z=+3.0),,
train/Malignant/ISPY2-493519/p-053,hf_energy_frac(z=+3.0),,
train/Malignant/ISPY2-255078/p-065,noise_sigma(z=+3.0),,
val/Malignant/ISPY2-123660/p-039,hf_energy_frac(z=+3.0),,
train/Malignant/ISPY2-218249/p-067,sharpness_lapvar(z=+3.0),,
train/Malignant/ISPY2-345460/p-082,aspect_ratio(z=+3.0),,
train/Malignant/ISPY2-601489/p-124,width(z=+3.0),,
train/Malignant/ISPY2-357017/p-105,width(z=+3.0),,
train/Malignant/ISPY2-201873/p-077,width(z=+3.0),,
train/Malignant/ISPY2-601489/p-016,width(z=+3.0),,
train/Malignant/ISPY2-559021/p-036,width(z=+3.0),,
train/Malignant/ACRIN-6698-299962/p-050,width(z=+3.0),,
train/Malignant/ISPY2-559021/p-028,width(z=+3.0),,
train/Malignant/ISPY2-559021/p-109,width(z=+3.0),,
train/Malignant/ISPY2-601489/p-018,width(z=+3.0),,
val/Malignant/ISPY2-157463/p-064,snr(z=+3.0),,
val/Malignant/ISPY2-890414/p-061,entropy(z=-3.0),,
train/Malignant/ISPY2-824512/p-068,noise_sigma(z=+3.0),,
train/Malignant/ISPY2-613961/p-025,dynamic_range(z=-3.0),,
train/Malignant/ISPY2-117707/p-039,dynamic_range(z=-3.0),,
train/Malignant/ACRIN-6698-895653/p-040,dynamic_range(z=-3.0),,
train/Malignant/ACRIN-6698-584561/p-063,dynamic_range(z=-3.0),,
train/Malignant/ACRIN-6698-584561/p-067,dynamic_range(z=-3.0),,
train/Malignant/ISPY2-568953/p-041,dynamic_range(z=-3.0),,
train/Malignant/ISPY2-571276/p-030,dynamic_range(z=-3.0),,
train/Malignant/ACRIN-6698-929980/p-033,dynamic_range(z=-3.0),,
train/Malignant/ACRIN-6698-102212/p-020,snr(z=+3.0),,
train/Malignant/ISPY2-851223/p-051,snr(z=+3.0),,
train/Malignant/ISPY2-701790/p-053,entropy(z=-3.0),,
train/Malignant/ACRIN-6698-629606/p-085,sharpness_lapvar(z=+3.0),,
val/Malignant/ISPY2-318293/p-053,sharpness_lapvar(z=+3.0),,
train/Malignant/ISPY2-552313/p-071,noise_sigma(z=+3.0),,
train/Malignant/ISPY2-824512/p-075,hf_energy_frac(z=+3.0),,
train/Malignant/ISPY2-650589/p-069,sharpness_lapvar(z=+3.0),,
train/Malignant/ISPY2-959366/p-106,noise_sigma(z=+3.0),,
train/Malignant/ISPY2-591180/p-056,hf_energy_frac(z=+3.0),,
train/Malignant/ISPY2-640463/p-088,sharpness_lapvar(z=+3.0),,
train/Malignant/ISPY2-102011/p-041,dynamic_range(z=-3.0),,
train/Malignant/ISPY2-756412/p-037,dynamic_range(z=-3.0),,
train/Malignant/ACRIN-6698-802308/p-022,dynamic_range(z=-3.0),,
train/Malignant/ISPY2-112606/p-077,dynamic_range(z=-3.0),,
train/Malignant/ISPY2-284355/p-054,dynamic_range(z=-3.0),,
train/Malignant/ISPY2-417654/p-032,dynamic_range(z=-3.0),,
train/Malignant/ISPY2-787415/p-100,dynamic_range(z=-3.0),,
train/Malignant/ISPY2-568953/p-053,dynamic_range(z=-3.0),,
train/Malignant/ISPY2-655703/p-125,aspect_ratio(z=+3.0),,
train/Malignant/ACRIN-6698-287961/p-114,aspect_ratio(z=+3.0),,
train/Malignant/ISPY2-451482/p-095,entropy(z=-3.0),,
train/Malignant/ACRIN-6698-343898/p-063,snr(z=+3.0),,
train/Malignant/ISPY2-466267/p-023,entropy(z=-3.0),,
train/Malignant/ISPY2-940186/p-026,snr(z=+3.0),,
train/Malignant/ACRIN-6698-396723/p-023,entropy(z=-3.0),,
train/Malignant/ISPY2-640463/p-055,sharpness_lapvar(z=+3.0),,
train/Malignant/ISPY2-974181/p-096,hf_energy_frac(z=+3.0),,
train/Malignant/ISPY2-167271/p-048,dynamic_range(z=-3.0),,
train/Malignant/ISPY2-105286/p-046,hf_energy_frac(z=+3.0),,
train/Malignant/ACRIN-6698-775346/p-019,snr(z=+3.0),,
train/Malignant/ISPY2-840501/p-060,noise_sigma(z=+3.0),,
train/Malignant/ISPY2-572444/p-077,hf_energy_frac(z=+3.0),,
train/Malignant/ISPY2-905264/p-052,sharpness_lapvar(z=+3.0),,
train/Malignant/ISPY2-824512/p-078,hf_energy_frac(z=+3.0),,
train/Malignant/ISPY2-236470/p-090,hf_energy_frac(z=+3.0),,
train/Malignant/ACRIN-6698-384830/p-072,aspect_ratio(z=+3.0),,
train/Malignant/ISPY2-255078/p-025,hf_energy_frac(z=+3.0),,
train/Malignant/ISPY2-590220/p-043,sharpness_lapvar(z=+3.0),,
train/Malignant/ISPY2-802105/p-052,aspect_ratio(z=+3.0),,
train/Malignant/ACRIN-6698-343898/p-046,snr(z=+3.0),,
train/Malignant/ACRIN-6698-938719/p-016,entropy(z=-3.0),,
val/Malignant/ISPY2-917762/p-027,height(z=+3.0),,
train/Malignant/ISPY2-697098/p-033,height(z=+3.0),,
val/Malignant/ISPY2-917762/p-028,height(z=+3.0),,
train/Malignant/ISPY2-697098/p-044,height(z=+3.0),,
train/Malignant/ISPY2-697098/p-042,height(z=+3.0),,
train/Malignant/ISPY2-974181/p-097,hf_energy_frac(z=+3.0),,
train/Malignant/ISPY2-341238/p-049,dynamic_range(z=-3.0),,
train/Malignant/ACRIN-6698-343898/p-045,snr(z=+3.0),,
train/Malignant/ISPY2-422450/p-093,sharpness_lapvar(z=+3.0),,
train/Malignant/ACRIN-6698-793155/p-092,sharpness_lapvar(z=+3.0),,
train/Malignant/ISPY2-108939/p-075,aspect_ratio(z=+3.0),,
train/Malignant/ISPY2-640463/p-093,sharpness_lapvar(z=+3.0),,
val/Malignant/ACRIN-6698-928815/p-063,snr(z=+3.0),,
train/Malignant/ISPY2-188511/p-091,noise_sigma(z=+3.0),,
train/Malignant/ISPY2-451482/p-094,entropy(z=-3.0),,
train/Malignant/ISPY2-573881/p-097,sharpness_lapvar(z=+3.0),,
train/Malignant/ISPY2-494022/p-023,contrast(z=+3.0),,
train/Malignant/ISPY2-515105/p-100,hf_energy_frac(z=+3.0),,
train/Malignant/ISPY2-596458/p-092,isolation_forest,,
train/Malignant/ACRIN-6698-860243/p-066,isolation_forest,,
train/Malignant/ISPY2-473505/p-054,isolation_forest,,
train/Malignant/ACRIN-6698-407539/p-014,isolation_forest,,
train/Malignant/ISPY2-254273/p-064,isolation_forest,,
train/Malignant/ISPY2-414971/p-054,isolation_forest,,
val/Malignant/ISPY2-246134/p-061,isolation_forest,,
val/Malignant/ISPY2-246134/p-062,isolation_forest,,
train/Malignant/ISPY2-552313/p-059,isolation_forest,,
train/Malignant/ISPY2-228192/p-117,isolation_forest,,
train/Malignant/ACRIN-6698-641246/p-078,isolation_forest,,
train/Malignant/ISPY2-515281/p-016,isolation_forest,,
train/Malignant/ISPY2-590220/p-054,isolation_forest,,
